category_en,seller_id,reason,n
agro_industry_and_commerce,1996942dc085d7773ba77a529b163cd0,其他,1
agro_industry_and_commerce,2528744c5ef5d955adc318720a94d2e7,其他,1
agro_industry_and_commerce,2528744c5ef5d955adc318720a94d2e7,客服差,1
agro_industry_and_commerce,2528744c5ef5d955adc318720a94d2e7,物流慢,1
agro_industry_and_commerce,299c89a525fee36c567f4fe72f038100,其他,1
agro_industry_and_commerce,31ae0774c17fabd06ff707cc5bde005f,与描述不符,1
agro_industry_and_commerce,6bd69102ab48df500790a8cecfc285c2,客服差,2
agro_industry_and_commerce,6bd69102ab48df500790a8cecfc285c2,质量差,1
agro_industry_and_commerce,88ef59b51bdaa941d10a853429f2b6ce,货不对板,1
agro_industry_and_commerce,955fee9216a65b617aa5c0531780ce60,其他,2
agro_industry_and_commerce,955fee9216a65b617aa5c0531780ce60,质量差,2
agro_industry_and_commerce,cfd7ddab722b902f7ac5b5f3ba6d723d,其他,1
agro_industry_and_commerce,e59aa562b9f8076dd550fcddf0e73491,其他,4
agro_industry_and_commerce,ef506c96320abeedfb894c34db06f478,其他,1
air_conditioning,01cf7e3d21494c41fb86034f2e714fa1,其他,1
air_conditioning,1099a00e0ee3a50935e6c2447ca090c5,其他,1
air_conditioning,15aac934c58d886785ac1b17953ea898,其他,1
air_conditioning,240b9776d844d37535668549a396af32,其他,1
air_conditioning,4736e9d642ef4257cd7622516931eb51,退款/纠纷,1
air_conditioning,5151aea44289d6c6b090ee31c2132508,货不对板,3
air_conditioning,56db5c0782e8f7ddc9343f9576ff6d16,其他,1
air_conditioning,6a51fc556dab5f766ced6fbc860bc613,其他,3
air_conditioning,6a51fc556dab5f766ced6fbc860bc613,包装差,1
air_conditioning,71593c7413973a1e160057b80d4958f6,质量差,1
air_conditioning,7a241947449cc45dbfda4f9d0798d9d0,其他,1
air_conditioning,7a241947449cc45dbfda4f9d0798d9d0,货不对板,1
air_conditioning,8b321bb669392f5163d04c59e235e066,其他,1
air_conditioning,8b321bb669392f5163d04c59e235e066,客服差,1
air_conditioning,a420f60ff1aa9acc80d0e42959f2b313,物流慢,1
air_conditioning,abc015ebac1d283a323ca9db35ede4b9,货不对板,1
air_conditioning,c7dcd301ecfe5ab7f778ac172cf74be7,物流慢,1
air_conditioning,d71d863e5ef30d94e440c11be17dcd8f,其他,1
air_conditioning,d71d863e5ef30d94e440c11be17dcd8f,质量差,1
air_conditioning,d91fb3b7d041e83b64a00a3edfb37e4f,与描述不符,1
air_conditioning,d91fb3b7d041e83b64a00a3edfb37e4f,其他,3
air_conditioning,e5e33c0d8e7e002f398f5dc4cbbb338f,其他,1
air_conditioning,ed859002ad59dbf8cf3602696a6c3000,物流慢,1
air_conditioning,f3b80352b986ab4d1057a4b724be19d0,其他,1
air_conditioning,fcdd820084f17e9982427971e4e9d47f,与描述不符,1
air_conditioning,fcdd820084f17e9982427971e4e9d47f,其他,1
air_conditioning,fcdd820084f17e9982427971e4e9d47f,客服差,1
art,0bae85eb84b9fb3bd773911e89288d54,其他,1
art,2a6fbeaa7ab9e5d59a35841a8da71ce4,其他,2
art,3492e68f37fd1df87f4f2f2ea247f445,其他,1
art,403aa86912527d730337ffcb0fb096ab,其他,1
art,6614814a00d344b846ae209f95ee7e3f,其他,1
art,c31eff8334d6b3047ed34bebd4d62c36,与描述不符,2
art,c31eff8334d6b3047ed34bebd4d62c36,其他,9
art,c31eff8334d6b3047ed34bebd4d62c36,物流慢,2
art,c31eff8334d6b3047ed34bebd4d62c36,质量差,1
art,c31eff8334d6b3047ed34bebd4d62c36,退款/纠纷,1
arts_and_craftmanship,2ea0861cc19e94cad86438c984c52da4,客服差,1
arts_and_craftmanship,55f7a3319d80f7fdf078b8f03e6725fe,质量差,2
audio,05a940b4ecae36cadfd8e93bd9c43257,货不对板,1
audio,18a349e75d307f4b4cc646a691ed4216,其他,2
audio,4869f7a5dfa277a7dca6462dcf3b52b2,其他,3
audio,4869f7a5dfa277a7dca6462dcf3b52b2,物流慢,2
audio,4869f7a5dfa277a7dca6462dcf3b52b2,质量差,1
audio,4e922959ae960d389249c378d1c939f5,其他,1
audio,4e922959ae960d389249c378d1c939f5,包装差,1
audio,6560211a19b47992c3666cc44a7e94c0,其他,3
audio,6560211a19b47992c3666cc44a7e94c0,物流慢,2
audio,6560211a19b47992c3666cc44a7e94c0,质量差,2
audio,7040e82f899a04d1b434b795a43b4617,其他,9
audio,7040e82f899a04d1b434b795a43b4617,客服差,2
audio,7040e82f899a04d1b434b795a43b4617,货不对板,2
audio,7040e82f899a04d1b434b795a43b4617,质量差,4
audio,7040e82f899a04d1b434b795a43b4617,退款/纠纷,2
audio,70a12e78e608ac31179aea7f8422044b,货不对板,1
audio,7d13fca15225358621be4086e1eb0964,其他,3
audio,7d13fca15225358621be4086e1eb0964,物流慢,1
audio,7d13fca15225358621be4086e1eb0964,质量差,1
audio,7d13fca15225358621be4086e1eb0964,退款/纠纷,1
audio,b2ba3715d723d245138f291a6fe42594,其他,2
audio,b2ba3715d723d245138f291a6fe42594,客服差,1
audio,b33e7c55446eabf8fe1a42d037ac7d6d,其他,1
audio,b33e7c55446eabf8fe1a42d037ac7d6d,货不对板,1
audio,c9c7905cffc4ef9ff9f113554423e671,其他,1
audio,db4350fd57ae30082dec7acbaacc17f9,其他,1
audio,ede0c03645598cdfc63ca8237acbe73d,其他,1
auto,0417b067eeab773d2f7061a726dc477f,其他,2
auto,04aa0a1c5ce6b222003403a3e11c3cc0,其他,2
auto,05d2173d43ea568aa0540eba70d2ca76,其他,4
auto,05d2173d43ea568aa0540eba70d2ca76,货不对板,1
auto,066a6914e1ebf3ea95a216c73a986b91,其他,1
auto,080199a181c46c657dc5aa235411be3b,其他,1
auto,0be8ff43f22e456b4e0371b2245e4d01,尺寸不符,1
auto,112453736dbe3889cfb74e1aaa0ba0c1,质量差,1
auto,134285d1f41da5c13a756ee8142c8a4e,其他,1
auto,13511db12ac61e2f89c53b72a944a60b,其他,1
auto,16090f2ca825584b5a147ab24aa30c86,其他,15
auto,16090f2ca825584b5a147ab24aa30c86,包装差,2
auto,16090f2ca825584b5a147ab24aa30c86,客服差,2
auto,16090f2ca825584b5a147ab24aa30c86,物流慢,3
auto,16090f2ca825584b5a147ab24aa30c86,质量差,4
auto,16090f2ca825584b5a147ab24aa30c86,退款/纠纷,1
auto,167fd940acebc789debd6eb418c46e38,其他,1
auto,167fd940acebc789debd6eb418c46e38,客服差,1
auto,1690cada046eb7e92c12f98b1f8a8167,客服差,1
auto,18a349e75d307f4b4cc646a691ed4216,其他,4
auto,18a349e75d307f4b4cc646a691ed4216,客服差,1
auto,198c7ea11960a9844b544d9bcdca860c,其他,2
auto,1b45169b635ef59425637e9a33eb5fb3,其他,1
auto,1b4b28463457a256e9a784ebe2a8f630,物流慢,1
auto,1d0997ff06b524ce9289ffd75114ecd3,其他,1
auto,1d4587203296c8f4ad134dc286fa6db0,其他,2
auto,1d4587203296c8f4ad134dc286fa6db0,物流慢,1
auto,1d4587203296c8f4ad134dc286fa6db0,货不对板,1
auto,1d503743d2526f03f0c2c89540ee008c,质量差,1
auto,1fddcb7b326905d3ad5efe82187db347,物流慢,1
auto,2138ccb85b11a4ec1e37afbd1c8eda1f,其他,1
auto,2138ccb85b11a4ec1e37afbd1c8eda1f,物流慢,1
auto,252e76235acb79183cfca6e34f13337d,质量差,1
auto,25cf099de44674fde97473224f9d59ab,其他,4
auto,25cf099de44674fde97473224f9d59ab,质量差,1
auto,26af45f5dfd967225a832838aa4e24a3,其他,1
auto,26af45f5dfd967225a832838aa4e24a3,质量差,1
auto,2a1348e9addc1af5aaa619b1a3679d6b,质量差,1
auto,2b1a40c1daabc6ca280c4b815c101841,其他,1
auto,2b1a40c1daabc6ca280c4b815c101841,物流慢,3
auto,2e0dba2da448400b1c11d7b4b22f32a4,与描述不符,1
auto,2e1c9f22be269ef4643f826c9e650a52,物流慢,1
auto,31561f325664a8a7aba4c8d0c3a9b3db,客服差,1
auto,3364a91ec4d56c98e44174de954b94f6,其他,2
auto,33ac3e28642ab8bda860a2f693000e78,尺寸不符,1
auto,34056b8b55c1775a22af2331670a799c,其他,4
auto,34056b8b55c1775a22af2331670a799c,客服差,1
auto,34056b8b55c1775a22af2331670a799c,货不对板,3
auto,34056b8b55c1775a22af2331670a799c,质量差,2
auto,35857757f553273b1056c1cabdace7fb,物流慢,1
auto,39d54ff918774174706fb065d7f9dc07,其他,1
auto,39d54ff918774174706fb065d7f9dc07,质量差,1
auto,3a1a1fec38dd360f15fc912e821e169d,物流慢,2
auto,3d4824f20035949c710eaf111f869d39,物流慢,1
auto,3d621842b2ed28e2b474132480edac3c,其他,1
auto,3da38366e7bd9baf6369071f782ecdf0,物流慢,1
auto,3db66a856d18a9cba7c9241fc5221c50,其他,2
auto,3db66a856d18a9cba7c9241fc5221c50,尺寸不符,1
auto,3db66a856d18a9cba7c9241fc5221c50,物流慢,2
auto,3db66a856d18a9cba7c9241fc5221c50,货不对板,1
auto,3f995f07c49d0d55a99d5c54957f7d81,其他,3
auto,40db9e9aa57f7bb151bcda6b0f9bdbb7,与描述不符,1
auto,40db9e9aa57f7bb151bcda6b0f9bdbb7,其他,5
auto,40db9e9aa57f7bb151bcda6b0f9bdbb7,包装差,1
auto,42d4b7e70819438f5ada61c965e92d7e,其他,1
auto,430315b7bb4b6e4b3c978f9dfa9b0558,其他,1
auto,432c37c9dfba871172ec162e20118b8c,物流慢,1
auto,44073f8b7e41514de3b7815dd0237f4f,其他,1
auto,45d33f715e24d15a6ccf5c17b3a23e3c,物流慢,1
auto,47648caee88ccfe951fbb27fbf7b4cbe,货不对板,1
auto,47efca563408aae19bb7206c2d969ea9,其他,1
auto,47efca563408aae19bb7206c2d969ea9,退款/纠纷,1
auto,48fb026ed7455a42f5d3e9390ed5088e,与描述不符,1
auto,48fb026ed7455a42f5d3e9390ed5088e,其他,1
auto,48fb026ed7455a42f5d3e9390ed5088e,客服差,1
auto,4ce8b55b4bfa4659184e7becc1fba3f2,其他,1
auto,4e922959ae960d389249c378d1c939f5,其他,3
auto,4e922959ae960d389249c378d1c939f5,物流慢,1
auto,5206cc4bc2297c833e6061c49bf9c43f,其他,1
auto,525e75a6fb1454a2325ab1734bcec221,其他,2
auto,55bb6fe5bebe5012e2d7d9928e1128ff,其他,1
auto,55f7a3319d80f7fdf078b8f03e6725fe,其他,1
auto,55f7a3319d80f7fdf078b8f03e6725fe,货不对板,1
auto,58b98ccb79873e04eac4357cacc590d9,其他,1
auto,5b8154610ebb21fb90eb587365e673df,物流慢,1
auto,5bc24d989e71e93c33e50a7782431b0e,客服差,1
auto,5c603ffb38cbbf25a0e0698941324143,其他,1
auto,5c603ffb38cbbf25a0e0698941324143,物流慢,1
auto,5d0363b33554b373851fc1622e4d5f3c,其他,8
auto,5d0363b33554b373851fc1622e4d5f3c,物流慢,1
auto,5d0363b33554b373851fc1622e4d5f3c,质量差,1
auto,5ee7fd217d08dfe5d3e2f51f96a12c9a,其他,2
auto,5ee7fd217d08dfe5d3e2f51f96a12c9a,货不对板,1
auto,6338ea67c41078a46ad99cc009654956,其他,1
auto,634964b17796e64304cadf1ad3050fb7,其他,1
auto,634964b17796e64304cadf1ad3050fb7,货不对板,1
auto,66dc1b1632bd6a3e508510c5b3492107,其他,1
auto,66dc1b1632bd6a3e508510c5b3492107,物流慢,1
auto,6860153b69cc696d5dcfe1cdaaafcf62,与描述不符,1
auto,6a8b085f816a1f75f92dbac6eb545f8f,其他,10
auto,6a8b085f816a1f75f92dbac6eb545f8f,包装差,1
auto,6a8b085f816a1f75f92dbac6eb545f8f,物流慢,2
auto,6cf476a4ca74498db55cbccdaa9dcfb6,质量差,1
auto,6d66611d7c44cc30ce351abc49a68421,其他,2
auto,6d66611d7c44cc30ce351abc49a68421,质量差,1
auto,6eeed17989b0ae47c9f11ece6f38ea90,其他,1
auto,70a12e78e608ac31179aea7f8422044b,其他,1
auto,70a12e78e608ac31179aea7f8422044b,客服差,1
auto,710e3548e02bc1d2831dfc4f1b5b14d4,包装差,1
auto,710e3548e02bc1d2831dfc4f1b5b14d4,客服差,1
auto,712e6ed8aa4aa1fa65dab41fed5737e4,与描述不符,1
auto,712e6ed8aa4aa1fa65dab41fed5737e4,其他,17
auto,712e6ed8aa4aa1fa65dab41fed5737e4,客服差,1
auto,712e6ed8aa4aa1fa65dab41fed5737e4,物流慢,3
auto,712e6ed8aa4aa1fa65dab41fed5737e4,货不对板,1
auto,7142540dd4c91e2237acb7e911c4eba2,其他,16
auto,7142540dd4c91e2237acb7e911c4eba2,物流慢,3
auto,7142540dd4c91e2237acb7e911c4eba2,货不对板,1
auto,7142540dd4c91e2237acb7e911c4eba2,质量差,4
auto,7142540dd4c91e2237acb7e911c4eba2,退款/纠纷,1
auto,7202e2ba20579a9bd1acb29e61fe71f6,质量差,1
auto,72c5da29406b4234927b81855e7b64f6,其他,2
auto,73b8eb4a9a729d4019b24ed1be748cbf,其他,1
auto,76d64c4aca3a7baf218bf93ef7fa768d,其他,1
auto,7c4adcc13272c0e26fa23aac642adb7b,物流慢,1
auto,7c67e1448b00f6e969d365cea6b010ab,其他,1
auto,7c67e1448b00f6e969d365cea6b010ab,客服差,1
auto,7ddcbb64b5bc1ef36ca8c151f6ec77df,其他,3
auto,7ddcbb64b5bc1ef36ca8c151f6ec77df,货不对板,2
auto,7ddcbb64b5bc1ef36ca8c151f6ec77df,质量差,1
auto,7df1fc11cc5cbc518b39faa60cf5d67c,与描述不符,1
auto,7ff588a03c2aeae4fbd23f9ae64b760d,质量差,1
auto,8160255418d5aaa7dbdc9f4c64ebda44,与描述不符,1
auto,817245bcc3badd82bbd222e0366951a6,其他,3
auto,850913d59ce317156b00f3705f1c3edb,其他,1
auto,850913d59ce317156b00f3705f1c3edb,物流慢,1
auto,8581055ce74af1daba164fdbd55a40de,与描述不符,1
auto,8581055ce74af1daba164fdbd55a40de,其他,20
auto,8581055ce74af1daba164fdbd55a40de,包装差,1
auto,8581055ce74af1daba164fdbd55a40de,客服差,1
auto,8581055ce74af1daba164fdbd55a40de,物流慢,7
auto,8581055ce74af1daba164fdbd55a40de,质量差,1
auto,8581055ce74af1daba164fdbd55a40de,退款/纠纷,1
auto,85d9eb9ddc5d00ca9336a2219c97bb13,物流慢,1
auto,863d2ebcd347ce4922de7a0f9a5581d6,其他,2
auto,87142160b41353c4e5fca2360caf6f92,物流慢,1
auto,8a43128d7f9a3db592b866e6861a6cce,其他,1
auto,8b321bb669392f5163d04c59e235e066,物流慢,1
auto,8d956fec2e4337affcb520f56fd8cbfd,其他,1
auto,8e670472e453ba34a379331513d6aab1,其他,1
auto,8f2b51a30523cdecddc2f179f351c7d6,其他,1
auto,8ff38bc3969e67c36c48343a07090f66,其他,1
auto,913fd0ebba70bb919f7254a02239173c,其他,1
auto,91f0eec23d4a61d7d7caeefa3f0ad1ca,其他,1
auto,94165aea8a35c3c21499cbcae239b16c,其他,1
auto,9803a40e82e45418ab7fb84091af5231,其他,1
auto,9b1585752613ec342d03bbab9997ec48,物流慢,1
auto,9c068d10aca38e85c50202e17b4a7e88,货不对板,1
auto,9c0e69c7bf2619675bbadf47b43f655a,其他,1
auto,9d4db00d65d7760644ac0c14edb5fd86,其他,1
auto,9d5a9018aee56acb367ba9c3f05d1d6a,其他,2
auto,a5259c149128e82c9d6d46e0c1c812bb,其他,1
auto,a7dc4098e4da6e41b426269d12ae7e91,其他,1
auto,a7f13822ceb966b076af67121f87b063,物流慢,1
auto,a938325a4b357fd23a6a4d5bb126408e,其他,3
auto,a938325a4b357fd23a6a4d5bb126408e,物流慢,1
auto,abbf6046bbdf1028606a5bc7f00c99e7,其他,1
auto,acb6c2ca5c82411c1fdb88d5fd5eb95e,其他,1
auto,b1b3948701c5c72445495bd161b83a4c,其他,9
auto,b1b3948701c5c72445495bd161b83a4c,物流慢,2
auto,b4ffb71f0cb1b1c3d63fad021ecf93e1,其他,6
auto,b4ffb71f0cb1b1c3d63fad021ecf93e1,物流慢,1
auto,b4ffb71f0cb1b1c3d63fad021ecf93e1,货不对板,2
auto,b4ffb71f0cb1b1c3d63fad021ecf93e1,质量差,1
auto,b87a7ea0c30fad2dd6781b74a0064859,其他,1
auto,b87a7ea0c30fad2dd6781b74a0064859,客服差,1
auto,bd697db56ff8e7c9cd1abeb7f72029b2,与描述不符,1
auto,bd697db56ff8e7c9cd1abeb7f72029b2,物流慢,1
auto,bf0d50a6410d487dc97d2baac0a8c0be,其他,1
auto,c003204e1ab016dfa150abc119207b24,其他,1
auto,c003204e1ab016dfa150abc119207b24,物流慢,2
auto,c12b92bf1c350f3e6bf88d3596219c86,其他,2
auto,c273175f7c6c80fb02f051e2fc6d0d72,其他,1
auto,c273175f7c6c80fb02f051e2fc6d0d72,货不对板,2
auto,c35affa65afd250151285c5917fc1c8a,其他,1
auto,c35affa65afd250151285c5917fc1c8a,物流慢,1
auto,c7bb64409aa480bb7d0335faaaf3d242,与描述不符,1
auto,c7bb64409aa480bb7d0335faaaf3d242,其他,1
auto,c8b0e2b0a7095e5d8219575d5e7e1181,其他,7
auto,c8b0e2b0a7095e5d8219575d5e7e1181,尺寸不符,1
auto,c8b0e2b0a7095e5d8219575d5e7e1181,物流慢,1
auto,c8b0e2b0a7095e5d8219575d5e7e1181,货不对板,1
auto,c9c7905cffc4ef9ff9f113554423e671,物流慢,1
auto,cd3d09fbe6e3e9ff0c0ac0c300e93ae7,其他,2
auto,cee48807215b30a12ca2ca10ffb5f250,其他,5
auto,cee48807215b30a12ca2ca10ffb5f250,物流慢,1
auto,d2374cbcbb3ca4ab1086534108cc3ab7,包装差,1
auto,d2374cbcbb3ca4ab1086534108cc3ab7,质量差,1
auto,d65f31d2413268e671989503f6cf9993,物流慢,2
auto,d97df38225e5abadaff1e72cb72b823c,其他,5
auto,d97df38225e5abadaff1e72cb72b823c,物流慢,1
auto,daeb5653dd96c1b11860f72209795012,货不对板,1
auto,dee656f0f566ed1aa85bd137c943f08f,其他,1
auto,dfa0c4c6229ab200a4a1336b4d7128ff,其他,1
auto,dfa0c4c6229ab200a4a1336b4d7128ff,客服差,1
auto,dfa0c4c6229ab200a4a1336b4d7128ff,退款/纠纷,1
auto,e174dc2de86d60fee178170a154c05e7,其他,1
auto,e21a1e8be4715b0fcfd5385643bc49c4,其他,1
auto,e2c92f9c1c7746d899d18f2e158bbff7,其他,1
auto,e2c92f9c1c7746d899d18f2e158bbff7,客服差,1
auto,e5e33c0d8e7e002f398f5dc4cbbb338f,其他,1
auto,e83c76265fc54bf41eac728805e4da77,其他,1
auto,e96498ed8daaa3e9c23f7a62da76591c,其他,2
auto,e96498ed8daaa3e9c23f7a62da76591c,客服差,1
auto,e96498ed8daaa3e9c23f7a62da76591c,物流慢,2
auto,ea00f977a203ff88adf7057cb7806998,其他,1
auto,ea00f977a203ff88adf7057cb7806998,物流慢,1
auto,ea8482cd71df3c1969d7b9473ff13abc,其他,1
auto,ea8482cd71df3c1969d7b9473ff13abc,客服差,1
auto,ea8482cd71df3c1969d7b9473ff13abc,质量差,1
auto,eb4df17aed01d918c65f0f8d650900c0,物流慢,1
auto,ed859002ad59dbf8cf3602696a6c3000,货不对板,1
auto,ede0c03645598cdfc63ca8237acbe73d,其他,1
auto,ef2fbc2b607d8492bcffe657a4645434,其他,3
auto,ef2fbc2b607d8492bcffe657a4645434,质量差,1
auto,f12ff17ad8bbf01ec5c33b17e506649b,与描述不符,1
auto,f12ff17ad8bbf01ec5c33b17e506649b,其他,1
auto,f12ff17ad8bbf01ec5c33b17e506649b,物流慢,2
auto,f1c1ac3f3efc07e659c035008e615e66,客服差,1
auto,f435898e493ba0356019a0b1cb8b55b1,物流慢,1
auto,f44bdc12aa39f5271f0b95f66cd4c289,其他,1
auto,f44bdc12aa39f5271f0b95f66cd4c289,客服差,1
auto,f5b44895715ddfe3087dc414f30268f3,其他,2
auto,f5b44895715ddfe3087dc414f30268f3,货不对板,1
auto,f63d8f293af3a6454377546bd9dd19ff,其他,2
auto,f8db351d8c4c4c22c6835c19a46f01b0,其他,1
auto,fa1c13f2614d7b5c4749cbc52fecda94,其他,1
auto,ffff564a4f9085cd26170f4732393726,其他,3
auto,ffff564a4f9085cd26170f4732393726,客服差,1
auto,ffff564a4f9085cd26170f4732393726,物流慢,1
auto,ffff564a4f9085cd26170f4732393726,质量差,1
baby,05f51e13da97139648b8125c31e5f51b,其他,3
baby,05f51e13da97139648b8125c31e5f51b,客服差,2
baby,05f51e13da97139648b8125c31e5f51b,物流慢,3
baby,10076e5788b8ee532724bcd460baf762,其他,1
baby,138dbe45fc62f1e244378131a6801526,其他,1
baby,1430239a858e7682bbc43b20758af153,其他,1
baby,15fa791d5e017f66402dc28c44480657,其他,1
baby,1835b56ce799e6a4dc4eddc053f04066,其他,1
baby,1b938a7ec6ac5061a66a3766e0e75f90,物流慢,1
baby,1cbd32d00d01bb8087a5eb088612fd9c,其他,1
baby,1d8dbc4f32378d715c717c1c1fc57bae,其他,6
baby,1d8dbc4f32378d715c717c1c1fc57bae,物流慢,2
baby,1d8dbc4f32378d715c717c1c1fc57bae,货不对板,1
baby,1f50f920176fa81dab994f9023523100,其他,3
baby,1f50f920176fa81dab994f9023523100,客服差,1
baby,1f50f920176fa81dab994f9023523100,物流慢,1
baby,1f9ab4708f3056ede07124aad39a2554,其他,3
baby,1f9ab4708f3056ede07124aad39a2554,物流慢,1
baby,20a8b0dc55da94fe74d112082427c84f,其他,1
baby,25e6ffe976bd75618accfe16cefcbd0d,其他,1
baby,271c58a1d139c45eaf3316107c6d3a3b,其他,2
baby,271c58a1d139c45eaf3316107c6d3a3b,物流慢,1
baby,2d50d6282f8aa2257819a77bfaa0efe0,其他,2
baby,2eb70248d66e0e3ef83659f71b244378,其他,1
baby,312ba1d77e9c332ef21f9598b7f64cd7,其他,1
baby,3504c0cb71d7fa48d967e0e4c94d59d9,其他,1
baby,3d01d1c414c44b5943a09619ff3853cb,物流慢,1
baby,3f8034bfc6b8b4135534975d49f04c63,退款/纠纷,1
baby,4003520d80d0bad1d5623f7aa3c63cda,其他,1
baby,4091f77d8c768fc3e81c20761471761d,物流慢,1
baby,40d54b51e962dbe09cabbcfd33298dee,其他,1
baby,44073f8b7e41514de3b7815dd0237f4f,质量差,2
baby,45ba18c210d42734ec52c0c1c574e9ee,其他,1
baby,45ba18c210d42734ec52c0c1c574e9ee,客服差,1
baby,46dc3b2cc0980fb8ec44634e21d2718e,其他,2
baby,46dc3b2cc0980fb8ec44634e21d2718e,客服差,2
baby,46dc3b2cc0980fb8ec44634e21d2718e,物流慢,2
baby,4b9750c8ad28220fe6702d4ecb7c898f,其他,5
baby,4b9750c8ad28220fe6702d4ecb7c898f,物流慢,3
baby,4c8b8048e33af2bf94f2eb547746a916,物流慢,1
baby,503c1de08ae81a2d86f17951b204db55,客服差,1
baby,537eb890efff034a88679788b647c564,物流慢,1
baby,538caafddff204241cecbf3a02e6b3cf,其他,3
baby,538caafddff204241cecbf3a02e6b3cf,货不对板,1
baby,5a8e7d5003a1f221f9e1d6e411de7c23,其他,1
baby,5a8e7d5003a1f221f9e1d6e411de7c23,货不对板,2
baby,5a8e7d5003a1f221f9e1d6e411de7c23,质量差,1
baby,5a93f3ab0ef4c84ed5e1b5dbf23978bc,其他,2
baby,5dceca129747e92ff8ef7a997dc4f8ca,与描述不符,1
baby,5dceca129747e92ff8ef7a997dc4f8ca,其他,28
baby,5dceca129747e92ff8ef7a997dc4f8ca,客服差,6
baby,5dceca129747e92ff8ef7a997dc4f8ca,物流慢,1
baby,688756f717c462a206ad854c5027a64a,货不对板,1
baby,7040e82f899a04d1b434b795a43b4617,货不对板,1
baby,77530e9772f57a62c906e1c21538ab82,其他,1
baby,77530e9772f57a62c906e1c21538ab82,客服差,1
baby,7a67c85e85bb2ce8582c35f2203ad736,其他,3
baby,7a67c85e85bb2ce8582c35f2203ad736,客服差,1
baby,7a67c85e85bb2ce8582c35f2203ad736,尺寸不符,1
baby,7a67c85e85bb2ce8582c35f2203ad736,质量差,1
baby,7aa4334be125fcdd2ba64b3180029f14,其他,2
baby,7c67e1448b00f6e969d365cea6b010ab,客服差,1
baby,7ea5bfa6c340f58f8e71fc1f0412b0d6,其他,4
baby,7f7b8245c336066a1f9933c359f11d77,其他,1
baby,80f2cf9abf6b5a0e5c612b5eea6646e6,其他,1
baby,827f8f69dfa529c561901c4f2e0f332f,其他,1
baby,827f8f69dfa529c561901c4f2e0f332f,物流慢,1
baby,834f8533b2ecb6598dd004ff3de7203a,其他,2
baby,834f8533b2ecb6598dd004ff3de7203a,质量差,1
baby,8444e55c1f13cd5c179851e5ca5ebd00,与描述不符,1
baby,8444e55c1f13cd5c179851e5ca5ebd00,其他,2
baby,845e8036c3f7bf62099352f5ed910240,退款/纠纷,1
baby,855668e0971d4dfd7bef1b6a4133b41b,其他,24
baby,855668e0971d4dfd7bef1b6a4133b41b,包装差,2
baby,855668e0971d4dfd7bef1b6a4133b41b,客服差,1
baby,855668e0971d4dfd7bef1b6a4133b41b,物流慢,10
baby,855668e0971d4dfd7bef1b6a4133b41b,货不对板,3
baby,855668e0971d4dfd7bef1b6a4133b41b,质量差,4
baby,855668e0971d4dfd7bef1b6a4133b41b,退款/纠纷,3
baby,85d9eb9ddc5d00ca9336a2219c97bb13,其他,1
baby,89ad3263c0931c47f976d7c5778e60f6,其他,1
baby,8b28d096634035667e8263d57ba3368c,质量差,1
baby,8b87cd0d43d49b9bdf40f56229364d59,其他,1
baby,8b87cd0d43d49b9bdf40f56229364d59,物流慢,1
baby,8cbac7e12637ed9cffa18c7875207478,其他,1
baby,8e4f041ff58e7845456d3482524014b3,其他,1
baby,94b9108d4b637ba65bb4f1e53cfcf8d8,其他,1
baby,951e8cef368f09bb3f3d03c00ca4702c,其他,2
baby,95e03ca3d4146e4011985981aeb959b9,货不对板,1
baby,95f83f51203c626648c875dd41874c7f,其他,1
baby,95f83f51203c626648c875dd41874c7f,货不对板,1
baby,977f9f63dd360c2a32ece2f93ad6d306,其他,2
baby,977f9f63dd360c2a32ece2f93ad6d306,退款/纠纷,1
baby,99002261c568a84cce14d43fcffb43ea,其他,4
baby,99002261c568a84cce14d43fcffb43ea,货不对板,1
baby,99002261c568a84cce14d43fcffb43ea,退款/纠纷,1
baby,9a03a4e9eb0b947652fae4f6121a3f5e,客服差,1
baby,9bade61a92bed55a25d2b67b9f4ed739,其他,1
baby,9d5a9018aee56acb367ba9c3f05d1d6a,其他,1
baby,9e6229250fedbe05838fef417b74e7fb,其他,3
baby,a3a38f4affed601eb87a97788c949667,其他,2
baby,a420f60ff1aa9acc80d0e42959f2b313,其他,3
baby,a420f60ff1aa9acc80d0e42959f2b313,客服差,1
baby,a420f60ff1aa9acc80d0e42959f2b313,物流慢,1
baby,aafe36600ce604f205b86b5084d3d767,其他,4
baby,aafe36600ce604f205b86b5084d3d767,客服差,1
baby,aafe36600ce604f205b86b5084d3d767,物流慢,1
baby,ad781527c93d00d89a11eecd9dcad7c1,其他,6
baby,ad781527c93d00d89a11eecd9dcad7c1,客服差,2
baby,ad781527c93d00d89a11eecd9dcad7c1,物流慢,6
baby,adbc26658d6c7b4b6219f9d934598091,其他,6
baby,b2ba3715d723d245138f291a6fe42594,其他,1
baby,b5abf4f36adc043117b4fca82c22984c,其他,1
baby,bbad7e518d7af88a0897397ffdca1979,其他,6
baby,bbad7e518d7af88a0897397ffdca1979,客服差,1
baby,bbad7e518d7af88a0897397ffdca1979,尺寸不符,1
baby,bbad7e518d7af88a0897397ffdca1979,物流慢,1
baby,bbad7e518d7af88a0897397ffdca1979,货不对板,2
baby,bbad7e518d7af88a0897397ffdca1979,质量差,2
baby,bfd27a966d91cfaafdb25d076585f0da,客服差,1
baby,c4fabeea6e569d42d02993bb1f4f1cbc,其他,1
baby,c500367424994318b9e779ff1ae9a330,退款/纠纷,1
baby,c510bc1718f0f2961eaa42a23330681a,其他,2
baby,c6bda72e4dbf5c5866b13cb1810c6d03,其他,2
baby,c6bda72e4dbf5c5866b13cb1810c6d03,客服差,1
baby,c8b3445d737de6befde0c88ede534a5e,其他,1
baby,cac4c8e7b1ca6252d8f20b2fc1a2e4af,退款/纠纷,1
baby,cbbd5ae8f53de5f5097cd8217b529e24,物流慢,1
baby,d1c281d3ae149232351cd8c8cc885f0d,物流慢,1
baby,d673a59aac7a70d8b01e6902bf090a11,其他,5
baby,d673a59aac7a70d8b01e6902bf090a11,质量差,1
baby,d673a59aac7a70d8b01e6902bf090a11,退款/纠纷,1
baby,d98eec89afa3380e14463da2aabaea72,其他,2
baby,d98eec89afa3380e14463da2aabaea72,尺寸不符,1
baby,d98eec89afa3380e14463da2aabaea72,质量差,1
baby,d9a84e1403de8da0c3aa531d6d108ba6,其他,1
baby,d9a84e1403de8da0c3aa531d6d108ba6,退款/纠纷,1
baby,da2782c804606d2a5d8e1760dbb3e7ec,物流慢,1
baby,e1dc0754bada9ee4cfe9713f22f61292,包装差,1
baby,e26901d5ab434ce92fd9b5c256820a4e,其他,1
baby,e26901d5ab434ce92fd9b5c256820a4e,质量差,1
baby,e26901d5ab434ce92fd9b5c256820a4e,退款/纠纷,2
baby,e8b4225284fbb02d16f200513f1f395d,物流慢,1
baby,ec21206b7894c503788a684a7bc822a6,质量差,1
baby,f3da5b2ff499efb8d4a6d371d175d7dd,其他,2
baby,f45122a9ab94eb4f3f8953578bc0c560,其他,2
baby,f45122a9ab94eb4f3f8953578bc0c560,客服差,1
baby,f45122a9ab94eb4f3f8953578bc0c560,货不对板,3
baby,f680f85bee2d253556ac91be391d2c82,其他,1
baby,fa40cc5b934574b62717c68f3d678b6d,其他,1
baby,fa40cc5b934574b62717c68f3d678b6d,物流慢,1
baby,ff69aa92bb6b1bf9b8b7a51c2ed9cf8b,其他,4
baby,ff69aa92bb6b1bf9b8b7a51c2ed9cf8b,物流慢,2
baby,ff82e8873fba613f2261a9acc896fd84,质量差,1
bed_bath_table,004c9cd9d87a3c30c522c48c4fc07416,与描述不符,1
bed_bath_table,004c9cd9d87a3c30c522c48c4fc07416,其他,7
bed_bath_table,004c9cd9d87a3c30c522c48c4fc07416,客服差,1
bed_bath_table,004c9cd9d87a3c30c522c48c4fc07416,物流慢,3
bed_bath_table,004c9cd9d87a3c30c522c48c4fc07416,退款/纠纷,1
bed_bath_table,00ee68308b45bc5e2660cd833c3f81cc,其他,7
bed_bath_table,00ee68308b45bc5e2660cd833c3f81cc,客服差,1
bed_bath_table,00ee68308b45bc5e2660cd833c3f81cc,货不对板,1
bed_bath_table,00ee68308b45bc5e2660cd833c3f81cc,质量差,1
bed_bath_table,0176f73cc1195f367f7b32db1e5b3aa8,其他,4
bed_bath_table,01cf7e3d21494c41fb86034f2e714fa1,与描述不符,1
bed_bath_table,062ce95fa2ad4dfaedfc79260130565f,其他,2
bed_bath_table,0885aaf116795758dfeb5f1032487bcd,其他,2
bed_bath_table,0be8ff43f22e456b4e0371b2245e4d01,其他,3
bed_bath_table,0c8380b62e38e8a1e6adbeba7eb9688c,其他,11
bed_bath_table,0c8380b62e38e8a1e6adbeba7eb9688c,尺寸不符,1
bed_bath_table,0c8380b62e38e8a1e6adbeba7eb9688c,物流慢,3
bed_bath_table,11938fcc75f6902fea1d0a6f72b54a57,客服差,1
bed_bath_table,13511db12ac61e2f89c53b72a944a60b,其他,1
bed_bath_table,17306570e772e7718c92a562d33f5f1d,其他,1
bed_bath_table,17306570e772e7718c92a562d33f5f1d,客服差,1
bed_bath_table,17306570e772e7718c92a562d33f5f1d,货不对板,1
bed_bath_table,17ca9b9e9b9ef8fdb529001b49ebb50f,与描述不符,1
bed_bath_table,17ca9b9e9b9ef8fdb529001b49ebb50f,其他,4
bed_bath_table,17ca9b9e9b9ef8fdb529001b49ebb50f,货不对板,4
bed_bath_table,17ca9b9e9b9ef8fdb529001b49ebb50f,质量差,2
bed_bath_table,1835b56ce799e6a4dc4eddc053f04066,与描述不符,2
bed_bath_table,1835b56ce799e6a4dc4eddc053f04066,其他,36
bed_bath_table,1835b56ce799e6a4dc4eddc053f04066,客服差,2
bed_bath_table,1835b56ce799e6a4dc4eddc053f04066,物流慢,7
bed_bath_table,1835b56ce799e6a4dc4eddc053f04066,货不对板,7
bed_bath_table,1835b56ce799e6a4dc4eddc053f04066,质量差,4
bed_bath_table,1835b56ce799e6a4dc4eddc053f04066,退款/纠纷,2
bed_bath_table,1900267e848ceeba8fa32d80c1a5f5a8,其他,27
bed_bath_table,1900267e848ceeba8fa32d80c1a5f5a8,客服差,1
bed_bath_table,1900267e848ceeba8fa32d80c1a5f5a8,物流慢,5
bed_bath_table,1900267e848ceeba8fa32d80c1a5f5a8,货不对板,4
bed_bath_table,1900267e848ceeba8fa32d80c1a5f5a8,质量差,8
bed_bath_table,1900267e848ceeba8fa32d80c1a5f5a8,退款/纠纷,5
bed_bath_table,1a3df491d1c4f1589fc2b934ada68bf2,其他,6
bed_bath_table,1a3df491d1c4f1589fc2b934ada68bf2,客服差,2
bed_bath_table,1a3df491d1c4f1589fc2b934ada68bf2,物流慢,2
bed_bath_table,1a3df491d1c4f1589fc2b934ada68bf2,质量差,4
bed_bath_table,1a3df491d1c4f1589fc2b934ada68bf2,退款/纠纷,1
bed_bath_table,1c129092bf23f28a5930387c980c0dfc,其他,13
bed_bath_table,1c129092bf23f28a5930387c980c0dfc,客服差,1
bed_bath_table,1c129092bf23f28a5930387c980c0dfc,物流慢,1
bed_bath_table,1c129092bf23f28a5930387c980c0dfc,质量差,1
bed_bath_table,1c5e4e49b9079480255b49d50aac1aa9,与描述不符,1
bed_bath_table,1dc2de47ee26a0a5b12dc14fd6dc0dea,货不对板,1
bed_bath_table,1dfe5347016252a7884b694d4f10f5c4,其他,4
bed_bath_table,1dfe5347016252a7884b694d4f10f5c4,包装差,1
bed_bath_table,1e8b33f18b4f7598d87f5cbee2282cc2,其他,5
bed_bath_table,1e8b33f18b4f7598d87f5cbee2282cc2,客服差,1
bed_bath_table,1e8b33f18b4f7598d87f5cbee2282cc2,尺寸不符,1
bed_bath_table,1e8b33f18b4f7598d87f5cbee2282cc2,物流慢,2
bed_bath_table,1e8b33f18b4f7598d87f5cbee2282cc2,质量差,1
bed_bath_table,1e8b33f18b4f7598d87f5cbee2282cc2,退款/纠纷,1
bed_bath_table,2528513dd95219a6013d4d05176e391a,其他,4
bed_bath_table,2528513dd95219a6013d4d05176e391a,包装差,1
bed_bath_table,2528513dd95219a6013d4d05176e391a,客服差,1
bed_bath_table,2528513dd95219a6013d4d05176e391a,货不对板,1
bed_bath_table,259f7b5e6e482c230e5bfaa670b6bb8f,其他,7
bed_bath_table,259f7b5e6e482c230e5bfaa670b6bb8f,客服差,2
bed_bath_table,259f7b5e6e482c230e5bfaa670b6bb8f,货不对板,1
bed_bath_table,259f7b5e6e482c230e5bfaa670b6bb8f,质量差,1
bed_bath_table,26e2c91ef821e1ff8985f408788fe35b,客服差,1
bed_bath_table,26e2c91ef821e1ff8985f408788fe35b,物流慢,1
bed_bath_table,26e2c91ef821e1ff8985f408788fe35b,货不对板,1
bed_bath_table,26e2c91ef821e1ff8985f408788fe35b,质量差,1
bed_bath_table,2d50d6282f8aa2257819a77bfaa0efe0,其他,4
bed_bath_table,2d50d6282f8aa2257819a77bfaa0efe0,质量差,2
bed_bath_table,2eb70248d66e0e3ef83659f71b244378,其他,1
bed_bath_table,318f287a62ab7ac10b703ac37435a231,其他,3
bed_bath_table,318f287a62ab7ac10b703ac37435a231,质量差,2
bed_bath_table,33a6f4b1e7cdc205511e76ba1b6e0186,其他,4
bed_bath_table,37be5a7c751166fbc5f8ccba4119e043,其他,11
bed_bath_table,37be5a7c751166fbc5f8ccba4119e043,客服差,1
bed_bath_table,37be5a7c751166fbc5f8ccba4119e043,尺寸不符,2
bed_bath_table,37be5a7c751166fbc5f8ccba4119e043,物流慢,3
bed_bath_table,37be5a7c751166fbc5f8ccba4119e043,货不对板,1
bed_bath_table,37be5a7c751166fbc5f8ccba4119e043,质量差,3
bed_bath_table,391fc6631aebcf3004804e51b40bcf1e,其他,13
bed_bath_table,391fc6631aebcf3004804e51b40bcf1e,客服差,2
bed_bath_table,391fc6631aebcf3004804e51b40bcf1e,物流慢,5
bed_bath_table,391fc6631aebcf3004804e51b40bcf1e,货不对板,2
bed_bath_table,391fc6631aebcf3004804e51b40bcf1e,质量差,2
bed_bath_table,3b15288545f8928d3e65a8f949a28291,其他,8
bed_bath_table,3b15288545f8928d3e65a8f949a28291,客服差,1
bed_bath_table,3b15288545f8928d3e65a8f949a28291,退款/纠纷,2
bed_bath_table,3b872fd4747f01cc56206f2934198618,其他,3
bed_bath_table,3b872fd4747f01cc56206f2934198618,质量差,1
bed_bath_table,41b39e28db005d9731d9d485a83b4c38,其他,6
bed_bath_table,41b39e28db005d9731d9d485a83b4c38,尺寸不符,1
bed_bath_table,41b39e28db005d9731d9d485a83b4c38,物流慢,4
bed_bath_table,41b39e28db005d9731d9d485a83b4c38,货不对板,2
bed_bath_table,41b39e28db005d9731d9d485a83b4c38,质量差,2
bed_bath_table,41b39e28db005d9731d9d485a83b4c38,退款/纠纷,2
bed_bath_table,42b729f859728f5079499127a9c2ef37,其他,1
bed_bath_table,439a47cc365d6e3bd526812ea9de3c29,其他,1
bed_bath_table,4a3ca9315b744ce9f8e9374361493884,与描述不符,6
bed_bath_table,4a3ca9315b744ce9f8e9374361493884,其他,112
bed_bath_table,4a3ca9315b744ce9f8e9374361493884,包装差,1
bed_bath_table,4a3ca9315b744ce9f8e9374361493884,客服差,11
bed_bath_table,4a3ca9315b744ce9f8e9374361493884,尺寸不符,5
bed_bath_table,4a3ca9315b744ce9f8e9374361493884,物流慢,21
bed_bath_table,4a3ca9315b744ce9f8e9374361493884,货不对板,10
bed_bath_table,4a3ca9315b744ce9f8e9374361493884,质量差,21
bed_bath_table,4a3ca9315b744ce9f8e9374361493884,退款/纠纷,5
bed_bath_table,4b0fdb526525f9890eb145bf1534640e,其他,1
bed_bath_table,4b0fdb526525f9890eb145bf1534640e,质量差,2
bed_bath_table,4c8b8048e33af2bf94f2eb547746a916,其他,2
bed_bath_table,53e4c6e0f4312d4d2107a8c9cddf45cd,其他,1
bed_bath_table,53e4c6e0f4312d4d2107a8c9cddf45cd,物流慢,1
bed_bath_table,54965bbe3e4f07ae045b90b0b8541f52,与描述不符,1
bed_bath_table,54965bbe3e4f07ae045b90b0b8541f52,其他,10
bed_bath_table,54965bbe3e4f07ae045b90b0b8541f52,客服差,2
bed_bath_table,54965bbe3e4f07ae045b90b0b8541f52,物流慢,7
bed_bath_table,54965bbe3e4f07ae045b90b0b8541f52,货不对板,5
bed_bath_table,5dceca129747e92ff8ef7a997dc4f8ca,其他,2
bed_bath_table,5f06030071324cc52bf0304014ac7234,其他,1
bed_bath_table,602044f2c16190c2c6e45eb35c2e21cb,其他,8
bed_bath_table,602044f2c16190c2c6e45eb35c2e21cb,客服差,3
bed_bath_table,602044f2c16190c2c6e45eb35c2e21cb,物流慢,1
bed_bath_table,602044f2c16190c2c6e45eb35c2e21cb,货不对板,1
bed_bath_table,602044f2c16190c2c6e45eb35c2e21cb,质量差,1
bed_bath_table,609e1a9a6c2539919b8205cf7c4e6ff0,其他,8
bed_bath_table,609e1a9a6c2539919b8205cf7c4e6ff0,尺寸不符,1
bed_bath_table,609e1a9a6c2539919b8205cf7c4e6ff0,物流慢,1
bed_bath_table,609e1a9a6c2539919b8205cf7c4e6ff0,货不对板,1
bed_bath_table,609e1a9a6c2539919b8205cf7c4e6ff0,质量差,2
bed_bath_table,610f72e407cdd7caaa2f8167b0163fd8,其他,1
bed_bath_table,610f72e407cdd7caaa2f8167b0163fd8,货不对板,1
bed_bath_table,6187a137b2af59dfdbad8d9f8c373c14,其他,1
bed_bath_table,640e21a7d01df7614a3b4923e990d40c,其他,4
bed_bath_table,640e21a7d01df7614a3b4923e990d40c,物流慢,1
bed_bath_table,640e21a7d01df7614a3b4923e990d40c,质量差,1
bed_bath_table,640e21a7d01df7614a3b4923e990d40c,退款/纠纷,1
bed_bath_table,67e43d802fde8cfd3f9580124f8167d1,质量差,1
bed_bath_table,6fd52c528dcb38be2eea044946b811f8,与描述不符,1
bed_bath_table,6fd52c528dcb38be2eea044946b811f8,其他,8
bed_bath_table,6fd52c528dcb38be2eea044946b811f8,客服差,1
bed_bath_table,6fd52c528dcb38be2eea044946b811f8,尺寸不符,1
bed_bath_table,6fd52c528dcb38be2eea044946b811f8,物流慢,1
bed_bath_table,6fd52c528dcb38be2eea044946b811f8,货不对板,2
bed_bath_table,6fd52c528dcb38be2eea044946b811f8,质量差,5
bed_bath_table,6fd52c528dcb38be2eea044946b811f8,退款/纠纷,1
bed_bath_table,723cd880edaacdb998898b67c8f9da30,其他,1
bed_bath_table,723cd880edaacdb998898b67c8f9da30,货不对板,1
bed_bath_table,76d64c4aca3a7baf218bf93ef7fa768d,其他,2
bed_bath_table,7ad32824caee82087b3e2e5f33b1bf32,其他,16
bed_bath_table,7ad32824caee82087b3e2e5f33b1bf32,客服差,1
bed_bath_table,7ad32824caee82087b3e2e5f33b1bf32,尺寸不符,1
bed_bath_table,7ad32824caee82087b3e2e5f33b1bf32,物流慢,4
bed_bath_table,7ad32824caee82087b3e2e5f33b1bf32,货不对板,4
bed_bath_table,7ad32824caee82087b3e2e5f33b1bf32,质量差,1
bed_bath_table,7ad32824caee82087b3e2e5f33b1bf32,退款/纠纷,1
bed_bath_table,7caa63f175b1cecbfaadd8b5ab9998c7,客服差,1
bed_bath_table,7d456afc660226829370f3173d14520c,其他,1
bed_bath_table,8160255418d5aaa7dbdc9f4c64ebda44,其他,29
bed_bath_table,8160255418d5aaa7dbdc9f4c64ebda44,包装差,3
bed_bath_table,8160255418d5aaa7dbdc9f4c64ebda44,物流慢,9
bed_bath_table,8160255418d5aaa7dbdc9f4c64ebda44,质量差,3
bed_bath_table,8160255418d5aaa7dbdc9f4c64ebda44,退款/纠纷,1
bed_bath_table,822166ed1e47908f7cfb49946d03c726,其他,5
bed_bath_table,822166ed1e47908f7cfb49946d03c726,包装差,1
bed_bath_table,822166ed1e47908f7cfb49946d03c726,尺寸不符,1
bed_bath_table,822166ed1e47908f7cfb49946d03c726,物流慢,1
bed_bath_table,822166ed1e47908f7cfb49946d03c726,质量差,1
bed_bath_table,845e8036c3f7bf62099352f5ed910240,其他,2
bed_bath_table,845e8036c3f7bf62099352f5ed910240,货不对板,1
bed_bath_table,845e8036c3f7bf62099352f5ed910240,质量差,1
bed_bath_table,891071be6ba827b591264c90c2ae8a63,其他,1
bed_bath_table,8a32e327fe2c1b3511609d81aaf9f042,物流慢,1
bed_bath_table,8a32e327fe2c1b3511609d81aaf9f042,货不对板,1
bed_bath_table,8a32e327fe2c1b3511609d81aaf9f042,质量差,1
bed_bath_table,8a432f4e5b471f8da497d7dc517666e2,其他,3
bed_bath_table,8a432f4e5b471f8da497d7dc517666e2,尺寸不符,1
bed_bath_table,8a432f4e5b471f8da497d7dc517666e2,物流慢,1
bed_bath_table,8a432f4e5b471f8da497d7dc517666e2,货不对板,1
bed_bath_table,8a432f4e5b471f8da497d7dc517666e2,质量差,2
bed_bath_table,8ab42aa58097fd4668d60cc648225d5f,其他,1
bed_bath_table,951e8cef368f09bb3f3d03c00ca4702c,其他,4
bed_bath_table,972d0f9cf61b499a4812cf0bfa3ad3c4,其他,14
bed_bath_table,972d0f9cf61b499a4812cf0bfa3ad3c4,客服差,1
bed_bath_table,972d0f9cf61b499a4812cf0bfa3ad3c4,物流慢,1
bed_bath_table,972d0f9cf61b499a4812cf0bfa3ad3c4,货不对板,2
bed_bath_table,972d0f9cf61b499a4812cf0bfa3ad3c4,质量差,3
bed_bath_table,9aa388272ee334b6ae07bc73706e254a,其他,1
bed_bath_table,9e6229250fedbe05838fef417b74e7fb,物流慢,1
bed_bath_table,9e6229250fedbe05838fef417b74e7fb,货不对板,1
bed_bath_table,a3e9a2c700480d9bb01fba070ba80a0e,其他,5
bed_bath_table,a3e9a2c700480d9bb01fba070ba80a0e,物流慢,2
bed_bath_table,a3e9a2c700480d9bb01fba070ba80a0e,货不对板,1
bed_bath_table,a3e9a2c700480d9bb01fba070ba80a0e,质量差,4
bed_bath_table,a3e9a2c700480d9bb01fba070ba80a0e,退款/纠纷,1
bed_bath_table,a673821011d0cec28146ea42f5ab767f,其他,12
bed_bath_table,a673821011d0cec28146ea42f5ab767f,货不对板,1
bed_bath_table,a673821011d0cec28146ea42f5ab767f,质量差,2
bed_bath_table,aafe36600ce604f205b86b5084d3d767,货不对板,1
bed_bath_table,ace601496e211a664100321f038f50af,其他,1
bed_bath_table,b2479f944e1b90cf8a5de1bbfde284d6,与描述不符,2
bed_bath_table,b2479f944e1b90cf8a5de1bbfde284d6,其他,16
bed_bath_table,b2479f944e1b90cf8a5de1bbfde284d6,客服差,2
bed_bath_table,b2479f944e1b90cf8a5de1bbfde284d6,物流慢,2
bed_bath_table,b2479f944e1b90cf8a5de1bbfde284d6,货不对板,2
bed_bath_table,b2479f944e1b90cf8a5de1bbfde284d6,质量差,1
bed_bath_table,b39d7fe263ef469605dbb32608aee0af,其他,5
bed_bath_table,b4f8921fcc4ff77b66bea6dda43dcd51,其他,1
bed_bath_table,b4f8921fcc4ff77b66bea6dda43dcd51,包装差,1
bed_bath_table,b56828a9f9027f3c918c04ca720d9e3c,退款/纠纷,1
bed_bath_table,b8a0adc91af209270c2c725168eb00fd,其他,1
bed_bath_table,b98b715fe9e276204e2a3464f48cd796,货不对板,1
bed_bath_table,bcc9dd23e2a8bd8267cf92b19304a1b9,与描述不符,1
bed_bath_table,bcc9dd23e2a8bd8267cf92b19304a1b9,其他,1
bed_bath_table,c33847515fa6305ce6feb1e818569f13,与描述不符,2
bed_bath_table,c33847515fa6305ce6feb1e818569f13,其他,7
bed_bath_table,c33847515fa6305ce6feb1e818569f13,货不对板,2
bed_bath_table,c33847515fa6305ce6feb1e818569f13,质量差,2
bed_bath_table,c6218512d16fcac0af02fe92691cf274,尺寸不符,1
bed_bath_table,c7fdb77fdbff3c41981bc52f787e959e,包装差,1
bed_bath_table,cca3071e3e9bb7d12640c9fbe2301306,其他,16
bed_bath_table,cca3071e3e9bb7d12640c9fbe2301306,物流慢,4
bed_bath_table,cca3071e3e9bb7d12640c9fbe2301306,货不对板,4
bed_bath_table,cca3071e3e9bb7d12640c9fbe2301306,质量差,6
bed_bath_table,cce6ab8d1682639fe45ab70234f1665f,其他,3
bed_bath_table,cfb1a033743668a192316f3c6d1d2671,其他,11
bed_bath_table,cfb1a033743668a192316f3c6d1d2671,客服差,2
bed_bath_table,cfb1a033743668a192316f3c6d1d2671,货不对板,1
bed_bath_table,cfb1a033743668a192316f3c6d1d2671,质量差,1
bed_bath_table,cfb1a033743668a192316f3c6d1d2671,退款/纠纷,1
bed_bath_table,d1c281d3ae149232351cd8c8cc885f0d,其他,20
bed_bath_table,d1c281d3ae149232351cd8c8cc885f0d,物流慢,3
bed_bath_table,d1c281d3ae149232351cd8c8cc885f0d,货不对板,1
bed_bath_table,d1c281d3ae149232351cd8c8cc885f0d,质量差,3
bed_bath_table,d2374cbcbb3ca4ab1086534108cc3ab7,其他,39
bed_bath_table,d2374cbcbb3ca4ab1086534108cc3ab7,客服差,1
bed_bath_table,d2374cbcbb3ca4ab1086534108cc3ab7,尺寸不符,1
bed_bath_table,d2374cbcbb3ca4ab1086534108cc3ab7,物流慢,9
bed_bath_table,d2374cbcbb3ca4ab1086534108cc3ab7,货不对板,4
bed_bath_table,d2374cbcbb3ca4ab1086534108cc3ab7,质量差,12
bed_bath_table,d2374cbcbb3ca4ab1086534108cc3ab7,退款/纠纷,2
bed_bath_table,d4e12e7884759a14fa0f5f896c791cae,包装差,1
bed_bath_table,da8622b14eb17ae2831f4ac5b9dab84a,与描述不符,2
bed_bath_table,da8622b14eb17ae2831f4ac5b9dab84a,其他,59
bed_bath_table,da8622b14eb17ae2831f4ac5b9dab84a,包装差,1
bed_bath_table,da8622b14eb17ae2831f4ac5b9dab84a,客服差,11
bed_bath_table,da8622b14eb17ae2831f4ac5b9dab84a,尺寸不符,3
bed_bath_table,da8622b14eb17ae2831f4ac5b9dab84a,物流慢,9
bed_bath_table,da8622b14eb17ae2831f4ac5b9dab84a,货不对板,6
bed_bath_table,da8622b14eb17ae2831f4ac5b9dab84a,质量差,8
bed_bath_table,da8622b14eb17ae2831f4ac5b9dab84a,退款/纠纷,4
bed_bath_table,daf565f087a52def0fd5c5825b3661bc,质量差,2
bed_bath_table,dc4a0fc896dc34b0d5bfec8438291c80,与描述不符,2
bed_bath_table,dc4a0fc896dc34b0d5bfec8438291c80,其他,20
bed_bath_table,dc4a0fc896dc34b0d5bfec8438291c80,尺寸不符,1
bed_bath_table,dc4a0fc896dc34b0d5bfec8438291c80,物流慢,4
bed_bath_table,dc4a0fc896dc34b0d5bfec8438291c80,货不对板,4
bed_bath_table,dc4a0fc896dc34b0d5bfec8438291c80,质量差,2
bed_bath_table,dc4a0fc896dc34b0d5bfec8438291c80,退款/纠纷,1
bed_bath_table,dd2bdf855a9172734fbc3744021ae9b9,其他,4
bed_bath_table,dd2bdf855a9172734fbc3744021ae9b9,货不对板,3
bed_bath_table,dd2bdf855a9172734fbc3744021ae9b9,质量差,2
bed_bath_table,e38db885400cd35c71dfd162f2c1dbcf,客服差,1
bed_bath_table,e6ffc9ac6a7adc9d16a1cfc2286dd546,其他,1
bed_bath_table,ea67327e24487bdfac5fbfa37ea124df,其他,2
bed_bath_table,ea67327e24487bdfac5fbfa37ea124df,物流慢,1
bed_bath_table,f7ccf836d21b2fb1de37564105216cc1,与描述不符,2
bed_bath_table,f7ccf836d21b2fb1de37564105216cc1,其他,4
bed_bath_table,f7ccf836d21b2fb1de37564105216cc1,货不对板,2
bed_bath_table,f80edd2c5aaa505cc4b0a3b219abf4b8,其他,1
bed_bath_table,fb3cfbc8a86f5d7fbb4d36b8df63f60d,其他,1
bed_bath_table,fdb9095204a334cd8872252ffec6f2db,其他,2
bed_bath_table,fdb9095204a334cd8872252ffec6f2db,客服差,1
bed_bath_table,fdb9095204a334cd8872252ffec6f2db,物流慢,1
books_general_interest,15ead3a5037a918ddb520dfe39a3d2b9,物流慢,1
books_general_interest,1bb2bdb95f4841f1bba2c0d2cd83d3c9,其他,1
books_general_interest,343e716476e3748b069f980efbaa294e,其他,1
books_general_interest,3dbbce181edfaa4a597ec858c382d2ec,其他,1
books_general_interest,3dbbce181edfaa4a597ec858c382d2ec,物流慢,1
books_general_interest,4dbd95a08b31ede5c82d3f861cb1ce1a,退款/纠纷,1
books_general_interest,50770d25768b0486d89be26afca3108f,质量差,1
books_general_interest,527801b552d0077ffd170872eb49683b,其他,2
books_general_interest,527801b552d0077ffd170872eb49683b,质量差,1
books_general_interest,5a32c398a06c345440bf2a683b017ad3,其他,1
books_general_interest,669ae81880e08f269a64487cfb287169,其他,6
books_general_interest,669ae81880e08f269a64487cfb287169,客服差,1
books_general_interest,6e864f5c4669eff3d98140a07cc50202,与描述不符,1
books_general_interest,a2fa0bdc798ee84cdb08281337cf4fb6,其他,1
books_general_interest,bca9230d3bbb4efa51872bf605a2f1ad,物流慢,1
books_general_interest,c2bda99904207edd1834f03e0022b007,其他,1
books_general_interest,d9d43faf741ceaa8da52fdbb81d9e0e3,其他,1
books_general_interest,d9d43faf741ceaa8da52fdbb81d9e0e3,物流慢,1
books_general_interest,f0b47fbbc6dee9aafe415a6e33051b3f,其他,1
books_general_interest,f0b47fbbc6dee9aafe415a6e33051b3f,质量差,1
books_general_interest,ffcfefa19b08742c5d315f2791395ee5,其他,1
books_imported,5f0057b677eb963672bf05dfa3f16c34,物流慢,1
books_imported,7c5b05cbdb5542049f38d90d7815b97d,其他,3
books_imported,bc2ac6b95e1accce9858528ee566c17e,其他,1
books_imported,bc2ac6b95e1accce9858528ee566c17e,包装差,1
books_technical,0ffa40d54288e4f3499b8780dd0f144f,其他,1
books_technical,0ffa40d54288e4f3499b8780dd0f144f,质量差,1
books_technical,1bb2bdb95f4841f1bba2c0d2cd83d3c9,其他,1
books_technical,2953ce3a88f5e3c3b696d77fc9e4c8eb,物流慢,1
books_technical,4ba52dfeba874da5b9ee7b17c7494f04,其他,1
books_technical,89de2d6f23e9746ff309705b23581faa,与描述不符,1
books_technical,89de2d6f23e9746ff309705b23581faa,其他,1
books_technical,89de2d6f23e9746ff309705b23581faa,货不对板,2
books_technical,ba143b05f0110f0dc71ad71b4466ce92,其他,3
books_technical,ba143b05f0110f0dc71ad71b4466ce92,客服差,1
books_technical,ba143b05f0110f0dc71ad71b4466ce92,物流慢,1
books_technical,ff4e2d38692ce827b1a4f4b8196e680d,货不对板,1
christmas_supplies,113e3a788b935f48aad63e1c41dac1bd,其他,1
christmas_supplies,116ccb1a1604bc88e4d234a8c23f33de,其他,2
christmas_supplies,4e326052e5dbba8adcd512f3450a307e,货不对板,1
christmas_supplies,4e326052e5dbba8adcd512f3450a307e,质量差,1
christmas_supplies,9f56a7a649097b166d8ed286ad86a15c,其他,1
christmas_supplies,b9a03475e6447e631b6799ec8274800f,货不对板,1
christmas_supplies,d93919c944be9cff128f6c9cb899eacb,其他,5
christmas_supplies,dfa0c4c6229ab200a4a1336b4d7128ff,货不对板,1
cine_photo,8d956fec2e4337affcb520f56fd8cbfd,其他,2
cine_photo,8d956fec2e4337affcb520f56fd8cbfd,物流慢,1
cine_photo,c522be04e020c1e7b79f3acff36513d5,其他,1
cine_photo,da7039f29f90ce5b4846ffc0fcc93beb,其他,1
cine_photo,fcb5ace8bcc92f75707dc0f01a27d269,质量差,1
cine_photo,ffa6adafb71b807dc13159e26431354c,其他,1
cine_photo,ffa6adafb71b807dc13159e26431354c,物流慢,1
computers,53243585a1d6dc2643021fd1853d8905,其他,8
computers,53243585a1d6dc2643021fd1853d8905,包装差,1
computers,53243585a1d6dc2643021fd1853d8905,客服差,1
computers,53243585a1d6dc2643021fd1853d8905,质量差,2
computers,7681ef142fd2c19048da7430856b5588,其他,3
computers_accessories,00fc707aaaad2d31347cf883cd2dfe10,其他,9
computers_accessories,00fc707aaaad2d31347cf883cd2dfe10,包装差,1
computers_accessories,00fc707aaaad2d31347cf883cd2dfe10,客服差,1
computers_accessories,00fc707aaaad2d31347cf883cd2dfe10,物流慢,2
computers_accessories,00fc707aaaad2d31347cf883cd2dfe10,退款/纠纷,1
computers_accessories,01c97ebb5cdac52891c0ed1c37ba0012,包装差,1
computers_accessories,04fdea0c111866e6cf812f1570d6b5bd,物流慢,1
computers_accessories,06e5eefc71ec47ae763c5c6f8db7064f,其他,2
computers_accessories,06e5eefc71ec47ae763c5c6f8db7064f,物流慢,1
computers_accessories,06e5eefc71ec47ae763c5c6f8db7064f,质量差,1
computers_accessories,080102cd0a76b09e0dcf55fcacc60e05,与描述不符,1
computers_accessories,080102cd0a76b09e0dcf55fcacc60e05,其他,2
computers_accessories,080102cd0a76b09e0dcf55fcacc60e05,货不对板,1
computers_accessories,0b90b6df587eb83608a64ea8b390cf07,其他,11
computers_accessories,0b90b6df587eb83608a64ea8b390cf07,客服差,3
computers_accessories,0b90b6df587eb83608a64ea8b390cf07,物流慢,5
computers_accessories,0b90b6df587eb83608a64ea8b390cf07,货不对板,2
computers_accessories,0b90b6df587eb83608a64ea8b390cf07,退款/纠纷,1
computers_accessories,0d83f8e03188682112cc0d93523705cc,其他,1
computers_accessories,0db783cfcd3b73998abc6e10e59a102f,其他,4
computers_accessories,0db783cfcd3b73998abc6e10e59a102f,客服差,1
computers_accessories,0db783cfcd3b73998abc6e10e59a102f,物流慢,1
computers_accessories,14a08204d03bb6b6bde8029f801ae0eb,其他,1
computers_accessories,1588ac4010787100dddef64568f0ae35,其他,1
computers_accessories,165fc07beebdcb6190fba8a06db2a449,其他,5
computers_accessories,165fc07beebdcb6190fba8a06db2a449,包装差,1
computers_accessories,165fc07beebdcb6190fba8a06db2a449,质量差,1
computers_accessories,17e34d8224d27a541263c4c64b11a56b,其他,2
computers_accessories,17e34d8224d27a541263c4c64b11a56b,物流慢,1
computers_accessories,17e34d8224d27a541263c4c64b11a56b,质量差,1
computers_accessories,1838dd9b8977065acf51d95e0053ea7a,其他,3
computers_accessories,1838dd9b8977065acf51d95e0053ea7a,物流慢,1
computers_accessories,1838dd9b8977065acf51d95e0053ea7a,货不对板,1
computers_accessories,18a349e75d307f4b4cc646a691ed4216,其他,3
computers_accessories,18a349e75d307f4b4cc646a691ed4216,货不对板,1
computers_accessories,18a349e75d307f4b4cc646a691ed4216,退款/纠纷,1
computers_accessories,1c68394e931a64f90ea236c5ea590300,其他,12
computers_accessories,1c68394e931a64f90ea236c5ea590300,客服差,1
computers_accessories,1c68394e931a64f90ea236c5ea590300,物流慢,1
computers_accessories,1c68394e931a64f90ea236c5ea590300,质量差,1
computers_accessories,1c68394e931a64f90ea236c5ea590300,退款/纠纷,1
computers_accessories,1d503743d2526f03f0c2c89540ee008c,物流慢,1
computers_accessories,1da3aeb70d7989d1e6d9b0e887f97c23,与描述不符,1
computers_accessories,1fe5540d7c1c37a595fefbacd5570d9e,其他,1
computers_accessories,2009a095de2a2a41626f6c6d7722678d,其他,1
computers_accessories,20b54c376b794ed028df09a3cd88e8dc,客服差,1
computers_accessories,2156f2671501a81034d7d07f217609d0,物流慢,3
computers_accessories,229c3efbfb0ea2058de4ccdfbc3d784a,与描述不符,5
computers_accessories,229c3efbfb0ea2058de4ccdfbc3d784a,其他,8
computers_accessories,229c3efbfb0ea2058de4ccdfbc3d784a,包装差,2
computers_accessories,229c3efbfb0ea2058de4ccdfbc3d784a,客服差,2
computers_accessories,229c3efbfb0ea2058de4ccdfbc3d784a,物流慢,1
computers_accessories,229c3efbfb0ea2058de4ccdfbc3d784a,货不对板,5
computers_accessories,229c3efbfb0ea2058de4ccdfbc3d784a,质量差,1
computers_accessories,236585a4ddb5fea9fa40233e2249ed91,其他,1
computers_accessories,25c5c91f63607446a97b143d2d535d31,与描述不符,1
computers_accessories,25c5c91f63607446a97b143d2d535d31,其他,10
computers_accessories,25c5c91f63607446a97b143d2d535d31,包装差,1
computers_accessories,25c5c91f63607446a97b143d2d535d31,客服差,1
computers_accessories,25c5c91f63607446a97b143d2d535d31,物流慢,3
computers_accessories,25c5c91f63607446a97b143d2d535d31,质量差,5
computers_accessories,2a1348e9addc1af5aaa619b1a3679d6b,质量差,1
computers_accessories,2b3e4a2a3ea8e01938cabda2a3e5cc79,其他,2
computers_accessories,2b3e4a2a3ea8e01938cabda2a3e5cc79,货不对板,1
computers_accessories,2e3be8a987a30d7544dbbda6861cc14e,其他,4
computers_accessories,2e3be8a987a30d7544dbbda6861cc14e,货不对板,1
computers_accessories,2e3be8a987a30d7544dbbda6861cc14e,质量差,1
computers_accessories,2eb70248d66e0e3ef83659f71b244378,其他,15
computers_accessories,2eb70248d66e0e3ef83659f71b244378,包装差,1
computers_accessories,2eb70248d66e0e3ef83659f71b244378,客服差,1
computers_accessories,2eb70248d66e0e3ef83659f71b244378,物流慢,6
computers_accessories,2eb70248d66e0e3ef83659f71b244378,货不对板,7
computers_accessories,2eb70248d66e0e3ef83659f71b244378,质量差,4
computers_accessories,2eb70248d66e0e3ef83659f71b244378,退款/纠纷,1
computers_accessories,30829ded4523ab9224b93bc49a62c95f,其他,1
computers_accessories,30829ded4523ab9224b93bc49a62c95f,质量差,1
computers_accessories,30829ded4523ab9224b93bc49a62c95f,退款/纠纷,1
computers_accessories,3340ef1913fb70d28420f6ceb685c339,客服差,1
computers_accessories,3340ef1913fb70d28420f6ceb685c339,物流慢,1
computers_accessories,33c51922b6e3c16b24a8f28e5833c99d,货不对板,1
computers_accessories,36a968b544695394e4e9d7572688598f,其他,12
computers_accessories,36a968b544695394e4e9d7572688598f,物流慢,4
computers_accessories,36a968b544695394e4e9d7572688598f,质量差,2
computers_accessories,36a968b544695394e4e9d7572688598f,退款/纠纷,1
computers_accessories,3935fe5fe0f82787a9dcb8deb62be09d,物流慢,1
computers_accessories,3bb548e3cb7f70f28e3f11ee9dce0e59,其他,1
computers_accessories,3bb548e3cb7f70f28e3f11ee9dce0e59,尺寸不符,1
computers_accessories,3bb548e3cb7f70f28e3f11ee9dce0e59,货不对板,1
computers_accessories,3bb548e3cb7f70f28e3f11ee9dce0e59,质量差,1
computers_accessories,3bdff180c7e1f6551a643b99c265a120,其他,2
computers_accessories,3bdff180c7e1f6551a643b99c265a120,客服差,1
computers_accessories,3bdff180c7e1f6551a643b99c265a120,物流慢,1
computers_accessories,3bdff180c7e1f6551a643b99c265a120,质量差,2
computers_accessories,3e8bd881d92466e63ba9e3e809cd3c50,其他,1
computers_accessories,406740ee611378a662d274c7d8c43c4a,其他,1
computers_accessories,4170f6a9367e6b5d6401d03ce6d54569,其他,1
computers_accessories,41b14765bd56c8ad10971074380f9c0c,其他,1
computers_accessories,4324dd16853115efb0fd9d0d131ba6f4,其他,1
computers_accessories,4324dd16853115efb0fd9d0d131ba6f4,物流慢,1
computers_accessories,44073f8b7e41514de3b7815dd0237f4f,质量差,1
computers_accessories,4559697a8f7e637227c2eeaed843baff,其他,1
computers_accessories,48162d548f5b1b11b9d29d1e01f75a61,其他,3
computers_accessories,4b5f66b7adcf57f1ecc0d3c07dd6b177,其他,2
computers_accessories,4b5f66b7adcf57f1ecc0d3c07dd6b177,物流慢,1
computers_accessories,4bc3d93e4a5f88a598d3d8ce4ae510b3,其他,1
computers_accessories,4e5725ba188db8252977a4f0227bd462,其他,5
computers_accessories,4e5725ba188db8252977a4f0227bd462,物流慢,1
computers_accessories,4e922959ae960d389249c378d1c939f5,其他,11
computers_accessories,4e922959ae960d389249c378d1c939f5,客服差,1
computers_accessories,4e922959ae960d389249c378d1c939f5,物流慢,1
computers_accessories,4e922959ae960d389249c378d1c939f5,货不对板,1
computers_accessories,4e922959ae960d389249c378d1c939f5,退款/纠纷,1
computers_accessories,522620dcb18a6b31cd7bdf73665113a9,包装差,1
computers_accessories,522620dcb18a6b31cd7bdf73665113a9,尺寸不符,1
computers_accessories,522620dcb18a6b31cd7bdf73665113a9,物流慢,3
computers_accessories,522620dcb18a6b31cd7bdf73665113a9,质量差,1
computers_accessories,52f0fe436a347ddad7ed5f9aa4e27eaa,其他,2
computers_accessories,52f0fe436a347ddad7ed5f9aa4e27eaa,客服差,1
computers_accessories,557f22c76691849db52d2abccf0015d0,其他,1
computers_accessories,557f22c76691849db52d2abccf0015d0,质量差,1
computers_accessories,5656537e588803a555b8eb41f07a944b,其他,3
computers_accessories,5656537e588803a555b8eb41f07a944b,质量差,1
computers_accessories,56e361f411e38dcef17cdc2a3d99628b,物流慢,1
computers_accessories,582d4f8675b945722eda7c0cb61ba4c7,客服差,1
computers_accessories,5b8154610ebb21fb90eb587365e673df,其他,1
computers_accessories,5c6d4016c2a288f074fa0848a2b653d2,其他,1
computers_accessories,5c6d4016c2a288f074fa0848a2b653d2,货不对板,1
computers_accessories,5c6d4016c2a288f074fa0848a2b653d2,质量差,2
computers_accessories,5f67c6082caacb26e431a7b17940cece,其他,1
computers_accessories,5f67c6082caacb26e431a7b17940cece,物流慢,1
computers_accessories,6039e27294dc75811c0d8a39069f52c0,其他,1
computers_accessories,6039e27294dc75811c0d8a39069f52c0,质量差,1
computers_accessories,612170e34b97004b3ba37eae81836b4c,其他,1
computers_accessories,6288c69c4ce638e59925e59193f98b16,客服差,1
computers_accessories,6560211a19b47992c3666cc44a7e94c0,质量差,1
computers_accessories,66dc1b1632bd6a3e508510c5b3492107,其他,1
computers_accessories,66dc1b1632bd6a3e508510c5b3492107,质量差,1
computers_accessories,66fd84ee7528c0c0de85d0f44a73d5ab,其他,1
computers_accessories,66fd84ee7528c0c0de85d0f44a73d5ab,货不对板,1
computers_accessories,6973a06f484aacf400ece213dbf3d946,其他,8
computers_accessories,6973a06f484aacf400ece213dbf3d946,物流慢,4
computers_accessories,6973a06f484aacf400ece213dbf3d946,货不对板,2
computers_accessories,6973a06f484aacf400ece213dbf3d946,质量差,2
computers_accessories,6973a06f484aacf400ece213dbf3d946,退款/纠纷,1
computers_accessories,6bcb2352a2a0c38b845f598298ab9d26,物流慢,1
computers_accessories,6ee85be3693ed79a8e80718743d80655,其他,1
computers_accessories,7040e82f899a04d1b434b795a43b4617,物流慢,1
computers_accessories,70a12e78e608ac31179aea7f8422044b,其他,7
computers_accessories,70a12e78e608ac31179aea7f8422044b,物流慢,3
computers_accessories,70a12e78e608ac31179aea7f8422044b,质量差,3
computers_accessories,70a12e78e608ac31179aea7f8422044b,退款/纠纷,1
computers_accessories,710e3548e02bc1d2831dfc4f1b5b14d4,其他,9
computers_accessories,710e3548e02bc1d2831dfc4f1b5b14d4,客服差,4
computers_accessories,710e3548e02bc1d2831dfc4f1b5b14d4,物流慢,1
computers_accessories,710e3548e02bc1d2831dfc4f1b5b14d4,货不对板,7
computers_accessories,710e3548e02bc1d2831dfc4f1b5b14d4,质量差,1
computers_accessories,714b9a1332840f257b49f476bea4e341,其他,1
computers_accessories,714b9a1332840f257b49f476bea4e341,质量差,1
computers_accessories,7178f9f4dd81dcef02f62acdf8151e01,其他,2
computers_accessories,7178f9f4dd81dcef02f62acdf8151e01,物流慢,1
computers_accessories,7178f9f4dd81dcef02f62acdf8151e01,质量差,1
computers_accessories,75d34ebb1bd0bd7dde40dd507b8169c3,货不对板,1
computers_accessories,784ba75dd9d20200c4caed3d7a77141a,其他,2
computers_accessories,791cfcfe22fe4a771ece27f90017da92,其他,1
computers_accessories,79ee721b6f766066a80264402548d359,其他,1
computers_accessories,79ee721b6f766066a80264402548d359,物流慢,1
computers_accessories,7ddcbb64b5bc1ef36ca8c151f6ec77df,其他,4
computers_accessories,7e3f87d16fb353f408d467e74fbd8014,其他,3
computers_accessories,7e3f87d16fb353f408d467e74fbd8014,物流慢,1
computers_accessories,7e3f87d16fb353f408d467e74fbd8014,质量差,1
computers_accessories,85d9eb9ddc5d00ca9336a2219c97bb13,其他,16
computers_accessories,85d9eb9ddc5d00ca9336a2219c97bb13,客服差,1
computers_accessories,85d9eb9ddc5d00ca9336a2219c97bb13,尺寸不符,1
computers_accessories,85d9eb9ddc5d00ca9336a2219c97bb13,物流慢,3
computers_accessories,85d9eb9ddc5d00ca9336a2219c97bb13,货不对板,3
computers_accessories,85d9eb9ddc5d00ca9336a2219c97bb13,质量差,2
computers_accessories,8629a7efec1aab257e58cda559f03ba7,其他,1
computers_accessories,87142160b41353c4e5fca2360caf6f92,其他,8
computers_accessories,87142160b41353c4e5fca2360caf6f92,包装差,1
computers_accessories,87142160b41353c4e5fca2360caf6f92,客服差,1
computers_accessories,87142160b41353c4e5fca2360caf6f92,物流慢,1
computers_accessories,87142160b41353c4e5fca2360caf6f92,货不对板,1
computers_accessories,87142160b41353c4e5fca2360caf6f92,质量差,2
computers_accessories,88460e8ebdecbfecb5f9601833981930,与描述不符,1
computers_accessories,88460e8ebdecbfecb5f9601833981930,其他,39
computers_accessories,88460e8ebdecbfecb5f9601833981930,包装差,3
computers_accessories,88460e8ebdecbfecb5f9601833981930,客服差,1
computers_accessories,88460e8ebdecbfecb5f9601833981930,物流慢,11
computers_accessories,88460e8ebdecbfecb5f9601833981930,货不对板,3
computers_accessories,88460e8ebdecbfecb5f9601833981930,质量差,1
computers_accessories,88460e8ebdecbfecb5f9601833981930,退款/纠纷,3
computers_accessories,897060da8b9a21f655304d50fd935913,与描述不符,5
computers_accessories,897060da8b9a21f655304d50fd935913,其他,35
computers_accessories,897060da8b9a21f655304d50fd935913,包装差,1
computers_accessories,897060da8b9a21f655304d50fd935913,客服差,5
computers_accessories,897060da8b9a21f655304d50fd935913,尺寸不符,1
computers_accessories,897060da8b9a21f655304d50fd935913,物流慢,6
computers_accessories,897060da8b9a21f655304d50fd935913,货不对板,4
computers_accessories,897060da8b9a21f655304d50fd935913,质量差,7
computers_accessories,89dda63a3c907c468ec88c310ed91213,其他,1
computers_accessories,8b28d096634035667e8263d57ba3368c,物流慢,1
computers_accessories,8c16d1f32a54d92897cc437244442e1b,其他,1
computers_accessories,8c16d1f32a54d92897cc437244442e1b,物流慢,1
computers_accessories,8d956fec2e4337affcb520f56fd8cbfd,物流慢,1
computers_accessories,8e6d7754bc7e0f22c96d255ebda59eba,其他,6
computers_accessories,8e6d7754bc7e0f22c96d255ebda59eba,物流慢,4
computers_accessories,8e6d7754bc7e0f22c96d255ebda59eba,货不对板,2
computers_accessories,8e6d7754bc7e0f22c96d255ebda59eba,质量差,2
computers_accessories,8e6d7754bc7e0f22c96d255ebda59eba,退款/纠纷,1
computers_accessories,8e8a7ce9f2f970dc00e2acf6f6e199f6,与描述不符,1
computers_accessories,8e8a7ce9f2f970dc00e2acf6f6e199f6,其他,4
computers_accessories,8e8a7ce9f2f970dc00e2acf6f6e199f6,客服差,1
computers_accessories,955fee9216a65b617aa5c0531780ce60,质量差,3
computers_accessories,9646c3513289980f17226a2fc4720dbd,质量差,1
computers_accessories,96493fab2fbb13a14d0c0e8772eef5c3,其他,3
computers_accessories,96493fab2fbb13a14d0c0e8772eef5c3,包装差,1
computers_accessories,96493fab2fbb13a14d0c0e8772eef5c3,物流慢,2
computers_accessories,96493fab2fbb13a14d0c0e8772eef5c3,货不对板,1
computers_accessories,974cf2cb8f4b7add98709c30df02fe10,其他,4
computers_accessories,9803a40e82e45418ab7fb84091af5231,物流慢,1
computers_accessories,99eaacc9e6046db1c82b163c5f84869f,其他,1
computers_accessories,9c0e69c7bf2619675bbadf47b43f655a,其他,6
computers_accessories,9c0e69c7bf2619675bbadf47b43f655a,客服差,1
computers_accessories,9c0e69c7bf2619675bbadf47b43f655a,物流慢,3
computers_accessories,9c0e69c7bf2619675bbadf47b43f655a,退款/纠纷,1
computers_accessories,9c7fd21e0aa159b20da593371f08ff7c,其他,1
computers_accessories,9d7a1d34a5052409006425275ba1c2b4,包装差,1
computers_accessories,9f50216bfd01913736a55a11b55ea842,其他,1
computers_accessories,9f505651f4a6abe901a56cdc21508025,其他,19
computers_accessories,9f505651f4a6abe901a56cdc21508025,物流慢,2
computers_accessories,9f505651f4a6abe901a56cdc21508025,货不对板,2
computers_accessories,9f505651f4a6abe901a56cdc21508025,质量差,2
computers_accessories,9f505651f4a6abe901a56cdc21508025,退款/纠纷,3
computers_accessories,a1043bafd471dff536d0c462352beb48,其他,16
computers_accessories,a1043bafd471dff536d0c462352beb48,客服差,2
computers_accessories,a1043bafd471dff536d0c462352beb48,物流慢,4
computers_accessories,a1043bafd471dff536d0c462352beb48,退款/纠纷,2
computers_accessories,af4a0e4cfe1d9c26b6712b1be25a72e5,其他,3
computers_accessories,af4a0e4cfe1d9c26b6712b1be25a72e5,客服差,1
computers_accessories,af4a0e4cfe1d9c26b6712b1be25a72e5,货不对板,2
computers_accessories,af4a0e4cfe1d9c26b6712b1be25a72e5,质量差,1
computers_accessories,b2ba3715d723d245138f291a6fe42594,客服差,1
computers_accessories,b499c00f28f4b7069ff6550af8c1348a,与描述不符,1
computers_accessories,b499c00f28f4b7069ff6550af8c1348a,其他,1
computers_accessories,b4a476fbd28de64b1e347abf9089366a,其他,1
computers_accessories,ba6b4a237f92479743cf0ca06b67a9ac,物流慢,1
computers_accessories,bc503e244f187939d10c92a5c8e378ce,其他,2
computers_accessories,bc503e244f187939d10c92a5c8e378ce,物流慢,1
computers_accessories,bd0389da23d89b726abf911cccc54596,其他,4
computers_accessories,bd0389da23d89b726abf911cccc54596,物流慢,1
computers_accessories,bd0389da23d89b726abf911cccc54596,质量差,2
computers_accessories,bd0389da23d89b726abf911cccc54596,退款/纠纷,1
computers_accessories,be8e909810184b9b19e886129149d8e5,其他,2
computers_accessories,be8e909810184b9b19e886129149d8e5,物流慢,1
computers_accessories,bee36b4f9a2b9fdcaff6ec05df202ed0,物流慢,1
computers_accessories,bf00385a5f7fc1ef39a13c2e9ee50a5f,货不对板,1
computers_accessories,c12b92bf1c350f3e6bf88d3596219c86,质量差,1
computers_accessories,c1dde11f12d05c478f5de2d7319ad3b2,退款/纠纷,1
computers_accessories,c1ed9e3daf6154542826a6996af0fb8c,其他,2
computers_accessories,c286ec035ee04ba81c97508f0b5df544,其他,1
computers_accessories,c72de06d72748d1a0dfb2125be43ba63,与描述不符,1
computers_accessories,c79151301b9d90985d1fa52879213105,其他,1
computers_accessories,c990d6cf976a5718aaedc539f383ab88,其他,1
computers_accessories,c990d6cf976a5718aaedc539f383ab88,物流慢,1
computers_accessories,ce27a3cc3c8cc1ea79d11e561e9bebb6,其他,4
computers_accessories,ce27a3cc3c8cc1ea79d11e561e9bebb6,包装差,1
computers_accessories,d03698c2efd04a549382afa6623e27fb,其他,1
computers_accessories,d5ba419e26d246a0719437cf37d9b46d,其他,2
computers_accessories,d5ba419e26d246a0719437cf37d9b46d,客服差,1
computers_accessories,d5ba419e26d246a0719437cf37d9b46d,质量差,1
computers_accessories,d79e8478eed9999493990b44955fb22e,货不对板,1
computers_accessories,d9e8c084b68fe958861d8f2c21202e6b,其他,1
computers_accessories,dc120d932ddf9d4dfb6fd68beefda622,其他,1
computers_accessories,dd2bdf855a9172734fbc3744021ae9b9,其他,1
computers_accessories,de722cd6dad950a92b7d4f82673f8833,其他,11
computers_accessories,de722cd6dad950a92b7d4f82673f8833,包装差,4
computers_accessories,de722cd6dad950a92b7d4f82673f8833,物流慢,2
computers_accessories,de722cd6dad950a92b7d4f82673f8833,货不对板,2
computers_accessories,de9727ca376d1be6ec121b110aa7954c,其他,1
computers_accessories,de9727ca376d1be6ec121b110aa7954c,退款/纠纷,1
computers_accessories,e21a1e8be4715b0fcfd5385643bc49c4,其他,1
computers_accessories,e2aee0892199b1d92530e371abd825bf,包装差,1
computers_accessories,e48cc16ab70bfa09e1401740dce0b3d7,其他,1
computers_accessories,e48cc16ab70bfa09e1401740dce0b3d7,质量差,1
computers_accessories,e49c26c3edfa46d227d5121a6b6e4d37,包装差,1
computers_accessories,e5f9e61ceb5f523cc966e0f34095032f,其他,1
computers_accessories,e7d5b006eb624f13074497221eb37807,其他,1
computers_accessories,e7d5b006eb624f13074497221eb37807,物流慢,2
computers_accessories,e8b3a3a38279a82f0e5d006d5e5b7d2c,其他,1
computers_accessories,e8b3a3a38279a82f0e5d006d5e5b7d2c,物流慢,1
computers_accessories,e9bc59e7b60fc3063eb2290deda4cced,与描述不符,1
computers_accessories,e9bc59e7b60fc3063eb2290deda4cced,其他,9
computers_accessories,e9bc59e7b60fc3063eb2290deda4cced,包装差,1
computers_accessories,e9bc59e7b60fc3063eb2290deda4cced,客服差,1
computers_accessories,e9bc59e7b60fc3063eb2290deda4cced,物流慢,3
computers_accessories,e9bc59e7b60fc3063eb2290deda4cced,质量差,2
computers_accessories,e9bc59e7b60fc3063eb2290deda4cced,退款/纠纷,2
computers_accessories,e9d99831abad74458942f21e16f33f92,其他,4
computers_accessories,e9d99831abad74458942f21e16f33f92,物流慢,1
computers_accessories,e9d99831abad74458942f21e16f33f92,退款/纠纷,1
computers_accessories,ea566164622c6b439516ab18062c42cd,其他,1
computers_accessories,ea65d8b58316a6f2362f2a9e4b3e86ad,客服差,1
computers_accessories,ec8879960bd2221d5c32f8e12f7da711,其他,1
computers_accessories,ec8879960bd2221d5c32f8e12f7da711,客服差,1
computers_accessories,ec8879960bd2221d5c32f8e12f7da711,物流慢,1
computers_accessories,ed4acab38528488b65a9a9c603ff024a,其他,4
computers_accessories,ed4acab38528488b65a9a9c603ff024a,货不对板,2
computers_accessories,ede0c03645598cdfc63ca8237acbe73d,其他,3
computers_accessories,ede0c03645598cdfc63ca8237acbe73d,物流慢,3
computers_accessories,ede0c03645598cdfc63ca8237acbe73d,质量差,1
computers_accessories,f25e239052084705e17a982bc600ab2a,其他,1
computers_accessories,f262cbc1c910c83959f849465454ddd3,其他,7
computers_accessories,f262cbc1c910c83959f849465454ddd3,客服差,1
computers_accessories,f27e33c6d29b5138fa9967bcd445b6d5,其他,1
computers_accessories,f3c38ab652836d21de61fb8314b69182,其他,1
computers_accessories,f457c46070d02cadd8a68551231220dd,其他,21
computers_accessories,f457c46070d02cadd8a68551231220dd,客服差,3
computers_accessories,f457c46070d02cadd8a68551231220dd,物流慢,5
computers_accessories,f457c46070d02cadd8a68551231220dd,退款/纠纷,2
computers_accessories,f6122bc84774df1b372bdb3bb88ddb9f,物流慢,1
computers_accessories,f8db351d8c4c4c22c6835c19a46f01b0,其他,1
computers_accessories,f8db351d8c4c4c22c6835c19a46f01b0,货不对板,1
computers_accessories,fc59392d66ef99377e50356ee4f3b4e1,物流慢,1
computers_accessories,fc906263ca5083d09dce42fe02247800,其他,3
computers_accessories,fc906263ca5083d09dce42fe02247800,尺寸不符,1
computers_accessories,fc906263ca5083d09dce42fe02247800,质量差,1
computers_accessories,fd386aa7bed2af3c7035c65506c9b4a3,其他,1
consoles_games,16090f2ca825584b5a147ab24aa30c86,其他,2
consoles_games,17e34d8224d27a541263c4c64b11a56b,其他,2
consoles_games,17e34d8224d27a541263c4c64b11a56b,物流慢,1
consoles_games,17e34d8224d27a541263c4c64b11a56b,货不对板,1
consoles_games,18a349e75d307f4b4cc646a691ed4216,其他,3
consoles_games,2a1348e9addc1af5aaa619b1a3679d6b,物流慢,1
consoles_games,2c3d56f92f360fb89d849b84e8f50eae,其他,1
consoles_games,2eb70248d66e0e3ef83659f71b244378,其他,2
consoles_games,2eb70248d66e0e3ef83659f71b244378,物流慢,2
consoles_games,3092c0b297aacfb4bb6e056ebe13b9b8,其他,1
consoles_games,3092c0b297aacfb4bb6e056ebe13b9b8,退款/纠纷,1
consoles_games,36a968b544695394e4e9d7572688598f,其他,2
consoles_games,37515688008a7a40ac93e3b2e4ab203f,其他,6
consoles_games,37515688008a7a40ac93e3b2e4ab203f,包装差,1
consoles_games,37515688008a7a40ac93e3b2e4ab203f,物流慢,6
consoles_games,37515688008a7a40ac93e3b2e4ab203f,质量差,1
consoles_games,3985a3c45be355a4c57fde108bfabd1c,包装差,1
consoles_games,43f8c9950d11ecd03a0304a49e010da6,其他,1
consoles_games,4b1eaadf791bdbbad8c4a35b65236d52,其他,2
consoles_games,4b1eaadf791bdbbad8c4a35b65236d52,物流慢,2
consoles_games,4b1eaadf791bdbbad8c4a35b65236d52,质量差,1
consoles_games,4b1eaadf791bdbbad8c4a35b65236d52,退款/纠纷,1
consoles_games,4c61e37f664c3c88aff092aa5ac779d7,其他,1
consoles_games,4e922959ae960d389249c378d1c939f5,其他,1
consoles_games,4e922959ae960d389249c378d1c939f5,包装差,1
consoles_games,522620dcb18a6b31cd7bdf73665113a9,其他,12
consoles_games,522620dcb18a6b31cd7bdf73665113a9,客服差,2
consoles_games,522620dcb18a6b31cd7bdf73665113a9,质量差,1
consoles_games,522620dcb18a6b31cd7bdf73665113a9,退款/纠纷,2
consoles_games,5ca5d579b5857ee8709479b1047cecc3,物流慢,2
consoles_games,66e0557ecc2b4dbea057e93f215f68d8,其他,1
consoles_games,66e0557ecc2b4dbea057e93f215f68d8,物流慢,2
consoles_games,6b90f847357d8981edd79a1eb1bf0acb,其他,1
consoles_games,6bef34c5be6f2bbd70aa5165f6df94b1,其他,1
consoles_games,6c177e38df6d3f34182b1f1d427231bf,其他,1
consoles_games,70a12e78e608ac31179aea7f8422044b,物流慢,1
consoles_games,7299e27ed73d2ad986de7f7c77d919fa,其他,1
consoles_games,7299e27ed73d2ad986de7f7c77d919fa,客服差,1
consoles_games,7299e27ed73d2ad986de7f7c77d919fa,物流慢,1
consoles_games,7299e27ed73d2ad986de7f7c77d919fa,货不对板,1
consoles_games,7299e27ed73d2ad986de7f7c77d919fa,退款/纠纷,1
consoles_games,81f89e42267213cb94da7ddc301651da,其他,1
consoles_games,81f89e42267213cb94da7ddc301651da,货不对板,2
consoles_games,822b63912576852aea9a8436d72317b7,质量差,1
consoles_games,822b63912576852aea9a8436d72317b7,退款/纠纷,1
consoles_games,8b28d096634035667e8263d57ba3368c,其他,1
consoles_games,8b321bb669392f5163d04c59e235e066,其他,2
consoles_games,8b321bb669392f5163d04c59e235e066,退款/纠纷,1
consoles_games,8d956fec2e4337affcb520f56fd8cbfd,其他,1
consoles_games,90d4125885ab6c86e8820a722be71974,其他,1
consoles_games,90d4125885ab6c86e8820a722be71974,客服差,1
consoles_games,b2ba3715d723d245138f291a6fe42594,物流慢,1
consoles_games,ce27a3cc3c8cc1ea79d11e561e9bebb6,其他,3
consoles_games,ce27a3cc3c8cc1ea79d11e561e9bebb6,包装差,1
consoles_games,ce27a3cc3c8cc1ea79d11e561e9bebb6,客服差,3
consoles_games,ce27a3cc3c8cc1ea79d11e561e9bebb6,物流慢,2
consoles_games,ce27a3cc3c8cc1ea79d11e561e9bebb6,退款/纠纷,1
consoles_games,e8b3a3a38279a82f0e5d006d5e5b7d2c,其他,7
consoles_games,e8b3a3a38279a82f0e5d006d5e5b7d2c,客服差,1
consoles_games,e8b3a3a38279a82f0e5d006d5e5b7d2c,物流慢,4
consoles_games,e8b3a3a38279a82f0e5d006d5e5b7d2c,质量差,1
consoles_games,fc906263ca5083d09dce42fe02247800,其他,1
consoles_games,fcb5ace8bcc92f75707dc0f01a27d269,其他,1
construction_tools_construction,001cca7ae9ae17fb1caed9dfb1094831,其他,1
construction_tools_construction,05d2173d43ea568aa0540eba70d2ca76,其他,2
construction_tools_construction,0b35c634521043bf4b47e21547b99ab5,其他,7
construction_tools_construction,0b35c634521043bf4b47e21547b99ab5,包装差,1
construction_tools_construction,0b35c634521043bf4b47e21547b99ab5,客服差,1
construction_tools_construction,0b35c634521043bf4b47e21547b99ab5,物流慢,4
construction_tools_construction,0b35c634521043bf4b47e21547b99ab5,质量差,2
construction_tools_construction,1a932caad4f9d804097d7f8e615baed1,客服差,1
construction_tools_construction,1a932caad4f9d804097d7f8e615baed1,物流慢,2
construction_tools_construction,1b65c144b17e607c0f37f10bb7dfec8d,与描述不符,1
construction_tools_construction,1b65c144b17e607c0f37f10bb7dfec8d,其他,1
construction_tools_construction,1b65c144b17e607c0f37f10bb7dfec8d,货不对板,1
construction_tools_construction,2156f2671501a81034d7d07f217609d0,其他,1
construction_tools_construction,2a50b7ee5aebecc6fd0ff9784a4747d6,其他,1
construction_tools_construction,411f3b52d857390502ee4e4d5ceabc2d,其他,3
construction_tools_construction,4978a02ea9c8be7a9b5480680f40334e,其他,1
construction_tools_construction,4c18691b6037662be2df78a765d98ab5,质量差,1
construction_tools_construction,539ed9e19811677513447759be5eccfc,其他,1
construction_tools_construction,575df70bde3f9f2b30bf8d2e9910d725,其他,1
construction_tools_construction,577719699805dd125d5b6fdde5943bba,物流慢,1
construction_tools_construction,59b22a78efb79a4797979612b885db36,物流慢,1
construction_tools_construction,59b22a78efb79a4797979612b885db36,质量差,1
construction_tools_construction,59b22a78efb79a4797979612b885db36,退款/纠纷,1
construction_tools_construction,5b664594895aefb418afaee6d40a9a23,其他,2
construction_tools_construction,5b664594895aefb418afaee6d40a9a23,质量差,1
construction_tools_construction,5b8154610ebb21fb90eb587365e673df,物流慢,1
construction_tools_construction,6860153b69cc696d5dcfe1cdaaafcf62,其他,5
construction_tools_construction,6860153b69cc696d5dcfe1cdaaafcf62,物流慢,1
construction_tools_construction,6860153b69cc696d5dcfe1cdaaafcf62,退款/纠纷,1
construction_tools_construction,72c5da29406b4234927b81855e7b64f6,其他,1
construction_tools_construction,73a63f72308aa20a46f4b1632018f196,其他,1
construction_tools_construction,83b08de96980757220871b31bf6cffca,其他,1
construction_tools_construction,8648b1e89e9b349e32d3741b30ec737e,与描述不符,1
construction_tools_construction,8648b1e89e9b349e32d3741b30ec737e,其他,4
construction_tools_construction,8648b1e89e9b349e32d3741b30ec737e,包装差,1
construction_tools_construction,8648b1e89e9b349e32d3741b30ec737e,尺寸不符,1
construction_tools_construction,8648b1e89e9b349e32d3741b30ec737e,物流慢,1
construction_tools_construction,8648b1e89e9b349e32d3741b30ec737e,货不对板,4
construction_tools_construction,8a87611c08849ffeeccab52aa798b6c7,其他,2
construction_tools_construction,8a87611c08849ffeeccab52aa798b6c7,物流慢,1
construction_tools_construction,9596c870880d900012f2e8e6e30d06d7,货不对板,1
construction_tools_construction,9bc484c87d79cd4874e05ca182658045,其他,1
construction_tools_construction,9bc484c87d79cd4874e05ca182658045,物流慢,1
construction_tools_construction,a4b8d97cd5d3674eeff96abc99d8ed67,其他,1
construction_tools_construction,ad8ada0ffa993cb1197d102d9ab21a3e,其他,1
construction_tools_construction,b839e41795b7f3ad94cc2014a52f6796,其他,2
construction_tools_construction,bdae679a9b282249bc23b9b69dae9a99,货不对板,1
construction_tools_construction,dbd66278cbfe1aa1000f90a217ca4695,其他,1
construction_tools_construction,e0a366315b1b726b6c7832d664c0f530,质量差,2
construction_tools_construction,e882b2a25a10b9c057cc49695f222c19,其他,1
construction_tools_construction,ec2e006556300a79a5a91e4876ab3a56,其他,2
construction_tools_construction,ec2e006556300a79a5a91e4876ab3a56,客服差,1
construction_tools_construction,f1b93673502375d491780bb49d615dbc,其他,1
construction_tools_construction,f262cbc1c910c83959f849465454ddd3,其他,1
construction_tools_construction,f262cbc1c910c83959f849465454ddd3,退款/纠纷,1
construction_tools_construction,fec6912baad85d41729669edd6b4d3b8,其他,1
construction_tools_lights,1025f0e2d44d7041d6cf58b6550e0bfa,与描述不符,1
construction_tools_lights,1025f0e2d44d7041d6cf58b6550e0bfa,其他,1
construction_tools_lights,1025f0e2d44d7041d6cf58b6550e0bfa,质量差,1
construction_tools_lights,213b25e6f54661939f11710a6fddb871,其他,1
construction_tools_lights,213b25e6f54661939f11710a6fddb871,物流慢,1
construction_tools_lights,278b6e0b20c4f61fefaa0577943d7a35,其他,1
construction_tools_lights,85cc55e048b6bcc90c75afe7f0e72f72,其他,1
construction_tools_lights,903037660cf848a717166eb7a06d616e,其他,1
construction_tools_lights,955fee9216a65b617aa5c0531780ce60,其他,5
construction_tools_lights,9d489893ff6af05029671b785f54b998,其他,1
construction_tools_lights,a369d693961cb93b61ca2cc518872a85,包装差,1
construction_tools_lights,d6b1ce66b035a475f00c017792ff9769,其他,3
construction_tools_lights,d6b1ce66b035a475f00c017792ff9769,包装差,1
construction_tools_lights,f9903dd0f812c7e771fcad47b6fff231,其他,1
construction_tools_safety,06e5eefc71ec47ae763c5c6f8db7064f,其他,2
construction_tools_safety,06e5eefc71ec47ae763c5c6f8db7064f,客服差,1
construction_tools_safety,06e5eefc71ec47ae763c5c6f8db7064f,质量差,1
construction_tools_safety,14a08204d03bb6b6bde8029f801ae0eb,物流慢,1
construction_tools_safety,18a349e75d307f4b4cc646a691ed4216,其他,1
construction_tools_safety,18a349e75d307f4b4cc646a691ed4216,货不对板,1
construction_tools_safety,1967a9e2ad6f51802b093147d861df58,其他,1
construction_tools_safety,39f776d2974049026ff531fc42ef2a3e,其他,1
construction_tools_safety,48162d548f5b1b11b9d29d1e01f75a61,质量差,1
construction_tools_safety,4a3ccda38b2129705f3fb522db62ca31,其他,4
construction_tools_safety,4a3ccda38b2129705f3fb522db62ca31,包装差,1
construction_tools_safety,4a3ccda38b2129705f3fb522db62ca31,货不对板,1
construction_tools_safety,5656537e588803a555b8eb41f07a944b,其他,1
construction_tools_safety,5f2684dab12e59f83bef73ae57724e45,退款/纠纷,1
construction_tools_safety,9523fb39dd240aa958e040f8183d64f3,其他,1
construction_tools_safety,b2a6d334e2833acea353624840e25a0e,其他,1
construction_tools_safety,cfe94489ddd337d1e29e12f2a7205d10,其他,1
construction_tools_safety,d71d863e5ef30d94e440c11be17dcd8f,物流慢,1
construction_tools_safety,f3da5b2ff499efb8d4a6d371d175d7dd,质量差,1
cool_stuff,014d9a685fd57276679edd00e07089e5,其他,1
cool_stuff,054694fa03fe82cec4b7551487331d74,其他,2
cool_stuff,05a940b4ecae36cadfd8e93bd9c43257,物流慢,1
cool_stuff,05ff92fedb5be47920fea08e501238b9,其他,1
cool_stuff,05ff92fedb5be47920fea08e501238b9,客服差,1
cool_stuff,05ff92fedb5be47920fea08e501238b9,退款/纠纷,1
cool_stuff,06e5eefc71ec47ae763c5c6f8db7064f,其他,2
cool_stuff,091065b789659bc3cd9af9cb3a6253ff,质量差,1
cool_stuff,101921376b577a4540dc30e9009133ca,其他,1
cool_stuff,12b9676b00f60f3b700e83af21824c0e,其他,3
cool_stuff,12b9676b00f60f3b700e83af21824c0e,物流慢,1
cool_stuff,12b9676b00f60f3b700e83af21824c0e,质量差,2
cool_stuff,1430239a858e7682bbc43b20758af153,其他,1
cool_stuff,18a349e75d307f4b4cc646a691ed4216,其他,1
cool_stuff,1bc2e21de46adfea6b98cc96b00f3b40,其他,1
cool_stuff,1c68394e931a64f90ea236c5ea590300,其他,1
cool_stuff,1c68394e931a64f90ea236c5ea590300,质量差,3
cool_stuff,1da3aeb70d7989d1e6d9b0e887f97c23,其他,1
cool_stuff,213fafb0ca06fb3d5886579c2565791b,其他,1
cool_stuff,2199e7fe213c16213bf5d6a7eadc9a5d,质量差,1
cool_stuff,23d7c96d4a1160db1c726b248601b25a,物流慢,1
cool_stuff,23d7c96d4a1160db1c726b248601b25a,质量差,1
cool_stuff,2a84855fd20af891be03bc5924d2b453,其他,2
cool_stuff,2a84855fd20af891be03bc5924d2b453,质量差,1
cool_stuff,2d2c62bef4c8ba0dd74e0e228e808539,其他,1
cool_stuff,2e90cb1677d35cfe24eef47d441b7c87,其他,1
cool_stuff,2e90cb1677d35cfe24eef47d441b7c87,物流慢,1
cool_stuff,2e90cb1677d35cfe24eef47d441b7c87,货不对板,1
cool_stuff,31ae0774c17fabd06ff707cc5bde005f,其他,1
cool_stuff,36a968b544695394e4e9d7572688598f,其他,1
cool_stuff,373ee4a3a775a733770ca3f790b8b9ac,其他,1
cool_stuff,40536e7ca18e1bce252828e5876466cc,物流慢,1
cool_stuff,41b39e28db005d9731d9d485a83b4c38,其他,1
cool_stuff,432c37c9dfba871172ec162e20118b8c,其他,2
cool_stuff,44073f8b7e41514de3b7815dd0237f4f,其他,4
cool_stuff,44073f8b7e41514de3b7815dd0237f4f,包装差,2
cool_stuff,44073f8b7e41514de3b7815dd0237f4f,货不对板,2
cool_stuff,44073f8b7e41514de3b7815dd0237f4f,质量差,2
cool_stuff,46dc3b2cc0980fb8ec44634e21d2718e,其他,2
cool_stuff,46dc3b2cc0980fb8ec44634e21d2718e,客服差,1
cool_stuff,46dc3b2cc0980fb8ec44634e21d2718e,物流慢,1
cool_stuff,48436dade18ac8b2bce089ec2a041202,其他,5
cool_stuff,48436dade18ac8b2bce089ec2a041202,客服差,1
cool_stuff,48436dade18ac8b2bce089ec2a041202,物流慢,4
cool_stuff,48436dade18ac8b2bce089ec2a041202,质量差,1
cool_stuff,48436dade18ac8b2bce089ec2a041202,退款/纠纷,1
cool_stuff,4869f7a5dfa277a7dca6462dcf3b52b2,其他,2
cool_stuff,4869f7a5dfa277a7dca6462dcf3b52b2,客服差,1
cool_stuff,4869f7a5dfa277a7dca6462dcf3b52b2,物流慢,1
cool_stuff,4869f7a5dfa277a7dca6462dcf3b52b2,货不对板,2
cool_stuff,4cf490a58259286ada5ba8525ba9e84a,其他,3
cool_stuff,4e5725ba188db8252977a4f0227bd462,其他,1
cool_stuff,4e922959ae960d389249c378d1c939f5,客服差,2
cool_stuff,4e922959ae960d389249c378d1c939f5,货不对板,1
cool_stuff,4e922959ae960d389249c378d1c939f5,质量差,2
cool_stuff,530ec6109d11eaaf87999465c6afee01,与描述不符,1
cool_stuff,537eb890efff034a88679788b647c564,其他,1
cool_stuff,54065e9aef7e9e9c2dc23b7594db021a,退款/纠纷,1
cool_stuff,59fb871bf6f4522a87ba567b42dafecf,客服差,1
cool_stuff,59fb871bf6f4522a87ba567b42dafecf,物流慢,1
cool_stuff,5dceca129747e92ff8ef7a997dc4f8ca,其他,1
cool_stuff,71039d19d4303bf9054d69e9a9236699,其他,1
cool_stuff,7a67c85e85bb2ce8582c35f2203ad736,其他,33
cool_stuff,7a67c85e85bb2ce8582c35f2203ad736,客服差,5
cool_stuff,7a67c85e85bb2ce8582c35f2203ad736,物流慢,19
cool_stuff,7a67c85e85bb2ce8582c35f2203ad736,货不对板,1
cool_stuff,7a67c85e85bb2ce8582c35f2203ad736,质量差,7
cool_stuff,7a67c85e85bb2ce8582c35f2203ad736,退款/纠纷,2
cool_stuff,7aa4334be125fcdd2ba64b3180029f14,其他,1
cool_stuff,7ddcbb64b5bc1ef36ca8c151f6ec77df,其他,12
cool_stuff,7ddcbb64b5bc1ef36ca8c151f6ec77df,客服差,1
cool_stuff,7ddcbb64b5bc1ef36ca8c151f6ec77df,尺寸不符,1
cool_stuff,7ddcbb64b5bc1ef36ca8c151f6ec77df,物流慢,5
cool_stuff,7ddcbb64b5bc1ef36ca8c151f6ec77df,货不对板,1
cool_stuff,7ddcbb64b5bc1ef36ca8c151f6ec77df,质量差,2
cool_stuff,7ddcbb64b5bc1ef36ca8c151f6ec77df,退款/纠纷,1
cool_stuff,7e93a43ef30c4f03f38b393420bc753a,其他,1
cool_stuff,7ea5bfa6c340f58f8e71fc1f0412b0d6,其他,1
cool_stuff,82bd0703a4aefd6b599e5bfdaed378fb,其他,1
cool_stuff,834f3294fba9f932f56edc879193f925,其他,1
cool_stuff,834f3294fba9f932f56edc879193f925,物流慢,1
cool_stuff,8444e55c1f13cd5c179851e5ca5ebd00,其他,1
cool_stuff,8444e55c1f13cd5c179851e5ca5ebd00,货不对板,1
cool_stuff,850f4f8af5ea87287ac68de36e29107f,其他,1
cool_stuff,850f4f8af5ea87287ac68de36e29107f,货不对板,1
cool_stuff,855668e0971d4dfd7bef1b6a4133b41b,其他,2
cool_stuff,855668e0971d4dfd7bef1b6a4133b41b,客服差,1
cool_stuff,855668e0971d4dfd7bef1b6a4133b41b,质量差,1
cool_stuff,8b28d096634035667e8263d57ba3368c,其他,1
cool_stuff,8b8cfc8305aa441e4239358c9f6f2485,其他,2
cool_stuff,8cbac7e12637ed9cffa18c7875207478,其他,2
cool_stuff,8cbac7e12637ed9cffa18c7875207478,尺寸不符,1
cool_stuff,92eb0f42c21942b6552362b9b114707d,质量差,2
cool_stuff,955fee9216a65b617aa5c0531780ce60,其他,1
cool_stuff,955fee9216a65b617aa5c0531780ce60,客服差,1
cool_stuff,955fee9216a65b617aa5c0531780ce60,物流慢,3
cool_stuff,955fee9216a65b617aa5c0531780ce60,货不对板,1
cool_stuff,955fee9216a65b617aa5c0531780ce60,质量差,1
cool_stuff,961dff0a659b4561334372337dd897d9,物流慢,1
cool_stuff,96804ea39d96eb908e7c3afdb671bb9e,其他,1
cool_stuff,968ee78631915a63fef426d6733d7422,其他,1
cool_stuff,984c273121e743dd14767befe6cb17f5,物流慢,1
cool_stuff,98e164d549402270247f3c96a1a158ef,其他,1
cool_stuff,9d5a9018aee56acb367ba9c3f05d1d6a,其他,2
cool_stuff,a5cba26a62b8b4d0145b68b841e62e7f,其他,1
cool_stuff,aac29b1b99776be73c3049939652091d,其他,3
cool_stuff,aac29b1b99776be73c3049939652091d,物流慢,2
cool_stuff,aafe36600ce604f205b86b5084d3d767,物流慢,1
cool_stuff,b18dc380845b24038cfc48006478f099,物流慢,1
cool_stuff,b2ba3715d723d245138f291a6fe42594,其他,4
cool_stuff,b2ba3715d723d245138f291a6fe42594,质量差,2
cool_stuff,b33e7c55446eabf8fe1a42d037ac7d6d,其他,1
cool_stuff,b7ba853e9551f4558440881fd3e5c815,物流慢,1
cool_stuff,b94cc9f10ddc85e4ba73a6f7974e7101,客服差,2
cool_stuff,b94cc9f10ddc85e4ba73a6f7974e7101,质量差,1
cool_stuff,bacb1f0ed56ad24198f5810d2b3fe9a5,其他,1
cool_stuff,bbad7e518d7af88a0897397ffdca1979,其他,2
cool_stuff,bbad7e518d7af88a0897397ffdca1979,物流慢,1
cool_stuff,bfd27a966d91cfaafdb25d076585f0da,其他,1
cool_stuff,bfd27a966d91cfaafdb25d076585f0da,物流慢,1
cool_stuff,c0563dd588b775f2e37747ef6ad6c92c,其他,1
cool_stuff,c0563dd588b775f2e37747ef6ad6c92c,物流慢,1
cool_stuff,c4f7fee5b0db50e87766f5a4d1b1b758,其他,1
cool_stuff,c4f7fee5b0db50e87766f5a4d1b1b758,客服差,1
cool_stuff,c60b801f2d52c7f7f91de00870882a75,货不对板,1
cool_stuff,c68fb906c8f4b4b946d8386bfa6e5467,其他,1
cool_stuff,c847e075301870dd144a116762eaff9a,其他,2
cool_stuff,c847e075301870dd144a116762eaff9a,退款/纠纷,1
cool_stuff,cb8bcce248bb1fb274ba762d8b971456,与描述不符,1
cool_stuff,cb8bcce248bb1fb274ba762d8b971456,其他,3
cool_stuff,cb8bcce248bb1fb274ba762d8b971456,质量差,1
cool_stuff,cd68562d3f44870c08922d380acae552,质量差,1
cool_stuff,ce27a3cc3c8cc1ea79d11e561e9bebb6,其他,1
cool_stuff,ce27a3cc3c8cc1ea79d11e561e9bebb6,质量差,1
cool_stuff,ce69a8021d18961dd2a40269b7c2c293,其他,1
cool_stuff,ceaec5548eefc6e23e6607c5435102e7,其他,9
cool_stuff,ceaec5548eefc6e23e6607c5435102e7,包装差,1
cool_stuff,ceaec5548eefc6e23e6607c5435102e7,客服差,1
cool_stuff,ceaec5548eefc6e23e6607c5435102e7,物流慢,1
cool_stuff,ceaec5548eefc6e23e6607c5435102e7,质量差,4
cool_stuff,cf281cf8b7affbdfe751b29cc85580e1,物流慢,1
cool_stuff,d2374cbcbb3ca4ab1086534108cc3ab7,其他,2
cool_stuff,d8dd176509baa37f359644d082bf7f7b,其他,2
cool_stuff,dc317f341ab0e22f39acbd9dbf9b4a1f,其他,3
cool_stuff,dc317f341ab0e22f39acbd9dbf9b4a1f,质量差,3
cool_stuff,dd533b429f380718b70ad9922c294bae,其他,1
cool_stuff,dd55f1bb788714a40e7954c3be6df745,其他,2
cool_stuff,de722cd6dad950a92b7d4f82673f8833,货不对板,1
cool_stuff,e06f09ec0a4aca210779cf1cfc63cf19,其他,1
cool_stuff,e3b4998c7a498169dc7bce44e6bb6277,物流慢,1
cool_stuff,e49c26c3edfa46d227d5121a6b6e4d37,与描述不符,1
cool_stuff,e84ad2127668df3aafc6b73531a0beb8,物流慢,1
cool_stuff,e883aa812c37a7413226856f4579fe91,其他,1
cool_stuff,e9bc59e7b60fc3063eb2290deda4cced,其他,3
cool_stuff,e9bc59e7b60fc3063eb2290deda4cced,物流慢,1
cool_stuff,e9bc59e7b60fc3063eb2290deda4cced,货不对板,2
cool_stuff,f181738b150df1f37cb0bd72e705b193,其他,1
cool_stuff,f27e33c6d29b5138fa9967bcd445b6d5,其他,1
cool_stuff,f27e33c6d29b5138fa9967bcd445b6d5,客服差,1
cool_stuff,f8201cab383e484733266d1906e2fdfa,其他,1
cool_stuff,f8db351d8c4c4c22c6835c19a46f01b0,物流慢,1
cool_stuff,f9244d45189d3a3605499abddeade7d5,货不对板,1
cool_stuff,fcb5ace8bcc92f75707dc0f01a27d269,质量差,1
cool_stuff,fcb5ace8bcc92f75707dc0f01a27d269,退款/纠纷,1
costruction_tools_garden,1b4c3a6f53068f0b6944d2d005c9fc89,客服差,1
costruction_tools_garden,2bf28e311bba65237358230cabac3f15,包装差,1
costruction_tools_garden,2bf28e311bba65237358230cabac3f15,货不对板,1
costruction_tools_garden,49067458c68f7701fd334ce326accbe0,其他,4
costruction_tools_garden,66d5ae34537110d3affc56174dad2b2f,其他,1
costruction_tools_garden,7040e82f899a04d1b434b795a43b4617,其他,1
costruction_tools_garden,7040e82f899a04d1b434b795a43b4617,物流慢,1
costruction_tools_garden,7dc8c42cc750eeafea6c85712ffee9bf,其他,1
costruction_tools_garden,8bb48dc19fccaa8613b6229bf7f452a2,其他,2
costruction_tools_garden,8bb48dc19fccaa8613b6229bf7f452a2,客服差,1
costruction_tools_garden,8bb48dc19fccaa8613b6229bf7f452a2,物流慢,1
costruction_tools_garden,d51e0a403fe2e689ece6c73359d96e12,其他,1
costruction_tools_garden,f19516b9ff26bfeb091b30108db4ddbd,其他,1
costruction_tools_garden,f80edd2c5aaa505cc4b0a3b219abf4b8,其他,3
costruction_tools_tools,4c18691b6037662be2df78a765d98ab5,质量差,1
costruction_tools_tools,750303a20e9c56b2a6bc45cdce0b897d,其他,1
costruction_tools_tools,c4f7fee5b0db50e87766f5a4d1b1b758,货不对板,1
costruction_tools_tools,c8467937e403e76a8ee9f0ab13f6f5ef,其他,1
costruction_tools_tools,c8467937e403e76a8ee9f0ab13f6f5ef,货不对板,1
costruction_tools_tools,c8467937e403e76a8ee9f0ab13f6f5ef,退款/纠纷,1
diapers_and_hygiene,270d3ef21830ad0ecf3a6c53d08a533a,其他,1
diapers_and_hygiene,270d3ef21830ad0ecf3a6c53d08a533a,包装差,1
diapers_and_hygiene,7f35f9daf223da737b78738fbae4d977,其他,1
drinks,141440cad9341e553f8401c574a2aa38,其他,1
drinks,5075aaa8404020ae6aa8bf4792099b41,物流慢,1
drinks,5075aaa8404020ae6aa8bf4792099b41,质量差,1
drinks,63704069d9bd3a75c1cf59babe56004a,其他,1
drinks,79a679c36c08d606b3fd47ead9de109b,其他,1
drinks,79a679c36c08d606b3fd47ead9de109b,物流慢,1
drinks,8444e55c1f13cd5c179851e5ca5ebd00,货不对板,1
drinks,90b36c5aeb728d5504a39f435bef0c5f,物流慢,1
drinks,9b013e03b2ab786505a1d3b5c0756754,其他,3
drinks,9b013e03b2ab786505a1d3b5c0756754,包装差,1
drinks,9b013e03b2ab786505a1d3b5c0756754,货不对板,1
drinks,ac51cac5e20d69ff485a54746488ef48,其他,1
drinks,ad75519a07f039025e83795a4418470f,其他,1
drinks,b0b346d3a89f5eb4c2968af3f083cd43,其他,2
drinks,d8cf3b6a2151949f930d0252b180ec42,其他,1
drinks,d8cf3b6a2151949f930d0252b180ec42,退款/纠纷,1
drinks,e9779976487b77c6d4ac45f75ec7afe9,与描述不符,1
drinks,e9779976487b77c6d4ac45f75ec7afe9,其他,8
drinks,e9779976487b77c6d4ac45f75ec7afe9,包装差,1
drinks,e9779976487b77c6d4ac45f75ec7afe9,货不对板,1
dvds_blu_ray,2138ccb85b11a4ec1e37afbd1c8eda1f,其他,1
dvds_blu_ray,491a5ada3aa1678414e990262c4bbdc1,其他,1
dvds_blu_ray,522620dcb18a6b31cd7bdf73665113a9,其他,1
dvds_blu_ray,75fbb52eda0cbc24f479d3b2fbfa8d3e,其他,2
electronics,04fdea0c111866e6cf812f1570d6b5bd,其他,1
electronics,06e5eefc71ec47ae763c5c6f8db7064f,其他,1
electronics,06e5eefc71ec47ae763c5c6f8db7064f,货不对板,1
electronics,0ed6ce5d87fd9c69eaacaeb778d67235,货不对板,1
electronics,128639473a139ac0f3e5f5ade55873a5,与描述不符,1
electronics,128639473a139ac0f3e5f5ade55873a5,其他,27
electronics,128639473a139ac0f3e5f5ade55873a5,客服差,1
electronics,128639473a139ac0f3e5f5ade55873a5,物流慢,6
electronics,128639473a139ac0f3e5f5ade55873a5,质量差,3
electronics,14a08204d03bb6b6bde8029f801ae0eb,其他,2
electronics,14a08204d03bb6b6bde8029f801ae0eb,客服差,1
electronics,179d859f51292aac5c10806a356f7af9,其他,1
electronics,17e34d8224d27a541263c4c64b11a56b,其他,1
electronics,18a349e75d307f4b4cc646a691ed4216,退款/纠纷,1
electronics,1da3aeb70d7989d1e6d9b0e887f97c23,其他,1
electronics,1da3aeb70d7989d1e6d9b0e887f97c23,质量差,1
electronics,20b54c376b794ed028df09a3cd88e8dc,其他,1
electronics,28f10b1c5e5abb9d4857745bede6147c,其他,1
electronics,28f10b1c5e5abb9d4857745bede6147c,物流慢,1
electronics,2e90cb1677d35cfe24eef47d441b7c87,其他,4
electronics,2e90cb1677d35cfe24eef47d441b7c87,客服差,2
electronics,2e90cb1677d35cfe24eef47d441b7c87,物流慢,2
electronics,2e90cb1677d35cfe24eef47d441b7c87,货不对板,1
electronics,3afc536624bc2e65bddfb5db33cc01f3,其他,1
electronics,455f46ef09a9e45667e2981df84b5cc2,物流慢,1
electronics,4a3ccda38b2129705f3fb522db62ca31,其他,1
electronics,4e922959ae960d389249c378d1c939f5,其他,6
electronics,4e922959ae960d389249c378d1c939f5,物流慢,1
electronics,4e922959ae960d389249c378d1c939f5,货不对板,1
electronics,4e922959ae960d389249c378d1c939f5,质量差,4
electronics,512d298ac2a96d1931b6bd30aa21f61d,其他,1
electronics,5656537e588803a555b8eb41f07a944b,与描述不符,2
electronics,5656537e588803a555b8eb41f07a944b,其他,5
electronics,5656537e588803a555b8eb41f07a944b,物流慢,2
electronics,5656537e588803a555b8eb41f07a944b,货不对板,2
electronics,5656537e588803a555b8eb41f07a944b,质量差,1
electronics,582d4f8675b945722eda7c0cb61ba4c7,其他,1
electronics,582d4f8675b945722eda7c0cb61ba4c7,货不对板,1
electronics,582d4f8675b945722eda7c0cb61ba4c7,质量差,1
electronics,5acd070dd3fe441bbb2ec1f1ede515ee,客服差,1
electronics,5b33b527da3c5b969cc99dc435cad09a,其他,2
electronics,5dc203c7b84a0e71e878a179de05fb9a,货不对板,1
electronics,6039e27294dc75811c0d8a39069f52c0,其他,2
electronics,6039e27294dc75811c0d8a39069f52c0,客服差,1
electronics,6039e27294dc75811c0d8a39069f52c0,尺寸不符,1
electronics,6039e27294dc75811c0d8a39069f52c0,物流慢,1
electronics,612170e34b97004b3ba37eae81836b4c,其他,2
electronics,630008e0f062605a415d694489f6f82e,其他,1
electronics,634964b17796e64304cadf1ad3050fb7,物流慢,1
electronics,651fe66032c9520ee5587f694908040d,其他,1
electronics,6bb62a4912377c7bfe7cb17b406bc7e6,客服差,1
electronics,6ee85be3693ed79a8e80718743d80655,其他,2
electronics,6ee85be3693ed79a8e80718743d80655,物流慢,2
electronics,70a12e78e608ac31179aea7f8422044b,其他,5
electronics,7178f9f4dd81dcef02f62acdf8151e01,其他,1
electronics,7178f9f4dd81dcef02f62acdf8151e01,客服差,1
electronics,72c38a04bd6a1c3dbc5298425a0db86d,其他,1
electronics,73a63f72308aa20a46f4b1632018f196,质量差,1
electronics,77fccaae319668a8ab6cd0fd16aec48c,质量差,1
electronics,7d13fca15225358621be4086e1eb0964,其他,2
electronics,7ddcbb64b5bc1ef36ca8c151f6ec77df,其他,1
electronics,7ddcbb64b5bc1ef36ca8c151f6ec77df,客服差,2
electronics,7ddcbb64b5bc1ef36ca8c151f6ec77df,质量差,1
electronics,85044848b1b767db2a4a58526adef4b4,其他,1
electronics,8b321bb669392f5163d04c59e235e066,其他,54
electronics,8b321bb669392f5163d04c59e235e066,包装差,3
electronics,8b321bb669392f5163d04c59e235e066,客服差,4
electronics,8b321bb669392f5163d04c59e235e066,尺寸不符,1
electronics,8b321bb669392f5163d04c59e235e066,物流慢,12
electronics,8b321bb669392f5163d04c59e235e066,货不对板,5
electronics,8b321bb669392f5163d04c59e235e066,质量差,11
electronics,8b321bb669392f5163d04c59e235e066,退款/纠纷,4
electronics,8fdca8e349553f99bc738833a62c8802,其他,1
electronics,96804ea39d96eb908e7c3afdb671bb9e,客服差,1
electronics,a4e634166243bbb3a13fa584463fa468,其他,1
electronics,a8739afb32aaa45e01815ca76f76f54b,其他,2
electronics,a8739afb32aaa45e01815ca76f76f54b,货不对板,1
electronics,b2ba3715d723d245138f291a6fe42594,其他,2
electronics,b4a476fbd28de64b1e347abf9089366a,其他,3
electronics,b4a476fbd28de64b1e347abf9089366a,客服差,1
electronics,b4a476fbd28de64b1e347abf9089366a,退款/纠纷,1
electronics,c003204e1ab016dfa150abc119207b24,其他,4
electronics,c003204e1ab016dfa150abc119207b24,客服差,1
electronics,c9c7905cffc4ef9ff9f113554423e671,其他,1
electronics,cd68562d3f44870c08922d380acae552,其他,2
electronics,cd68562d3f44870c08922d380acae552,质量差,1
electronics,dd55f1bb788714a40e7954c3be6df745,其他,1
electronics,e601b04acf48b4576e73ddca9481f0dc,其他,1
electronics,e9d99831abad74458942f21e16f33f92,其他,3
electronics,e9d99831abad74458942f21e16f33f92,物流慢,1
electronics,ed8cb7b190ceb6067227478e48cf8dde,物流慢,1
electronics,edf96ef93ed595084bbcbd9224bd2894,其他,2
electronics,edf96ef93ed595084bbcbd9224bd2894,客服差,1
electronics,f0563bacf40c311f1c4d3d6b67b8a7a7,其他,1
electronics,f262cbc1c910c83959f849465454ddd3,其他,2
electronics,f262cbc1c910c83959f849465454ddd3,物流慢,1
electronics,f262cbc1c910c83959f849465454ddd3,质量差,1
electronics,f27e33c6d29b5138fa9967bcd445b6d5,其他,1
electronics,f27e33c6d29b5138fa9967bcd445b6d5,质量差,1
electronics,f27e33c6d29b5138fa9967bcd445b6d5,退款/纠纷,1
electronics,fa1c13f2614d7b5c4749cbc52fecda94,其他,1
electronics,fc59392d66ef99377e50356ee4f3b4e1,物流慢,1
electronics,fd386aa7bed2af3c7035c65506c9b4a3,物流慢,1
fashio_female_clothing,1e47d8b6546eb3a77b1acddcc9406242,其他,1
fashio_female_clothing,7d948535954aaf8c5d39db007f74372e,货不对板,1
fashio_female_clothing,827f8f69dfa529c561901c4f2e0f332f,客服差,1
fashio_female_clothing,aaed1309374718fdd995ee4c58c9dfcd,物流慢,1
fashio_female_clothing,b499c00f28f4b7069ff6550af8c1348a,其他,1
fashio_female_clothing,cb32766839f443db85c82a43c4a6c19e,其他,1
fashio_female_clothing,dc8798cbf453b7e0f98745e396cc5616,其他,2
fashio_female_clothing,f5403d3f50089112c4eed37928b7f622,其他,1
fashion_bags_accessories,0be8ff43f22e456b4e0371b2245e4d01,其他,2
fashion_bags_accessories,0cbcee27c791afa0cdcb08587a2013a8,其他,1
fashion_bags_accessories,0cbcee27c791afa0cdcb08587a2013a8,客服差,1
fashion_bags_accessories,0cbcee27c791afa0cdcb08587a2013a8,物流慢,1
fashion_bags_accessories,0cbcee27c791afa0cdcb08587a2013a8,质量差,1
fashion_bags_accessories,0ea22c1cfbdc755f86b9b54b39c16043,其他,4
fashion_bags_accessories,0ea22c1cfbdc755f86b9b54b39c16043,包装差,1
fashion_bags_accessories,0ea22c1cfbdc755f86b9b54b39c16043,质量差,3
fashion_bags_accessories,0ebd97a106433a45a4aebe57c1799778,其他,1
fashion_bags_accessories,1354d51653f645349064725ed204e85e,质量差,1
fashion_bags_accessories,16090f2ca825584b5a147ab24aa30c86,其他,1
fashion_bags_accessories,1b8b75e227c9a9c100d0c210fb6176ce,其他,4
fashion_bags_accessories,1b8b75e227c9a9c100d0c210fb6176ce,物流慢,1
fashion_bags_accessories,1da3aeb70d7989d1e6d9b0e887f97c23,物流慢,1
fashion_bags_accessories,1f1bb1f0859883505541bdd6606193e5,其他,1
fashion_bags_accessories,20d83f3ef0e6925fd74bfd59170babf7,其他,2
fashion_bags_accessories,25e6ffe976bd75618accfe16cefcbd0d,尺寸不符,1
fashion_bags_accessories,272f092de69afedd4d2969440b37f18f,其他,2
fashion_bags_accessories,272f092de69afedd4d2969440b37f18f,客服差,1
fashion_bags_accessories,272f092de69afedd4d2969440b37f18f,退款/纠纷,1
fashion_bags_accessories,2be17df1c49978426251562096c3cc09,客服差,1
fashion_bags_accessories,33576ec5412fb5905d876f12f33bfde6,其他,3
fashion_bags_accessories,3be634553519fb6536a03e1358e9fdc7,其他,2
fashion_bags_accessories,3c487ae8f8d7542beff5788e2e0aea83,其他,2
fashion_bags_accessories,3c487ae8f8d7542beff5788e2e0aea83,物流慢,1
fashion_bags_accessories,42fb44130ac3134cde8e35cf8ec7df25,其他,1
fashion_bags_accessories,643214e62b870443ccbe55ab29a4dccf,物流慢,2
fashion_bags_accessories,6560211a19b47992c3666cc44a7e94c0,其他,20
fashion_bags_accessories,6560211a19b47992c3666cc44a7e94c0,尺寸不符,1
fashion_bags_accessories,6560211a19b47992c3666cc44a7e94c0,物流慢,3
fashion_bags_accessories,6560211a19b47992c3666cc44a7e94c0,货不对板,1
fashion_bags_accessories,6560211a19b47992c3666cc44a7e94c0,质量差,3
fashion_bags_accessories,6560211a19b47992c3666cc44a7e94c0,退款/纠纷,2
fashion_bags_accessories,7b07b3c7487f0ea825fc6df75abd658b,其他,1
fashion_bags_accessories,7fe21dd00d2f4943ae09525efa2fd674,其他,1
fashion_bags_accessories,83d7070a0b9a8b4625fa8682b819fabb,其他,1
fashion_bags_accessories,83d7070a0b9a8b4625fa8682b819fabb,物流慢,1
fashion_bags_accessories,8444e55c1f13cd5c179851e5ca5ebd00,其他,1
fashion_bags_accessories,8444e55c1f13cd5c179851e5ca5ebd00,货不对板,4
fashion_bags_accessories,891071be6ba827b591264c90c2ae8a63,其他,4
fashion_bags_accessories,891071be6ba827b591264c90c2ae8a63,客服差,2
fashion_bags_accessories,891071be6ba827b591264c90c2ae8a63,物流慢,1
fashion_bags_accessories,891071be6ba827b591264c90c2ae8a63,货不对板,2
fashion_bags_accessories,8a40ae794fa3f9892cee24bd5af0488b,其他,1
fashion_bags_accessories,901b460cdce0c64e471230d7f2f9f3a3,质量差,1
fashion_bags_accessories,9558aa23f77a9e0a0eca83540999f43b,其他,1
fashion_bags_accessories,aaed1309374718fdd995ee4c58c9dfcd,其他,1
fashion_bags_accessories,b372ee768ed69e46ca8cdbd267aa7a38,其他,3
fashion_bags_accessories,b372ee768ed69e46ca8cdbd267aa7a38,包装差,1
fashion_bags_accessories,c7a0a13cbcf29d5ce51c8f80afdc0b89,物流慢,1
fashion_bags_accessories,c87abc38c8ed3240861729e1aeadf221,质量差,1
fashion_bags_accessories,cab85505710c7cb9b720bceb52b01cee,其他,6
fashion_bags_accessories,cab85505710c7cb9b720bceb52b01cee,物流慢,3
fashion_bags_accessories,cd52a8efd71af3336b14b5039b951cc1,其他,1
fashion_bags_accessories,d1b65fc7debc3361ea86b5f14c68d2e2,其他,1
fashion_bags_accessories,d2e753bb80b7d4faa77483ed00edc8ca,其他,1
fashion_bags_accessories,d4828feed4cda2cd9d6b37899a95a71e,物流慢,1
fashion_bags_accessories,d57e18d5f73c7ccb7f7339b61166898d,其他,1
fashion_bags_accessories,d57e18d5f73c7ccb7f7339b61166898d,物流慢,1
fashion_bags_accessories,d57e18d5f73c7ccb7f7339b61166898d,货不对板,1
fashion_bags_accessories,d73cbd89533ce8b041a9190241453ac8,客服差,1
fashion_bags_accessories,d98eec89afa3380e14463da2aabaea72,其他,2
fashion_bags_accessories,d98eec89afa3380e14463da2aabaea72,货不对板,1
fashion_bags_accessories,dbc22125167c298ef99da25668e1011f,其他,1
fashion_bags_accessories,de09d00cfc265b8804c7df34075a68fa,货不对板,1
fashion_bags_accessories,e1dc0754bada9ee4cfe9713f22f61292,其他,1
fashion_bags_accessories,e5475dcab1e07b63d7f6e902d8f5eda8,其他,1
fashion_bags_accessories,e5a3438891c0bfdb9394643f95273d8e,其他,14
fashion_bags_accessories,e5a3438891c0bfdb9394643f95273d8e,客服差,2
fashion_bags_accessories,e5a3438891c0bfdb9394643f95273d8e,物流慢,4
fashion_bags_accessories,ead2bab70821ea148476ae9bc08548ac,其他,1
fashion_bags_accessories,efcd8d2104f1a05d028af7bad20d974b,其他,1
fashion_bags_accessories,f214d28e8d8e3ef068748498ccc2f813,其他,2
fashion_bags_accessories,f214d28e8d8e3ef068748498ccc2f813,货不对板,1
fashion_bags_accessories,fe701d88b67eaca109dffd464d1be9f9,货不对板,1
fashion_male_clothing,835f0f7810c76831d6c7d24c7a646d4d,其他,2
fashion_male_clothing,835f0f7810c76831d6c7d24c7a646d4d,尺寸不符,1
fashion_male_clothing,835f0f7810c76831d6c7d24c7a646d4d,货不对板,2
fashion_male_clothing,891071be6ba827b591264c90c2ae8a63,退款/纠纷,1
fashion_male_clothing,a3a38f4affed601eb87a97788c949667,其他,2
fashion_male_clothing,aaed1309374718fdd995ee4c58c9dfcd,其他,4
fashion_male_clothing,aaed1309374718fdd995ee4c58c9dfcd,尺寸不符,1
fashion_male_clothing,bbad7e518d7af88a0897397ffdca1979,其他,1
fashion_male_clothing,cca3071e3e9bb7d12640c9fbe2301306,其他,1
fashion_male_clothing,cca3071e3e9bb7d12640c9fbe2301306,物流慢,1
fashion_male_clothing,dc8798cbf453b7e0f98745e396cc5616,其他,1
fashion_male_clothing,dc8798cbf453b7e0f98745e396cc5616,客服差,1
fashion_male_clothing,dc8798cbf453b7e0f98745e396cc5616,尺寸不符,2
fashion_male_clothing,dc8798cbf453b7e0f98745e396cc5616,货不对板,1
fashion_male_clothing,dc8798cbf453b7e0f98745e396cc5616,质量差,3
fashion_male_clothing,f5403d3f50089112c4eed37928b7f622,其他,1
fashion_shoes,048c2757535328e0d7dac690ad3c0aae,其他,4
fashion_shoes,048c2757535328e0d7dac690ad3c0aae,物流慢,1
fashion_shoes,048c2757535328e0d7dac690ad3c0aae,货不对板,1
fashion_shoes,3078096983cf766a32a06257648502d1,其他,1
fashion_shoes,7142540dd4c91e2237acb7e911c4eba2,其他,4
fashion_shoes,7142540dd4c91e2237acb7e911c4eba2,客服差,1
fashion_shoes,7142540dd4c91e2237acb7e911c4eba2,物流慢,2
fashion_shoes,7142540dd4c91e2237acb7e911c4eba2,货不对板,3
fashion_shoes,7142540dd4c91e2237acb7e911c4eba2,质量差,1
fashion_shoes,827f8f69dfa529c561901c4f2e0f332f,其他,3
fashion_shoes,827f8f69dfa529c561901c4f2e0f332f,质量差,1
fashion_sport,217f005bb37ff3aeef5b2ae1788e75ba,其他,1
fashion_underwear_beach,1e483cc5c76fef08d3ca05f9a8af7d01,其他,1
fashion_underwear_beach,4bf2f4ee540798a61f9636d12cd9cc80,物流慢,1
fashion_underwear_beach,6cf476a4ca74498db55cbccdaa9dcfb6,物流慢,2
fashion_underwear_beach,a49928bcdf77c55c6d6e05e09a9b4ca5,其他,1
fashion_underwear_beach,a49928bcdf77c55c6d6e05e09a9b4ca5,货不对板,1
fashion_underwear_beach,a6fe7de3d16f6149ffe280349a8535a0,其他,6
fashion_underwear_beach,a6fe7de3d16f6149ffe280349a8535a0,尺寸不符,1
fashion_underwear_beach,a6fe7de3d16f6149ffe280349a8535a0,物流慢,1
fashion_underwear_beach,d7b2377bae6ace1b11fc69a11900ac36,其他,1
fixed_telephony,180c3376aff0e43dd5788709df48a843,其他,1
fixed_telephony,18a349e75d307f4b4cc646a691ed4216,其他,2
fixed_telephony,20b54c376b794ed028df09a3cd88e8dc,其他,1
fixed_telephony,20b54c376b794ed028df09a3cd88e8dc,退款/纠纷,1
fixed_telephony,2138ccb85b11a4ec1e37afbd1c8eda1f,其他,3
fixed_telephony,2138ccb85b11a4ec1e37afbd1c8eda1f,客服差,1
fixed_telephony,2138ccb85b11a4ec1e37afbd1c8eda1f,质量差,1
fixed_telephony,2a1348e9addc1af5aaa619b1a3679d6b,质量差,1
fixed_telephony,4a1917ef994878940e1fb03eeb787ad7,其他,1
fixed_telephony,4e922959ae960d389249c378d1c939f5,其他,1
fixed_telephony,4e922959ae960d389249c378d1c939f5,货不对板,1
fixed_telephony,5c6d4016c2a288f074fa0848a2b653d2,物流慢,1
fixed_telephony,612170e34b97004b3ba37eae81836b4c,货不对板,1
fixed_telephony,62c50c1af4dfdc4149d25c5222043d39,其他,1
fixed_telephony,70a12e78e608ac31179aea7f8422044b,物流慢,1
fixed_telephony,99eaacc9e6046db1c82b163c5f84869f,其他,2
fixed_telephony,b37c4c02bda3161a7546a4e6d222d5b2,其他,2
fixed_telephony,b76dba6c951ab00dc4edf0a1aa88037e,其他,1
fixed_telephony,b76dba6c951ab00dc4edf0a1aa88037e,质量差,1
fixed_telephony,c458e2045a8aa8964f8879af03fdcce6,与描述不符,1
fixed_telephony,c458e2045a8aa8964f8879af03fdcce6,客服差,1
fixed_telephony,e2aee0892199b1d92530e371abd825bf,客服差,1
fixed_telephony,e62b2d6ac10570a035a30bafcf01d263,其他,1
fixed_telephony,ef506c96320abeedfb894c34db06f478,与描述不符,1
fixed_telephony,fbc14c0cf93505ef89f64665ffa4a7b5,其他,1
flowers,8bb48dc19fccaa8613b6229bf7f452a2,其他,1
flowers,e62b2d6ac10570a035a30bafcf01d263,其他,1
food,16090f2ca825584b5a147ab24aa30c86,其他,6
food,16090f2ca825584b5a147ab24aa30c86,物流慢,2
food,16090f2ca825584b5a147ab24aa30c86,质量差,2
food,5011f0d93373a4c5753adf58ca77af8d,其他,1
food,634964b17796e64304cadf1ad3050fb7,其他,1
food,6b90f847357d8981edd79a1eb1bf0acb,货不对板,1
food,6e4a902d1054e4e17aa6eab87fac1c75,其他,1
food,6f1a1263039c76e68f40a8e536b1da6a,其他,2
food,7210cd29727d674c00741e5e387b3ccd,其他,1
food,751bdc4d83a466c7206cd42e8f426b03,其他,1
food,8d79c8a04e42d722a75097ce5cbcf2ef,其他,2
food,9b013e03b2ab786505a1d3b5c0756754,其他,1
food,9b013e03b2ab786505a1d3b5c0756754,包装差,1
food,a5a1bfcf728ab0e19182959cf0771ee4,物流慢,1
food,bbad7e518d7af88a0897397ffdca1979,其他,1
food,cbd996ad3c1b7dc71fd0e5f5df9087e2,其他,3
food,cbd996ad3c1b7dc71fd0e5f5df9087e2,客服差,1
food,cbd996ad3c1b7dc71fd0e5f5df9087e2,货不对板,1
food,cc419e0650a3c5ba77189a1882b7556a,与描述不符,1
food,d13e50eaa47b4cbe9eb81465865d8cfc,其他,1
food,e9779976487b77c6d4ac45f75ec7afe9,其他,2
food,e9779976487b77c6d4ac45f75ec7afe9,货不对板,1
food,e9779976487b77c6d4ac45f75ec7afe9,退款/纠纷,1
food,ffff564a4f9085cd26170f4732393726,其他,2
food_drink,282f23a9769b2690c5dda22e316f9941,其他,2
food_drink,282f23a9769b2690c5dda22e316f9941,物流慢,1
food_drink,344223b2a90784f64136a8a5da012e7f,其他,1
food_drink,3a3e46d10f74d8a6ca76e2b538f106a0,其他,1
food_drink,92d14edfb62ee5ae7fdff70b0f4e7233,客服差,1
food_drink,b0b346d3a89f5eb4c2968af3f083cd43,其他,1
food_drink,b0b346d3a89f5eb4c2968af3f083cd43,物流慢,1
furniture_bedroom,3ade81dab5a172b88e1871c28ae05260,其他,1
furniture_bedroom,3ade81dab5a172b88e1871c28ae05260,客服差,2
furniture_bedroom,5b0cc932433fa5184b5b94bfe6bcc256,其他,1
furniture_bedroom,7fdb0720c8d7c9075538b365dc8c3a22,质量差,1
furniture_bedroom,cb5df0dcb9e280b1780e9d589889f2c7,其他,3
furniture_bedroom,cb5df0dcb9e280b1780e9d589889f2c7,退款/纠纷,1
furniture_decor,002100f778ceb8431b7a1020ff7ab48f,其他,4
furniture_decor,002100f778ceb8431b7a1020ff7ab48f,退款/纠纷,1
furniture_decor,0241d4d5d36f10f80c644447315af0bd,其他,11
furniture_decor,0241d4d5d36f10f80c644447315af0bd,客服差,1
furniture_decor,0241d4d5d36f10f80c644447315af0bd,质量差,3
furniture_decor,0241d4d5d36f10f80c644447315af0bd,退款/纠纷,1
furniture_decor,02d35243ea2e497335cd0f076b45675d,其他,1
furniture_decor,02d35243ea2e497335cd0f076b45675d,包装差,1
furniture_decor,02d35243ea2e497335cd0f076b45675d,物流慢,2
furniture_decor,062ce95fa2ad4dfaedfc79260130565f,其他,1
furniture_decor,062ce95fa2ad4dfaedfc79260130565f,退款/纠纷,1
furniture_decor,066a6914e1ebf3ea95a216c73a986b91,质量差,1
furniture_decor,08d0949a9a17c027262db1f3c450c26c,其他,1
furniture_decor,09f952a5f58d2285b0372551ae8f9b01,其他,1
furniture_decor,09f952a5f58d2285b0372551ae8f9b01,货不对板,1
furniture_decor,09f952a5f58d2285b0372551ae8f9b01,质量差,2
furniture_decor,0bf0150d5b9d60d9cd2906003332f085,其他,3
furniture_decor,0bf0150d5b9d60d9cd2906003332f085,客服差,1
furniture_decor,0bf0150d5b9d60d9cd2906003332f085,物流慢,1
furniture_decor,0bf0150d5b9d60d9cd2906003332f085,质量差,1
furniture_decor,0c8380b62e38e8a1e6adbeba7eb9688c,其他,2
furniture_decor,0c8380b62e38e8a1e6adbeba7eb9688c,货不对板,1
furniture_decor,1025f0e2d44d7041d6cf58b6550e0bfa,与描述不符,3
furniture_decor,1025f0e2d44d7041d6cf58b6550e0bfa,其他,73
furniture_decor,1025f0e2d44d7041d6cf58b6550e0bfa,包装差,3
furniture_decor,1025f0e2d44d7041d6cf58b6550e0bfa,客服差,8
furniture_decor,1025f0e2d44d7041d6cf58b6550e0bfa,尺寸不符,2
furniture_decor,1025f0e2d44d7041d6cf58b6550e0bfa,物流慢,10
furniture_decor,1025f0e2d44d7041d6cf58b6550e0bfa,货不对板,4
furniture_decor,1025f0e2d44d7041d6cf58b6550e0bfa,质量差,5
furniture_decor,1025f0e2d44d7041d6cf58b6550e0bfa,退款/纠纷,2
furniture_decor,11305281b50fff20ae8bb473f8e11876,退款/纠纷,1
furniture_decor,1336efc61c316ddf92c899eb817f7cae,其他,1
furniture_decor,1354d51653f645349064725ed204e85e,尺寸不符,1
furniture_decor,1554a68530182680ad5c8b042c3ab563,与描述不符,1
furniture_decor,1554a68530182680ad5c8b042c3ab563,其他,5
furniture_decor,1554a68530182680ad5c8b042c3ab563,包装差,2
furniture_decor,1554a68530182680ad5c8b042c3ab563,物流慢,3
furniture_decor,1554a68530182680ad5c8b042c3ab563,货不对板,1
furniture_decor,157c3e4b42f81ac4a44e8b1ca2fe9876,其他,2
furniture_decor,157c3e4b42f81ac4a44e8b1ca2fe9876,客服差,1
furniture_decor,157c3e4b42f81ac4a44e8b1ca2fe9876,物流慢,1
furniture_decor,17ca9b9e9b9ef8fdb529001b49ebb50f,尺寸不符,1
furniture_decor,184a67a8f9f63234d3a92340bbdb727f,其他,1
furniture_decor,184a67a8f9f63234d3a92340bbdb727f,尺寸不符,1
furniture_decor,18a349e75d307f4b4cc646a691ed4216,质量差,1
furniture_decor,1976a05ecf2996d6ffb7b5430e635fe7,其他,1
furniture_decor,1acde099eb406aa220b1169b188b42da,其他,1
furniture_decor,1b8356dabde1d35e17cef975c3f82730,其他,1
furniture_decor,1ce3ae5a399804d1a87e706f8a813c3e,其他,2
furniture_decor,1ce3ae5a399804d1a87e706f8a813c3e,尺寸不符,1
furniture_decor,1ce3ae5a399804d1a87e706f8a813c3e,物流慢,1
furniture_decor,1da366cade6d8276e7d8beea7af5d4bf,其他,2
furniture_decor,1da366cade6d8276e7d8beea7af5d4bf,货不对板,1
furniture_decor,1da3aeb70d7989d1e6d9b0e887f97c23,其他,4
furniture_decor,1da3aeb70d7989d1e6d9b0e887f97c23,包装差,1
furniture_decor,1da3aeb70d7989d1e6d9b0e887f97c23,货不对板,2
furniture_decor,2078fe5066350e7d220c0ad3a3bbc6c1,物流慢,1
furniture_decor,20cb7c2fde3e5bf10f0bbe7394e1c6a9,其他,4
furniture_decor,2199e7fe213c16213bf5d6a7eadc9a5d,其他,1
furniture_decor,21e83881401b92b49fb09a16d3852291,客服差,1
furniture_decor,23613d49c3ac2bd302259e55c06c050c,其他,6
furniture_decor,23613d49c3ac2bd302259e55c06c050c,尺寸不符,2
furniture_decor,23613d49c3ac2bd302259e55c06c050c,质量差,1
furniture_decor,244c2f1bff6afe1f2eaf9bfe9b2aed38,其他,2
furniture_decor,244c2f1bff6afe1f2eaf9bfe9b2aed38,物流慢,1
furniture_decor,244c2f1bff6afe1f2eaf9bfe9b2aed38,货不对板,1
furniture_decor,244c2f1bff6afe1f2eaf9bfe9b2aed38,质量差,1
furniture_decor,270297ead4c65a6cd2593960d2af6b21,质量差,1
furniture_decor,2a1348e9addc1af5aaa619b1a3679d6b,其他,1
furniture_decor,2a1348e9addc1af5aaa619b1a3679d6b,客服差,1
furniture_decor,2a1348e9addc1af5aaa619b1a3679d6b,物流慢,1
furniture_decor,2a261b5b644fa05f4f2700eb93544f2c,其他,5
furniture_decor,2a7dc43cecabf23403078e2188437d1d,其他,1
furniture_decor,2cb6eb1b7185064167657fa09f541105,客服差,1
furniture_decor,3092c0b297aacfb4bb6e056ebe13b9b8,其他,1
furniture_decor,30a2f535bb48308f991d0b9ad4a8c4bb,其他,4
furniture_decor,30a2f535bb48308f991d0b9ad4a8c4bb,客服差,1
furniture_decor,31344c16881c08a8a72c6d2eb29918c1,客服差,1
furniture_decor,31344c16881c08a8a72c6d2eb29918c1,质量差,3
furniture_decor,324583d68897f5ddbaf38f6248322176,其他,1
furniture_decor,3338e7a0710a195872be80e0d2423867,其他,1
furniture_decor,3481aa57cd91f9f9d3fa1fa12d9a3bf7,其他,2
furniture_decor,3481aa57cd91f9f9d3fa1fa12d9a3bf7,尺寸不符,1
furniture_decor,3481aa57cd91f9f9d3fa1fa12d9a3bf7,质量差,1
furniture_decor,37ceb404da208418c9032f0674e57804,客服差,1
furniture_decor,38102b031c2a15e54623d711bfc753d3,客服差,1
furniture_decor,391fc6631aebcf3004804e51b40bcf1e,其他,23
furniture_decor,391fc6631aebcf3004804e51b40bcf1e,客服差,1
furniture_decor,391fc6631aebcf3004804e51b40bcf1e,物流慢,1
furniture_decor,391fc6631aebcf3004804e51b40bcf1e,货不对板,3
furniture_decor,391fc6631aebcf3004804e51b40bcf1e,质量差,2
furniture_decor,391fc6631aebcf3004804e51b40bcf1e,退款/纠纷,3
furniture_decor,39d61be7a92eb77b7da367bd4845bc0e,其他,1
furniture_decor,3be634553519fb6536a03e1358e9fdc7,客服差,1
furniture_decor,3df020b72d3d44b3af9d110fa3940b65,与描述不符,1
furniture_decor,3df020b72d3d44b3af9d110fa3940b65,其他,6
furniture_decor,3df020b72d3d44b3af9d110fa3940b65,客服差,1
furniture_decor,3f2af2670e104d1bcb54022274daeac5,其他,1
furniture_decor,3fac58ce0ad699020c7944d53c41329c,其他,1
furniture_decor,41b39e28db005d9731d9d485a83b4c38,其他,3
furniture_decor,44073f8b7e41514de3b7815dd0237f4f,其他,2
furniture_decor,443d880f15cbd3572885e1d44bf2c478,其他,1
furniture_decor,4830e40640734fc1c52cd21127c341d4,其他,1
furniture_decor,4830e40640734fc1c52cd21127c341d4,质量差,1
furniture_decor,49e7217cfe4e427191c378ec626d8737,其他,1
furniture_decor,4a3ca9315b744ce9f8e9374361493884,其他,8
furniture_decor,4a3ca9315b744ce9f8e9374361493884,物流慢,3
furniture_decor,4a3ca9315b744ce9f8e9374361493884,货不对板,2
furniture_decor,4e42581f08e8cfc7c090f930bac4552a,其他,1
furniture_decor,4e922959ae960d389249c378d1c939f5,其他,1
furniture_decor,4ebdc7e6cd6102a022dadc49156d4ea8,其他,3
furniture_decor,5058e8c1e82653974541e83690655b4a,其他,2
furniture_decor,52a52b9f656520e99716f5bc40f661c8,其他,1
furniture_decor,52f6f9f13ba19504c02781132a049e75,其他,1
furniture_decor,5343d0649eca2a983820bfe93fc4d17e,其他,7
furniture_decor,5343d0649eca2a983820bfe93fc4d17e,物流慢,1
furniture_decor,5343d0649eca2a983820bfe93fc4d17e,质量差,1
furniture_decor,5343d0649eca2a983820bfe93fc4d17e,退款/纠纷,1
furniture_decor,537eb890efff034a88679788b647c564,客服差,1
furniture_decor,537eb890efff034a88679788b647c564,物流慢,1
furniture_decor,53e4c6e0f4312d4d2107a8c9cddf45cd,与描述不符,1
furniture_decor,53e4c6e0f4312d4d2107a8c9cddf45cd,其他,3
furniture_decor,53e4c6e0f4312d4d2107a8c9cddf45cd,货不对板,1
furniture_decor,575df70bde3f9f2b30bf8d2e9910d725,其他,1
furniture_decor,575df70bde3f9f2b30bf8d2e9910d725,质量差,1
furniture_decor,5a8e7d5003a1f221f9e1d6e411de7c23,其他,6
furniture_decor,5a8e7d5003a1f221f9e1d6e411de7c23,客服差,1
furniture_decor,5a8e7d5003a1f221f9e1d6e411de7c23,货不对板,1
furniture_decor,5abb8ea023c77787f2c15da891c8d384,其他,1
furniture_decor,5c853bb56f70f4d14218944bae111d7a,其他,3
furniture_decor,5d3bb11474a06bdc23fb9e89f1164ee0,客服差,1
furniture_decor,5d3bb11474a06bdc23fb9e89f1164ee0,货不对板,1
furniture_decor,61b893c57e33626afb104d4112b1be76,其他,1
furniture_decor,61f159ef6da2d441951d2c0efa719362,物流慢,1
furniture_decor,624f4ece8da4aafb77699233d480f8ef,其他,5
furniture_decor,62760d278921b5f352461620d68a9cee,其他,1
furniture_decor,62c50c1af4dfdc4149d25c5222043d39,与描述不符,1
furniture_decor,63b464dbf392c7b80d12d932fa7cafed,其他,2
furniture_decor,63b464dbf392c7b80d12d932fa7cafed,客服差,1
furniture_decor,63b464dbf392c7b80d12d932fa7cafed,质量差,2
furniture_decor,6562efe88ce0826a4ca4f189f03b4b84,其他,1
furniture_decor,6a51fc556dab5f766ced6fbc860bc613,其他,1
furniture_decor,6c7d50c24b3ccd2fd83b44d8bb34e073,其他,3
furniture_decor,6c7d50c24b3ccd2fd83b44d8bb34e073,物流慢,1
furniture_decor,6dc9bec584588412a6a338830946a3e4,质量差,1
furniture_decor,6edacfd9f9074789dad6d62ba7950b9c,其他,2
furniture_decor,6edacfd9f9074789dad6d62ba7950b9c,物流慢,1
furniture_decor,6fc26fe110feebd80a433e1f012a84f9,其他,2
furniture_decor,6fc26fe110feebd80a433e1f012a84f9,质量差,1
furniture_decor,7040e82f899a04d1b434b795a43b4617,客服差,1
furniture_decor,710e3548e02bc1d2831dfc4f1b5b14d4,其他,6
furniture_decor,710e3548e02bc1d2831dfc4f1b5b14d4,尺寸不符,1
furniture_decor,710e3548e02bc1d2831dfc4f1b5b14d4,物流慢,1
furniture_decor,710e3548e02bc1d2831dfc4f1b5b14d4,货不对板,1
furniture_decor,710e3548e02bc1d2831dfc4f1b5b14d4,质量差,1
furniture_decor,7139dc5186aa238b006e066d8fbab2e4,其他,1
furniture_decor,7139dc5186aa238b006e066d8fbab2e4,物流慢,1
furniture_decor,7139dc5186aa238b006e066d8fbab2e4,质量差,1
furniture_decor,762ed976527cddf02787edba70fffa2a,客服差,1
furniture_decor,7722b1df1b0e383e000397b2c11e3e19,其他,1
furniture_decor,7722b1df1b0e383e000397b2c11e3e19,货不对板,1
furniture_decor,77530e9772f57a62c906e1c21538ab82,其他,22
furniture_decor,77530e9772f57a62c906e1c21538ab82,包装差,1
furniture_decor,77530e9772f57a62c906e1c21538ab82,客服差,1
furniture_decor,77530e9772f57a62c906e1c21538ab82,物流慢,1
furniture_decor,77530e9772f57a62c906e1c21538ab82,质量差,2
furniture_decor,77530e9772f57a62c906e1c21538ab82,退款/纠纷,3
furniture_decor,782f78b632a43875dd5b53e3e49c9564,物流慢,1
furniture_decor,78744a20ee2f80ba64f6804c25def2b8,其他,1
furniture_decor,79ebd9a61bac3eaf882805ed4ecfa12a,其他,3
furniture_decor,79ebd9a61bac3eaf882805ed4ecfa12a,包装差,1
furniture_decor,79ebd9a61bac3eaf882805ed4ecfa12a,客服差,1
furniture_decor,79ebd9a61bac3eaf882805ed4ecfa12a,物流慢,3
furniture_decor,79ebd9a61bac3eaf882805ed4ecfa12a,质量差,2
furniture_decor,7a073a40a9d3f1fee8bc45670ea1e909,其他,1
furniture_decor,7c67e1448b00f6e969d365cea6b010ab,其他,11
furniture_decor,7c67e1448b00f6e969d365cea6b010ab,客服差,1
furniture_decor,7c67e1448b00f6e969d365cea6b010ab,物流慢,2
furniture_decor,7c67e1448b00f6e969d365cea6b010ab,质量差,2
furniture_decor,7e3f87d16fb353f408d467e74fbd8014,其他,2
furniture_decor,7fdb0720c8d7c9075538b365dc8c3a22,其他,1
furniture_decor,82e0a475a88cc9595229d8029273f045,与描述不符,1
furniture_decor,82e0a475a88cc9595229d8029273f045,其他,5
furniture_decor,82e0a475a88cc9595229d8029273f045,客服差,2
furniture_decor,82e0a475a88cc9595229d8029273f045,货不对板,1
furniture_decor,8a32e327fe2c1b3511609d81aaf9f042,其他,8
furniture_decor,8a32e327fe2c1b3511609d81aaf9f042,客服差,2
furniture_decor,8a32e327fe2c1b3511609d81aaf9f042,物流慢,1
furniture_decor,8a32e327fe2c1b3511609d81aaf9f042,货不对板,1
furniture_decor,8a32e327fe2c1b3511609d81aaf9f042,质量差,1
furniture_decor,8bd0f31cf0a614c658f6763bd02dea69,其他,1
furniture_decor,8c3b533c63cca56240f94f1e3a6b18ef,物流慢,3
furniture_decor,8ca1551acf9832a4cf467bbbac15851f,其他,1
furniture_decor,8d899e15a5925f097cca50faa49b15e3,质量差,1
furniture_decor,8f78f0903005064036736c7173a5c2ed,其他,1
furniture_decor,8f78f0903005064036736c7173a5c2ed,退款/纠纷,2
furniture_decor,8fff28c4263ddec387f28d237fb42773,其他,1
furniture_decor,8fff28c4263ddec387f28d237fb42773,物流慢,1
furniture_decor,903037660cf848a717166eb7a06d616e,其他,2
furniture_decor,903037660cf848a717166eb7a06d616e,质量差,1
furniture_decor,93b9a99027bd8bd6af682aff18dd19bf,其他,1
furniture_decor,955fee9216a65b617aa5c0531780ce60,其他,24
furniture_decor,955fee9216a65b617aa5c0531780ce60,客服差,3
furniture_decor,955fee9216a65b617aa5c0531780ce60,尺寸不符,1
furniture_decor,955fee9216a65b617aa5c0531780ce60,物流慢,4
furniture_decor,955fee9216a65b617aa5c0531780ce60,质量差,3
furniture_decor,955fee9216a65b617aa5c0531780ce60,退款/纠纷,2
furniture_decor,95e03ca3d4146e4011985981aeb959b9,客服差,1
furniture_decor,95f83f51203c626648c875dd41874c7f,其他,6
furniture_decor,95f83f51203c626648c875dd41874c7f,客服差,1
furniture_decor,95f83f51203c626648c875dd41874c7f,货不对板,1
furniture_decor,95f83f51203c626648c875dd41874c7f,质量差,1
furniture_decor,994f04b3718c2bab35c2adfa8afecd2a,其他,1
furniture_decor,9add47bf45ce8e8c7db6b9cf670b1e09,物流慢,1
furniture_decor,9c351405b754cc5ce3e2ecf277bb034a,与描述不符,1
furniture_decor,9dda5bbacd45e18d6485fee649205d09,其他,1
furniture_decor,a0d7fbb07bb5ebc3b05980e750db56f3,其他,2
furniture_decor,a36ac007a4d18f865c8d32c3b2402c2d,质量差,1
furniture_decor,a425f92c199eb576938df686728acd20,其他,1
furniture_decor,a53f60f05f822b5c621a50ff6a5cb362,客服差,1
furniture_decor,a7f13822ceb966b076af67121f87b063,其他,2
furniture_decor,a89e143d5211473ae18db9577ee34b64,其他,1
furniture_decor,aac29b1b99776be73c3049939652091d,其他,1
furniture_decor,ad738d3fcf42655ed15c4960b7b6c601,其他,1
furniture_decor,b1204cfda1d4948679db3cfc0d3cb95c,其他,1
furniture_decor,b14db04aa7881970e83ffa9426897925,其他,8
furniture_decor,b14db04aa7881970e83ffa9426897925,质量差,2
furniture_decor,b1a81260566c1bac3114a6d124413f27,其他,1
furniture_decor,b335c59ab742f751a85db9c411a86739,物流慢,1
furniture_decor,b499c00f28f4b7069ff6550af8c1348a,其他,3
furniture_decor,b499c00f28f4b7069ff6550af8c1348a,物流慢,3
furniture_decor,b57e8460909fa137df7951b4a3b5ea84,其他,1
furniture_decor,b5abf4f36adc043117b4fca82c22984c,其他,1
furniture_decor,b92e3c8f9738272ff7c59e111e108d7c,其他,4
furniture_decor,b92e3c8f9738272ff7c59e111e108d7c,物流慢,2
furniture_decor,b92e3c8f9738272ff7c59e111e108d7c,货不对板,1
furniture_decor,b92e3c8f9738272ff7c59e111e108d7c,质量差,1
furniture_decor,bb135baca94c82fcb731335ad5b04a03,其他,3
furniture_decor,bb135baca94c82fcb731335ad5b04a03,尺寸不符,1
furniture_decor,bd23da7354813347129d751591d1a6e2,与描述不符,1
furniture_decor,bd23da7354813347129d751591d1a6e2,其他,4
furniture_decor,bd23da7354813347129d751591d1a6e2,客服差,1
furniture_decor,bd23da7354813347129d751591d1a6e2,尺寸不符,1
furniture_decor,bd23da7354813347129d751591d1a6e2,质量差,4
furniture_decor,bd4889b5e9133b35b66e42a8665cea5c,其他,1
furniture_decor,bd4889b5e9133b35b66e42a8665cea5c,质量差,1
furniture_decor,c37b2059d4f90d4feead554e5246565e,其他,1
furniture_decor,c37b2059d4f90d4feead554e5246565e,包装差,1
furniture_decor,c37b2059d4f90d4feead554e5246565e,物流慢,2
furniture_decor,c5f7feb04a6a1fb3596322bfc3cf1917,其他,1
furniture_decor,c5f7feb04a6a1fb3596322bfc3cf1917,质量差,1
furniture_decor,c840d3fdbba0790404fdae73d253b253,客服差,1
furniture_decor,ca3bd7cd9f149df75950150d010fe4a2,其他,1
furniture_decor,cac4c8e7b1ca6252d8f20b2fc1a2e4af,其他,6
furniture_decor,cac4c8e7b1ca6252d8f20b2fc1a2e4af,包装差,1
furniture_decor,cac4c8e7b1ca6252d8f20b2fc1a2e4af,尺寸不符,1
furniture_decor,cac4c8e7b1ca6252d8f20b2fc1a2e4af,物流慢,1
furniture_decor,cac4c8e7b1ca6252d8f20b2fc1a2e4af,质量差,2
furniture_decor,cad9969167c09b48ae6f1d123f7fa68d,其他,1
furniture_decor,cb4a705d00e100b9732d0ca34817d441,客服差,1
furniture_decor,cb5df0dcb9e280b1780e9d589889f2c7,其他,1
furniture_decor,cb5df0dcb9e280b1780e9d589889f2c7,物流慢,1
furniture_decor,cca3071e3e9bb7d12640c9fbe2301306,与描述不符,1
furniture_decor,cca3071e3e9bb7d12640c9fbe2301306,其他,38
furniture_decor,cca3071e3e9bb7d12640c9fbe2301306,包装差,1
furniture_decor,cca3071e3e9bb7d12640c9fbe2301306,客服差,1
furniture_decor,cca3071e3e9bb7d12640c9fbe2301306,物流慢,6
furniture_decor,cca3071e3e9bb7d12640c9fbe2301306,货不对板,5
furniture_decor,cca3071e3e9bb7d12640c9fbe2301306,质量差,10
furniture_decor,cca3071e3e9bb7d12640c9fbe2301306,退款/纠纷,2
furniture_decor,ccf8813e5a7d6c84d865cd38bfc2b130,其他,1
furniture_decor,cf2384dd2f1dddea3f838efed0945e65,其他,1
furniture_decor,d101c6da914ae3d53f7bee42283f2fe2,其他,1
furniture_decor,d101c6da914ae3d53f7bee42283f2fe2,货不对板,1
furniture_decor,d101c6da914ae3d53f7bee42283f2fe2,质量差,1
furniture_decor,d101c6da914ae3d53f7bee42283f2fe2,退款/纠纷,1
furniture_decor,d1a5cc844736958c11b8efab9a2b4c87,物流慢,1
furniture_decor,d20b021d3efdf267a402c402a48ea64b,其他,6
furniture_decor,d20b021d3efdf267a402c402a48ea64b,客服差,1
furniture_decor,d20b021d3efdf267a402c402a48ea64b,物流慢,2
furniture_decor,d20b021d3efdf267a402c402a48ea64b,货不对板,1
furniture_decor,d20b021d3efdf267a402c402a48ea64b,质量差,1
furniture_decor,d379f449f2a3b271bc01c0782020f705,其他,1
furniture_decor,d379f449f2a3b271bc01c0782020f705,质量差,1
furniture_decor,d6b1ce66b035a475f00c017792ff9769,其他,1
furniture_decor,d93844a9c55ba7ce353388bcf849ea56,物流慢,1
furniture_decor,d94a40fd42351c259927028d163af842,其他,1
furniture_decor,dbb9b48c841a0e39e21f98e1a6b2ec3e,其他,1
furniture_decor,dd2bdf855a9172734fbc3744021ae9b9,其他,1
furniture_decor,df683dfda87bf71ac3fc63063fba369d,其他,1
furniture_decor,e09887ca8c7bf8a4621ce481820414ef,其他,2
furniture_decor,e250d617a0ad591ba9bd663e584a895d,其他,1
furniture_decor,e4fc40017a6d22c46a14ac2e17f87c3e,其他,1
furniture_decor,e59e489e2ea74bd409b798b5daf49de3,其他,1
furniture_decor,e5a38146df062edaf55c38afa99e42dc,其他,1
furniture_decor,e5a38146df062edaf55c38afa99e42dc,物流慢,1
furniture_decor,e62b2d6ac10570a035a30bafcf01d263,其他,2
furniture_decor,e6a69c4a27dfdd98ffe5aa757ad744bc,物流慢,1
furniture_decor,e819bcfade7b5d88a27325eb6cfd62c5,物流慢,1
furniture_decor,e8f6dc8e6a1dcde89d20e3995c8d90b3,其他,1
furniture_decor,e8f6dc8e6a1dcde89d20e3995c8d90b3,客服差,1
furniture_decor,e8f6dc8e6a1dcde89d20e3995c8d90b3,尺寸不符,1
furniture_decor,eb9cd5b35d95206585e2185318cb5c61,其他,1
furniture_decor,ec4608a1f76453166bb312b2968aeaf4,其他,4
furniture_decor,ec4608a1f76453166bb312b2968aeaf4,质量差,1
furniture_decor,ec4608a1f76453166bb312b2968aeaf4,退款/纠纷,1
furniture_decor,eed78ac17f7f795a19a709745f00cd4e,其他,1
furniture_decor,f3da5b2ff499efb8d4a6d371d175d7dd,其他,1
furniture_decor,f593898ec748b7a8cb81fc04edafd98a,其他,1
furniture_decor,f650a9708fa1bab22bdd8d3a818cc415,其他,1
furniture_decor,f650a9708fa1bab22bdd8d3a818cc415,包装差,1
furniture_decor,f7720c4fa8e3aba4546301ab80ea1f1b,质量差,1
furniture_decor,fc6295add6f51a0936407ead70c1001d,客服差,1
furniture_decor,ff063b022a9a0aab91bad2c9088760b7,其他,3
furniture_decor,fffd5413c0700ac820c7069d66d98c89,其他,1
furniture_decor,fffd5413c0700ac820c7069d66d98c89,包装差,1
furniture_decor,fffd5413c0700ac820c7069d66d98c89,物流慢,1
furniture_living_room,08cdbae123ff67ca4e36d9d641ce0119,其他,2
furniture_living_room,099095b050cfe8eb1ddff5317587e96e,物流慢,1
furniture_living_room,1554a68530182680ad5c8b042c3ab563,其他,2
furniture_living_room,1554a68530182680ad5c8b042c3ab563,物流慢,2
furniture_living_room,1da366cade6d8276e7d8beea7af5d4bf,包装差,2
furniture_living_room,1da366cade6d8276e7d8beea7af5d4bf,物流慢,1
furniture_living_room,1dcfa3835714681d4ba4a93bc1e0fd41,其他,2
furniture_living_room,4c8b8048e33af2bf94f2eb547746a916,其他,1
furniture_living_room,5058e8c1e82653974541e83690655b4a,其他,1
furniture_living_room,5058e8c1e82653974541e83690655b4a,包装差,1
furniture_living_room,6e4f5ff6b086632ba8dcb558fb10249e,质量差,1
furniture_living_room,701938c450705b8ae65fc923b70f35c7,其他,2
furniture_living_room,701938c450705b8ae65fc923b70f35c7,包装差,2
furniture_living_room,701938c450705b8ae65fc923b70f35c7,物流慢,2
furniture_living_room,70849ca4f400aaabb62cb7462a6f1428,其他,1
furniture_living_room,7c67e1448b00f6e969d365cea6b010ab,其他,1
furniture_living_room,7c67e1448b00f6e969d365cea6b010ab,货不对板,1
furniture_living_room,7fdb0720c8d7c9075538b365dc8c3a22,其他,1
furniture_living_room,870d0118f7a9d85960f29ad89d5d989a,其他,2
furniture_living_room,8b9d6eec4a7eb7d0f9d579ce0b38324d,与描述不符,1
furniture_living_room,8b9d6eec4a7eb7d0f9d579ce0b38324d,其他,5
furniture_living_room,8b9d6eec4a7eb7d0f9d579ce0b38324d,物流慢,1
furniture_living_room,a7f13822ceb966b076af67121f87b063,其他,1
furniture_living_room,ae7ab174effdead6c241e547e4ca13f0,其他,1
furniture_living_room,cb5df0dcb9e280b1780e9d589889f2c7,客服差,1
furniture_living_room,cf2384dd2f1dddea3f838efed0945e65,质量差,1
furniture_living_room,cfa5ab0e4d3fc212fd0b3410e7081c62,货不对板,2
furniture_living_room,d2df77822373f19934e87694d8640767,其他,1
furniture_living_room,f1b93673502375d491780bb49d615dbc,货不对板,1
furniture_living_room,fde0cc9ea29c8ccfc0a2c22256a58c71,其他,1
furniture_living_room,fffd5413c0700ac820c7069d66d98c89,尺寸不符,1
furniture_mattress_and_upholstery,00ee68308b45bc5e2660cd833c3f81cc,其他,1
furniture_mattress_and_upholstery,191d55f7edb8524d525ed01b20fe32e8,物流慢,2
furniture_mattress_and_upholstery,f84a00e60c73a49e7e851c9bdca3a5bb,其他,2
garden_tools,001cca7ae9ae17fb1caed9dfb1094831,其他,12
garden_tools,001cca7ae9ae17fb1caed9dfb1094831,客服差,1
garden_tools,001cca7ae9ae17fb1caed9dfb1094831,物流慢,4
garden_tools,001cca7ae9ae17fb1caed9dfb1094831,质量差,5
garden_tools,001cca7ae9ae17fb1caed9dfb1094831,退款/纠纷,1
garden_tools,01fd077212124329bac32490e8ef80d9,其他,1
garden_tools,06532f10282704ef4c69168b914b77be,客服差,1
garden_tools,082e0bf4cb865a6533b1e8e498cc0255,其他,3
garden_tools,082e0bf4cb865a6533b1e8e498cc0255,物流慢,1
garden_tools,1127b7f2594683f2510f1c2c834a486b,其他,9
garden_tools,1127b7f2594683f2510f1c2c834a486b,客服差,1
garden_tools,1127b7f2594683f2510f1c2c834a486b,货不对板,6
garden_tools,1444c08e64d55fb3c25f0f09c07ffcf2,其他,1
garden_tools,17e34d8224d27a541263c4c64b11a56b,货不对板,1
garden_tools,17e34d8224d27a541263c4c64b11a56b,质量差,2
garden_tools,1f50f920176fa81dab994f9023523100,其他,98
garden_tools,1f50f920176fa81dab994f9023523100,包装差,1
garden_tools,1f50f920176fa81dab994f9023523100,客服差,17
garden_tools,1f50f920176fa81dab994f9023523100,尺寸不符,1
garden_tools,1f50f920176fa81dab994f9023523100,物流慢,14
garden_tools,1f50f920176fa81dab994f9023523100,货不对板,1
garden_tools,1f50f920176fa81dab994f9023523100,质量差,4
garden_tools,1f50f920176fa81dab994f9023523100,退款/纠纷,4
garden_tools,21e83881401b92b49fb09a16d3852291,质量差,1
garden_tools,23a0ffca143a15b9b5bbdb7d552f626a,其他,3
garden_tools,23a0ffca143a15b9b5bbdb7d552f626a,质量差,1
garden_tools,23c38debaffe4a25a30fdbd9b586a13f,其他,1
garden_tools,2646baaf662d4d92ac48f047e35db92d,其他,1
garden_tools,276677b5d08786d5dce7c2149dcce48b,其他,1
garden_tools,282f23a9769b2690c5dda22e316f9941,其他,1
garden_tools,2a1348e9addc1af5aaa619b1a3679d6b,其他,1
garden_tools,2c43fb513632d29b3b58df74816f1b06,货不对板,1
garden_tools,2f73e04d12cdf0c945ded66bb3fcf6c7,物流慢,1
garden_tools,3d8fa2f5b647373c8620330c4e077a9f,其他,1
garden_tools,3d8fa2f5b647373c8620330c4e077a9f,货不对板,1
garden_tools,44073f8b7e41514de3b7815dd0237f4f,其他,1
garden_tools,45ba18c210d42734ec52c0c1c574e9ee,其他,2
garden_tools,48162d548f5b1b11b9d29d1e01f75a61,其他,1
garden_tools,4978a02ea9c8be7a9b5480680f40334e,其他,1
garden_tools,4a3ccda38b2129705f3fb522db62ca31,其他,1
garden_tools,4e85b538b0dad58852641540686d0e14,其他,1
garden_tools,53e4c6e0f4312d4d2107a8c9cddf45cd,其他,1
garden_tools,56642bcb79900e777d68e91915cb4267,其他,1
garden_tools,56642bcb79900e777d68e91915cb4267,包装差,1
garden_tools,56642bcb79900e777d68e91915cb4267,质量差,1
garden_tools,56a8b450e802502ba53a9885ee38e29f,其他,1
garden_tools,5fd924b4836098a5be0ecf81ba054ce0,其他,1
garden_tools,62c50c1af4dfdc4149d25c5222043d39,其他,1
garden_tools,6c12e40690c335dbc2f68a4134d30dc1,其他,1
garden_tools,7178f9f4dd81dcef02f62acdf8151e01,其他,1
garden_tools,7901646fdd36a55f564ffaf2dbccaaf7,其他,1
garden_tools,7901646fdd36a55f564ffaf2dbccaaf7,客服差,1
garden_tools,81a1104df0f08b59c68aa5b03cfe398e,其他,3
garden_tools,8a87611c08849ffeeccab52aa798b6c7,其他,1
garden_tools,8a87611c08849ffeeccab52aa798b6c7,物流慢,2
garden_tools,903037660cf848a717166eb7a06d616e,其他,1
garden_tools,94e93ce877be27a515118dbfd2c2be41,包装差,1
garden_tools,9535a841eecebed61a9fb1ac1cbb5597,质量差,1
garden_tools,955fee9216a65b617aa5c0531780ce60,与描述不符,1
garden_tools,955fee9216a65b617aa5c0531780ce60,其他,1
garden_tools,955fee9216a65b617aa5c0531780ce60,物流慢,1
garden_tools,95e03ca3d4146e4011985981aeb959b9,与描述不符,1
garden_tools,95e03ca3d4146e4011985981aeb959b9,其他,1
garden_tools,9c7fd21e0aa159b20da593371f08ff7c,其他,1
garden_tools,9df5750209b83567ec144eb299d7d634,物流慢,1
garden_tools,a1043bafd471dff536d0c462352beb48,其他,16
garden_tools,a1043bafd471dff536d0c462352beb48,包装差,1
garden_tools,a1043bafd471dff536d0c462352beb48,物流慢,9
garden_tools,a1043bafd471dff536d0c462352beb48,质量差,2
garden_tools,a1043bafd471dff536d0c462352beb48,退款/纠纷,2
garden_tools,a23266650e7c84bb93fbbba502137478,客服差,1
garden_tools,a23266650e7c84bb93fbbba502137478,物流慢,1
garden_tools,a36ac007a4d18f865c8d32c3b2402c2d,其他,1
garden_tools,a36ac007a4d18f865c8d32c3b2402c2d,物流慢,1
garden_tools,a36ac007a4d18f865c8d32c3b2402c2d,货不对板,1
garden_tools,a36ac007a4d18f865c8d32c3b2402c2d,退款/纠纷,1
garden_tools,a3a38f4affed601eb87a97788c949667,物流慢,1
garden_tools,a4b6b9b992b46e9ef863637af96e04bc,其他,1
garden_tools,aac29b1b99776be73c3049939652091d,其他,2
garden_tools,aac29b1b99776be73c3049939652091d,包装差,1
garden_tools,ac1ed5fc15901fbc92920361eb4ab350,其他,1
garden_tools,b18871c324516afa228a13e8f1ef0ae9,其他,3
garden_tools,b18871c324516afa228a13e8f1ef0ae9,物流慢,1
garden_tools,b2ba3715d723d245138f291a6fe42594,其他,1
garden_tools,b586cd24c010a13916af621b0325fbba,其他,1
garden_tools,b6e1504972665f739dec4facb9943775,客服差,1
garden_tools,b7d5b4b87af9d42b601865d3f3810bff,其他,1
garden_tools,bb7a14e229b1c95156719c3d9552eeee,其他,1
garden_tools,bbad7e518d7af88a0897397ffdca1979,物流慢,1
garden_tools,bc302730ea8cf49b5c74f579febb5bbf,质量差,1
garden_tools,bd15ee794d5e640d9dd71b665b2ab15b,物流慢,1
garden_tools,be9a160a9011f627c3e121d076c1ec7b,退款/纠纷,1
garden_tools,c731d18cea9bf687ffee82a241c25b11,其他,1
garden_tools,c9a06ece156bb057372c68718ec8909b,其他,2
garden_tools,c9a06ece156bb057372c68718ec8909b,物流慢,1
garden_tools,c9a06ece156bb057372c68718ec8909b,质量差,1
garden_tools,c9c7905cffc4ef9ff9f113554423e671,质量差,1
garden_tools,d1c7fa84e48cfa21a0e595167c1c500e,其他,1
garden_tools,d379f449f2a3b271bc01c0782020f705,其他,1
garden_tools,d50d79cb34e38265a8649c383dcffd48,其他,2
garden_tools,dee656f0f566ed1aa85bd137c943f08f,其他,1
garden_tools,df560393f3a51e74553ab94004ba5c87,其他,3
garden_tools,dfc5fb7259bb2b599ca565e6e9448f0f,其他,2
garden_tools,dff87e4de60c9736ce8df835951b09bc,其他,1
garden_tools,e26901d5ab434ce92fd9b5c256820a4e,其他,7
garden_tools,e26901d5ab434ce92fd9b5c256820a4e,包装差,1
garden_tools,e26901d5ab434ce92fd9b5c256820a4e,质量差,4
garden_tools,e5a38146df062edaf55c38afa99e42dc,其他,2
garden_tools,e628d4a53c109f09ca88098338b3a3f5,物流慢,1
garden_tools,e9511df20ccd82658a30c37b7fb343af,其他,1
garden_tools,e99e927c81e3f51739c94fcdfca9f10f,尺寸不符,1
garden_tools,eeb6de78f79159600292e314a77cbd18,其他,3
garden_tools,eeb6de78f79159600292e314a77cbd18,包装差,1
garden_tools,eeb6de78f79159600292e314a77cbd18,客服差,1
garden_tools,f19516b9ff26bfeb091b30108db4ddbd,退款/纠纷,1
garden_tools,f524ad65d7e0f1daab730ef2d2e86196,其他,1
garden_tools,f680f85bee2d253556ac91be391d2c82,客服差,1
garden_tools,f680f85bee2d253556ac91be391d2c82,物流慢,1
garden_tools,f7720c4fa8e3aba4546301ab80ea1f1b,其他,3
garden_tools,f8db351d8c4c4c22c6835c19a46f01b0,与描述不符,1
garden_tools,f8db351d8c4c4c22c6835c19a46f01b0,其他,2
garden_tools,f8db351d8c4c4c22c6835c19a46f01b0,尺寸不符,1
garden_tools,f8db351d8c4c4c22c6835c19a46f01b0,退款/纠纷,1
garden_tools,f918546be4bec7104d117789ba758b2b,与描述不符,1
garden_tools,f918546be4bec7104d117789ba758b2b,其他,1
garden_tools,f97e2b0650c2068227e1d366140eb62f,其他,1
garden_tools,ff063b022a9a0aab91bad2c9088760b7,其他,1
health_beauty,01fd077212124329bac32490e8ef80d9,其他,1
health_beauty,01fd077212124329bac32490e8ef80d9,客服差,1
health_beauty,01fdefa7697d26ad920e9e0346d4bd1b,其他,5
health_beauty,01fdefa7697d26ad920e9e0346d4bd1b,客服差,1
health_beauty,01fdefa7697d26ad920e9e0346d4bd1b,物流慢,1
health_beauty,04308b1ee57b6625f47df1d56f00eedf,其他,11
health_beauty,04308b1ee57b6625f47df1d56f00eedf,包装差,1
health_beauty,04308b1ee57b6625f47df1d56f00eedf,客服差,1
health_beauty,04308b1ee57b6625f47df1d56f00eedf,退款/纠纷,1
health_beauty,04aba03279157f6d4e0fe8ccaf21963c,其他,2
health_beauty,058fd0aa2bfdb2274e05e1ae971dabb6,质量差,1
health_beauty,06a2c3af7b3aee5d69171b0e14f0ee87,其他,28
health_beauty,06a2c3af7b3aee5d69171b0e14f0ee87,包装差,1
health_beauty,06a2c3af7b3aee5d69171b0e14f0ee87,客服差,3
health_beauty,06a2c3af7b3aee5d69171b0e14f0ee87,物流慢,4
health_beauty,06a2c3af7b3aee5d69171b0e14f0ee87,货不对板,4
health_beauty,06a2c3af7b3aee5d69171b0e14f0ee87,质量差,2
health_beauty,06a2c3af7b3aee5d69171b0e14f0ee87,退款/纠纷,1
health_beauty,0747d5bb69f0586cc869d8af4c50f93e,其他,1
health_beauty,093805f8f2aeb63881444571e1f48f30,其他,2
health_beauty,093805f8f2aeb63881444571e1f48f30,客服差,1
health_beauty,094ced053e257ae8cae57205592d6712,物流慢,1
health_beauty,094ced053e257ae8cae57205592d6712,退款/纠纷,1
health_beauty,09883d9ab71c8fe8a9bfc7fc3075b07e,其他,2
health_beauty,0ac4201fda2c68ebc0e47cb9423cf3c9,其他,1
health_beauty,0df3984f9dfb3d49ac6366acbd3bbb85,其他,5
health_beauty,0df3984f9dfb3d49ac6366acbd3bbb85,物流慢,1
health_beauty,11bfa66332777660bd0640ee84d47006,其他,3
health_beauty,11bfa66332777660bd0640ee84d47006,物流慢,1
health_beauty,11bfa66332777660bd0640ee84d47006,货不对板,2
health_beauty,13fa2a6c6b9d0f43cb588d7c82117a12,其他,1
health_beauty,15aec03fe4cf30dfa574cf550f5ff5ff,物流慢,1
health_beauty,15b3b1b81484422eb41df68ac87f1f50,物流慢,1
health_beauty,17f51e7198701186712e53a39c564617,其他,3
health_beauty,17f51e7198701186712e53a39c564617,物流慢,2
health_beauty,1b7e5006cb25dd23ce8686691013b121,包装差,1
health_beauty,1eade46fba20122dc4aefb379f8c636b,其他,1
health_beauty,1eade46fba20122dc4aefb379f8c636b,物流慢,1
health_beauty,1eade46fba20122dc4aefb379f8c636b,货不对板,1
health_beauty,2379bdc3888025689a9deb7b141507d5,客服差,1
health_beauty,2709af9587499e95e803a6498a5a56e9,其他,1
health_beauty,2709af9587499e95e803a6498a5a56e9,物流慢,1
health_beauty,282c7480173bb9c01dd41cc739fec010,其他,1
health_beauty,28fb0829fd777877cdc350d25cb5bd5b,物流慢,1
health_beauty,2a1348e9addc1af5aaa619b1a3679d6b,其他,2
health_beauty,2a5b78b41cd05baeac8df54c6606b92c,与描述不符,1
health_beauty,2a5b78b41cd05baeac8df54c6606b92c,其他,1
health_beauty,2a5b78b41cd05baeac8df54c6606b92c,客服差,1
health_beauty,2a61c271b1ac763450d846849783e922,其他,1
health_beauty,2a84855fd20af891be03bc5924d2b453,其他,2
health_beauty,2a84855fd20af891be03bc5924d2b453,物流慢,1
health_beauty,2a84855fd20af891be03bc5924d2b453,货不对板,1
health_beauty,2c3d56f92f360fb89d849b84e8f50eae,其他,1
health_beauty,2c3d56f92f360fb89d849b84e8f50eae,包装差,1
health_beauty,2dcf93836ae3ce0d7c93e2f10876467a,其他,1
health_beauty,2e1a7d075abe038c1b2743005fe42ff1,其他,2
health_beauty,2e1c9f22be269ef4643f826c9e650a52,其他,6
health_beauty,2e1c9f22be269ef4643f826c9e650a52,物流慢,3
health_beauty,2e1c9f22be269ef4643f826c9e650a52,货不对板,1
health_beauty,2eb70248d66e0e3ef83659f71b244378,其他,1
health_beauty,325f3178fb58e2a9778334621eecdbf9,包装差,1
health_beauty,36a968b544695394e4e9d7572688598f,其他,1
health_beauty,382229d1e840115ffe3dbf5ff460e417,其他,1
health_beauty,382229d1e840115ffe3dbf5ff460e417,质量差,1
health_beauty,392e0502231ae2f8b29994ef6398cd77,其他,1
health_beauty,3d8fa2f5b647373c8620330c4e077a9f,质量差,1
health_beauty,3fadb4cba4c35bce6a7eaf9872d5623a,其他,1
health_beauty,3febca52652e7209509ccfe61cbde40e,客服差,1
health_beauty,40d54b51e962dbe09cabbcfd33298dee,其他,2
health_beauty,40d54b51e962dbe09cabbcfd33298dee,货不对板,1
health_beauty,427165bf50f8ca07efc7bdc2bfcf1688,其他,2
health_beauty,42b729f859728f5079499127a9c2ef37,其他,2
health_beauty,42b729f859728f5079499127a9c2ef37,物流慢,1
health_beauty,42b729f859728f5079499127a9c2ef37,退款/纠纷,1
health_beauty,431050a06a317f2b38168dec3dcd2b46,其他,1
health_beauty,431af27f296bc6519d890aa5a05fdb11,与描述不符,1
health_beauty,431af27f296bc6519d890aa5a05fdb11,其他,7
health_beauty,431af27f296bc6519d890aa5a05fdb11,包装差,1
health_beauty,431af27f296bc6519d890aa5a05fdb11,客服差,1
health_beauty,431af27f296bc6519d890aa5a05fdb11,物流慢,8
health_beauty,432c67955c0acd1fd6b0b5d678766a71,其他,1
health_beauty,4371b634e0efc0e22b09b52907d9d469,其他,2
health_beauty,44073f8b7e41514de3b7815dd0237f4f,其他,3
health_beauty,44073f8b7e41514de3b7815dd0237f4f,物流慢,1
health_beauty,44073f8b7e41514de3b7815dd0237f4f,质量差,1
health_beauty,458c6fa920810ce2492da71bc26d9eec,其他,1
health_beauty,4869f7a5dfa277a7dca6462dcf3b52b2,其他,1
health_beauty,4869f7a5dfa277a7dca6462dcf3b52b2,尺寸不符,1
health_beauty,4c498c7345e89aebad651544829beca0,其他,1
health_beauty,4c498c7345e89aebad651544829beca0,物流慢,1
health_beauty,4de6e4ba574aa9dfdc824bc44dc47fdd,其他,1
health_beauty,4e17c65a516f69d023a2ae78b84f28d6,其他,1
health_beauty,4e17c65a516f69d023a2ae78b84f28d6,质量差,1
health_beauty,4e17c65a516f69d023a2ae78b84f28d6,退款/纠纷,1
health_beauty,4e922959ae960d389249c378d1c939f5,其他,1
health_beauty,4e922959ae960d389249c378d1c939f5,物流慢,1
health_beauty,542917da124346b47ea1ac79a93ce454,其他,1
health_beauty,56642bcb79900e777d68e91915cb4267,其他,2
health_beauty,56642bcb79900e777d68e91915cb4267,物流慢,1
health_beauty,57e632711dec9ec14ca7546769483e7e,其他,1
health_beauty,57e632711dec9ec14ca7546769483e7e,物流慢,1
health_beauty,58e4b302b54937e55a678c4d15111da4,其他,1
health_beauty,59fb871bf6f4522a87ba567b42dafecf,其他,3
health_beauty,59fb871bf6f4522a87ba567b42dafecf,客服差,1
health_beauty,5a413ade68e8f8d93071a7f52a64cb9e,其他,1
health_beauty,5ab05b6d86d417796c69ffd6774ec832,其他,2
health_beauty,5b85809efd0d0e4dea1a9544e1280ed9,其他,1
health_beauty,5c243662ce92d84573bfaff24c3e3700,其他,7
health_beauty,5c243662ce92d84573bfaff24c3e3700,物流慢,1
health_beauty,5c243662ce92d84573bfaff24c3e3700,货不对板,1
health_beauty,5debea795b07621e1f90532e18f96145,其他,2
health_beauty,5f1dc28029d2c244352a68107ec2b542,其他,1
health_beauty,5f1dc28029d2c244352a68107ec2b542,物流慢,1
health_beauty,620c87c171fb2a6dd6e8bb4dec959fc6,与描述不符,1
health_beauty,620c87c171fb2a6dd6e8bb4dec959fc6,其他,27
health_beauty,620c87c171fb2a6dd6e8bb4dec959fc6,客服差,4
health_beauty,620c87c171fb2a6dd6e8bb4dec959fc6,物流慢,7
health_beauty,620c87c171fb2a6dd6e8bb4dec959fc6,货不对板,3
health_beauty,620c87c171fb2a6dd6e8bb4dec959fc6,质量差,1
health_beauty,633ecdf879b94b5337cca303328e4a25,其他,1
health_beauty,633ecdf879b94b5337cca303328e4a25,客服差,1
health_beauty,633ecdf879b94b5337cca303328e4a25,物流慢,1
health_beauty,633ecdf879b94b5337cca303328e4a25,货不对板,1
health_beauty,63bc58679c44e8a998792119fd7ad23e,其他,1
health_beauty,64b87978a11c1ea7501a89eabe8c2c1a,其他,2
health_beauty,64b87978a11c1ea7501a89eabe8c2c1a,物流慢,1
health_beauty,66dc1b1632bd6a3e508510c5b3492107,其他,1
health_beauty,679769a98cfcc6da877c8486ff1c13f3,其他,1
health_beauty,681fce914360217db47784ae28905a96,其他,1
health_beauty,6aa3928696eab49a19a466e665a649fd,其他,1
health_beauty,6b90f847357d8981edd79a1eb1bf0acb,其他,1
health_beauty,6df688df543f90e9b38f4319e75a9d88,其他,1
health_beauty,6e386f64c84e482f0b9abf960797ee1b,物流慢,1
health_beauty,6ec1a01e866584bb679eb9b098345919,其他,2
health_beauty,6ec1a01e866584bb679eb9b098345919,客服差,1
health_beauty,7040e82f899a04d1b434b795a43b4617,质量差,2
health_beauty,709e16e2b25c7474d980076c6bfc4806,货不对板,1
health_beauty,70a12e78e608ac31179aea7f8422044b,其他,4
health_beauty,70a12e78e608ac31179aea7f8422044b,物流慢,1
health_beauty,70a12e78e608ac31179aea7f8422044b,货不对板,1
health_beauty,70a12e78e608ac31179aea7f8422044b,质量差,2
health_beauty,7178f9f4dd81dcef02f62acdf8151e01,其他,3
health_beauty,7178f9f4dd81dcef02f62acdf8151e01,包装差,1
health_beauty,7178f9f4dd81dcef02f62acdf8151e01,物流慢,3
health_beauty,7178f9f4dd81dcef02f62acdf8151e01,质量差,1
health_beauty,718539d38d07dd351c76db862760e2e2,客服差,1
health_beauty,729b2d09b2a0bdab221076327f13d050,其他,1
health_beauty,729b2d09b2a0bdab221076327f13d050,物流慢,1
health_beauty,750303a20e9c56b2a6bc45cdce0b897d,其他,1
health_beauty,7a91bf945c6fae0779f1c61ce97fe45c,客服差,1
health_beauty,7bac63f6603d382cc8d0832eb6c100a8,其他,1
health_beauty,7dc8c42cc750eeafea6c85712ffee9bf,其他,1
health_beauty,7e1fb0a3ebfb01ffb3a7dae98bf3238d,其他,8
health_beauty,7e1fb0a3ebfb01ffb3a7dae98bf3238d,包装差,1
health_beauty,7e1fb0a3ebfb01ffb3a7dae98bf3238d,客服差,2
health_beauty,7e1fb0a3ebfb01ffb3a7dae98bf3238d,物流慢,2
health_beauty,7e1fb0a3ebfb01ffb3a7dae98bf3238d,退款/纠纷,1
health_beauty,7e26c750b4cb9f6766f58265ff9ebe95,质量差,1
health_beauty,7e93a43ef30c4f03f38b393420bc753a,物流慢,1
health_beauty,7f7b8245c336066a1f9933c359f11d77,其他,1
health_beauty,7f7b8245c336066a1f9933c359f11d77,尺寸不符,1
health_beauty,8090490573c6c0aa343a7231ebcb8c86,其他,1
health_beauty,82bd0703a4aefd6b599e5bfdaed378fb,其他,1
health_beauty,82bd0703a4aefd6b599e5bfdaed378fb,退款/纠纷,1
health_beauty,8444e55c1f13cd5c179851e5ca5ebd00,其他,1
health_beauty,8444e55c1f13cd5c179851e5ca5ebd00,货不对板,1
health_beauty,851773c885feb5e2da3b4f82bc2b17ce,其他,1
health_beauty,86649b1632b1c0e6c0bcb2c90a8b75d8,其他,1
health_beauty,8b2492b7ff4468839593fafeed55bad9,其他,1
health_beauty,8b2492b7ff4468839593fafeed55bad9,物流慢,1
health_beauty,8b2492b7ff4468839593fafeed55bad9,退款/纠纷,1
health_beauty,8b28d096634035667e8263d57ba3368c,其他,2
health_beauty,8b28d096634035667e8263d57ba3368c,客服差,1
health_beauty,8b28d096634035667e8263d57ba3368c,货不对板,1
health_beauty,8bd0e3abda539b9479c4b44a691be1ec,其他,2
health_beauty,8c5e007d7bd5693fa1386ffefbc99f6c,其他,1
health_beauty,8d956fec2e4337affcb520f56fd8cbfd,物流慢,2
health_beauty,8f54d64f28a993550aa7943f12572959,其他,3
health_beauty,8f54d64f28a993550aa7943f12572959,货不对板,1
health_beauty,8fbe2ee446b97e128471be4ce983dc0d,其他,1
health_beauty,8fbe2ee446b97e128471be4ce983dc0d,物流慢,1
health_beauty,900ba814c251a692506d7834c1218441,其他,5
health_beauty,900ba814c251a692506d7834c1218441,物流慢,1
health_beauty,92d14edfb62ee5ae7fdff70b0f4e7233,其他,1
health_beauty,94144541854e298c2d976cb893b81343,其他,3
health_beauty,94144541854e298c2d976cb893b81343,物流慢,1
health_beauty,94144541854e298c2d976cb893b81343,货不对板,2
health_beauty,9449f25aeaf531019b76999ea49a6949,物流慢,1
health_beauty,955fee9216a65b617aa5c0531780ce60,其他,3
health_beauty,955fee9216a65b617aa5c0531780ce60,物流慢,2
health_beauty,9a208dee8f95cfdf00760c4d627828ec,其他,1
health_beauty,9b013e03b2ab786505a1d3b5c0756754,其他,6
health_beauty,9cad4b68bb993ee401a3c5aaa2bc26dd,其他,1
health_beauty,9cad4b68bb993ee401a3c5aaa2bc26dd,质量差,1
health_beauty,a1474fd46fd3430168f7ec202da39408,其他,1
health_beauty,a416b6a846a11724393025641d4edd5e,与描述不符,1
health_beauty,a416b6a846a11724393025641d4edd5e,其他,17
health_beauty,a416b6a846a11724393025641d4edd5e,客服差,1
health_beauty,a416b6a846a11724393025641d4edd5e,物流慢,1
health_beauty,a416b6a846a11724393025641d4edd5e,质量差,1
health_beauty,a420f60ff1aa9acc80d0e42959f2b313,质量差,1
health_beauty,a5cba26a62b8b4d0145b68b841e62e7f,其他,1
health_beauty,a63bfbaa882c8f4542891b4e2246cc7f,其他,1
health_beauty,abcd2cb37d46c2c8fb1bf071c859fc5b,其他,1
health_beauty,abcd2cb37d46c2c8fb1bf071c859fc5b,物流慢,1
health_beauty,abe42c5d03695b4257b5c6cbf4e6784e,其他,4
health_beauty,abe42c5d03695b4257b5c6cbf4e6784e,物流慢,1
health_beauty,abe42c5d03695b4257b5c6cbf4e6784e,货不对板,1
health_beauty,ad420dd0c4f92f8af951ac24b86d0cf5,其他,1
health_beauty,ad420dd0c4f92f8af951ac24b86d0cf5,物流慢,2
health_beauty,ad420dd0c4f92f8af951ac24b86d0cf5,质量差,1
health_beauty,b17b679f4f5ce2e03ce6968c62648246,其他,7
health_beauty,b17b679f4f5ce2e03ce6968c62648246,物流慢,1
health_beauty,b18dc380845b24038cfc48006478f099,其他,2
health_beauty,b18dc380845b24038cfc48006478f099,物流慢,1
health_beauty,b2ac621f0d0322434d04a12b078b9369,客服差,1
health_beauty,b2ac621f0d0322434d04a12b078b9369,物流慢,1
health_beauty,b2ba3715d723d245138f291a6fe42594,其他,1
health_beauty,b494891378bd8f4560abe576c52deacd,货不对板,1
health_beauty,b56906f7fd1696e043f1bcce164c487b,其他,1
health_beauty,b56906f7fd1696e043f1bcce164c487b,退款/纠纷,2
health_beauty,b83cedfb587e7911540e3f576d6917ce,其他,1
health_beauty,b83cedfb587e7911540e3f576d6917ce,物流慢,1
health_beauty,b90e891671cffd9557f33a97dc523645,其他,2
health_beauty,bba3293d6f5d5af2f415e004e8b93ae3,其他,2
health_beauty,bbf9ad41dca6603e614efcdad7aab8c4,其他,1
health_beauty,bc07d855eac23aab5ac8a120f21d16b2,其他,2
health_beauty,bc8c8d665ec4664d286be0d521722b19,其他,1
health_beauty,bccf933e006e9b94a6184af782963e77,其他,1
health_beauty,bd1d49a326abfa9b1036772e40445430,其他,1
health_beauty,beadbee30901a7f61d031b6b686095ad,其他,4
health_beauty,beadbee30901a7f61d031b6b686095ad,物流慢,4
health_beauty,bf00385a5f7fc1ef39a13c2e9ee50a5f,其他,2
health_beauty,bf84056e679dbe9c69929847a40e338f,其他,1
health_beauty,bf84056e679dbe9c69929847a40e338f,物流慢,1
health_beauty,bf84056e679dbe9c69929847a40e338f,退款/纠纷,1
health_beauty,c1552b1dab6e6f760950368ae61fb600,客服差,1
health_beauty,c35672b10ad50968f567ea3f4b91e877,物流慢,1
health_beauty,c60b801f2d52c7f7f91de00870882a75,其他,1
health_beauty,c70c1b0d8ca86052f45a432a38b73958,其他,7
health_beauty,c70c1b0d8ca86052f45a432a38b73958,客服差,1
health_beauty,c70c1b0d8ca86052f45a432a38b73958,物流慢,1
health_beauty,c70c1b0d8ca86052f45a432a38b73958,货不对板,6
health_beauty,c70c1b0d8ca86052f45a432a38b73958,质量差,2
health_beauty,c70c1b0d8ca86052f45a432a38b73958,退款/纠纷,2
health_beauty,c794dab4928dd97beb41d05514441e86,其他,1
health_beauty,c7dcd301ecfe5ab7f778ac172cf74be7,其他,1
health_beauty,c9aafcd0621b2207c10e32c649cada4d,与描述不符,1
health_beauty,c9aafcd0621b2207c10e32c649cada4d,其他,4
health_beauty,c9aafcd0621b2207c10e32c649cada4d,物流慢,1
health_beauty,c9aafcd0621b2207c10e32c649cada4d,货不对板,1
health_beauty,ca4b77513ac2040591b0d8fae6958380,其他,1
health_beauty,ca7c6bd577e559472af1c699de9e764e,其他,1
health_beauty,cac876b37d3abcd6bd76caca30277996,其他,1
health_beauty,cbd996ad3c1b7dc71fd0e5f5df9087e2,其他,6
health_beauty,cbd996ad3c1b7dc71fd0e5f5df9087e2,客服差,1
health_beauty,cbd996ad3c1b7dc71fd0e5f5df9087e2,物流慢,1
health_beauty,cc1f04647be106ba74e62b21f358af25,货不对板,1
health_beauty,cc419e0650a3c5ba77189a1882b7556a,与描述不符,2
health_beauty,cc419e0650a3c5ba77189a1882b7556a,其他,62
health_beauty,cc419e0650a3c5ba77189a1882b7556a,包装差,1
health_beauty,cc419e0650a3c5ba77189a1882b7556a,客服差,4
health_beauty,cc419e0650a3c5ba77189a1882b7556a,物流慢,17
health_beauty,cc419e0650a3c5ba77189a1882b7556a,货不对板,15
health_beauty,cc419e0650a3c5ba77189a1882b7556a,质量差,16
health_beauty,cc419e0650a3c5ba77189a1882b7556a,退款/纠纷,1
health_beauty,ccc4bbb5f32a6ab2b7066a4130f114e3,其他,9
health_beauty,ccc4bbb5f32a6ab2b7066a4130f114e3,客服差,1
health_beauty,ccc4bbb5f32a6ab2b7066a4130f114e3,物流慢,1
health_beauty,cd68562d3f44870c08922d380acae552,其他,1
health_beauty,ce27a3cc3c8cc1ea79d11e561e9bebb6,客服差,1
health_beauty,d06d019f72a04e5497a0b64190af170c,其他,1
health_beauty,d3f39f05462b79a4562d35893a28f159,其他,1
health_beauty,d3f39f05462b79a4562d35893a28f159,客服差,1
health_beauty,d3f39f05462b79a4562d35893a28f159,物流慢,2
health_beauty,d4a5e99e0dd915df64ba55a7fbd583fd,其他,1
health_beauty,d9bd94811c3338dceb4181f3dbc0c73e,其他,1
health_beauty,d9e7e7778b32987280a6f2cb9a39c57d,其他,1
health_beauty,d9e7e7778b32987280a6f2cb9a39c57d,物流慢,1
health_beauty,d9e7e7778b32987280a6f2cb9a39c57d,质量差,1
health_beauty,da8622b14eb17ae2831f4ac5b9dab84a,其他,5
health_beauty,da8622b14eb17ae2831f4ac5b9dab84a,物流慢,1
health_beauty,dace965ca58120f92f8d742a9fa1864b,物流慢,1
health_beauty,daeb5653dd96c1b11860f72209795012,物流慢,1
health_beauty,db2956745b3a8e9f3785c99f34b5d25e,其他,4
health_beauty,db4350fd57ae30082dec7acbaacc17f9,其他,1
health_beauty,dbdd0ec73a4817971d962698f2fea022,与描述不符,1
health_beauty,dbdd0ec73a4817971d962698f2fea022,物流慢,1
health_beauty,dc317f341ab0e22f39acbd9dbf9b4a1f,其他,1
health_beauty,dc7192adf8ba09569261f4a8d576afe0,质量差,1
health_beauty,de66a66f2dd06bb9ec37aa96987466a3,其他,1
health_beauty,df0f42bc4c2142eacf0eaf2cffd0cfbb,其他,1
health_beauty,e24d3429d294b2eb200b064ebb035879,客服差,1
health_beauty,e24fc9fcd865784fb25705606fe3dfe7,其他,1
health_beauty,e24fc9fcd865784fb25705606fe3dfe7,质量差,1
health_beauty,e24fc9fcd865784fb25705606fe3dfe7,退款/纠纷,1
health_beauty,e3a386fc36e22064434e1fa256f6a9fa,其他,1
health_beauty,e3dd723429d1b23614b7fa85e2c7a853,其他,1
health_beauty,e5a38146df062edaf55c38afa99e42dc,其他,3
health_beauty,e5a38146df062edaf55c38afa99e42dc,客服差,1
health_beauty,e5a38146df062edaf55c38afa99e42dc,货不对板,2
health_beauty,e5a38146df062edaf55c38afa99e42dc,质量差,1
health_beauty,e64d65bc8dbec2accda90c58de5d1246,其他,2
health_beauty,e64d65bc8dbec2accda90c58de5d1246,包装差,1
health_beauty,e64d65bc8dbec2accda90c58de5d1246,物流慢,1
health_beauty,e64d65bc8dbec2accda90c58de5d1246,货不对板,1
health_beauty,e9779976487b77c6d4ac45f75ec7afe9,其他,7
health_beauty,e9779976487b77c6d4ac45f75ec7afe9,物流慢,1
health_beauty,e9779976487b77c6d4ac45f75ec7afe9,货不对板,4
health_beauty,e99e927c81e3f51739c94fcdfca9f10f,其他,2
health_beauty,e99e927c81e3f51739c94fcdfca9f10f,客服差,1
health_beauty,ea566164622c6b439516ab18062c42cd,其他,1
health_beauty,ea566164622c6b439516ab18062c42cd,货不对板,1
health_beauty,eb72802c83dc7547529c9546d1a9b8ef,其他,1
health_beauty,ebd2d60905fb58271facef5596b620d3,其他,6
health_beauty,ebd2d60905fb58271facef5596b620d3,物流慢,2
health_beauty,ebd2d60905fb58271facef5596b620d3,货不对板,1
health_beauty,ecccfa2bb93b34a3bf033cc5d1dcdc69,其他,4
health_beauty,ecccfa2bb93b34a3bf033cc5d1dcdc69,客服差,1
health_beauty,ecccfa2bb93b34a3bf033cc5d1dcdc69,物流慢,1
health_beauty,ecccfa2bb93b34a3bf033cc5d1dcdc69,货不对板,1
health_beauty,ececbfcff9804a2d6b40f589df8eef2b,其他,5
health_beauty,ececbfcff9804a2d6b40f589df8eef2b,物流慢,1
health_beauty,ececbfcff9804a2d6b40f589df8eef2b,质量差,2
health_beauty,ed46f1eb4a638113deb2a1137b5f22e9,其他,1
health_beauty,edb1ef5e36e0c8cd84eb3c9b003e486d,其他,6
health_beauty,edb1ef5e36e0c8cd84eb3c9b003e486d,货不对板,1
health_beauty,ef0ace09169ac090589d85746e3e036f,其他,1
health_beauty,f0ec6a2adb05c62655a26dd347b8dede,其他,1
health_beauty,f3295428338a40977a03f555246a70f4,其他,1
health_beauty,f3b80352b986ab4d1057a4b724be19d0,其他,7
health_beauty,f3b80352b986ab4d1057a4b724be19d0,质量差,2
health_beauty,f46490624488d3ff7ce78613913a7711,其他,16
health_beauty,f46490624488d3ff7ce78613913a7711,物流慢,1
health_beauty,f46490624488d3ff7ce78613913a7711,质量差,2
health_beauty,f46490624488d3ff7ce78613913a7711,退款/纠纷,1
health_beauty,f4aba7c0bca51484c30ab7bdc34bcdd1,其他,9
health_beauty,f4aba7c0bca51484c30ab7bdc34bcdd1,客服差,1
health_beauty,f4aba7c0bca51484c30ab7bdc34bcdd1,物流慢,1
health_beauty,f4aba7c0bca51484c30ab7bdc34bcdd1,货不对板,1
health_beauty,f4aba7c0bca51484c30ab7bdc34bcdd1,质量差,1
health_beauty,f626e15b7314c267e4429010866f70e9,其他,1
health_beauty,f7ba60f8c3f99e7ee4042fdef03b70c4,其他,7
health_beauty,f7ba60f8c3f99e7ee4042fdef03b70c4,客服差,2
health_beauty,f7ba60f8c3f99e7ee4042fdef03b70c4,质量差,2
health_beauty,f84a00e60c73a49e7e851c9bdca3a5bb,其他,3
health_beauty,f84a00e60c73a49e7e851c9bdca3a5bb,尺寸不符,1
health_beauty,f84a00e60c73a49e7e851c9bdca3a5bb,物流慢,2
health_beauty,f84a00e60c73a49e7e851c9bdca3a5bb,货不对板,1
health_beauty,f84a00e60c73a49e7e851c9bdca3a5bb,质量差,3
health_beauty,f84fa566034f5e8e880a07ec624c56af,其他,4
health_beauty,fad44952713764836814be105382aee5,其他,1
health_beauty,fb89df7f89fd1b8f03fa2acca1ba7364,其他,3
health_beauty,fb89df7f89fd1b8f03fa2acca1ba7364,包装差,1
health_beauty,fcb5ace8bcc92f75707dc0f01a27d269,其他,1
home_appliances,0adac9fbd9a2b63cccaac4f8756c1ca8,质量差,1
home_appliances,1976a05ecf2996d6ffb7b5430e635fe7,物流慢,1
home_appliances,4559697a8f7e637227c2eeaed843baff,其他,2
home_appliances,4559697a8f7e637227c2eeaed843baff,客服差,1
home_appliances,4559697a8f7e637227c2eeaed843baff,质量差,1
home_appliances,52f9db5cfb423382a2fa5c9e39303202,其他,2
home_appliances,7bac63f6603d382cc8d0832eb6c100a8,其他,1
home_appliances,8759e7aedd644f487315e5860962f162,其他,1
home_appliances,9674754b5a0cb32b638cec001178f799,其他,1
home_appliances,a2deecd5398f5df4987110c80a1972a3,其他,1
home_appliances,a2deecd5398f5df4987110c80a1972a3,包装差,1
home_appliances,a2deecd5398f5df4987110c80a1972a3,客服差,1
home_appliances,d91fb3b7d041e83b64a00a3edfb37e4f,与描述不符,1
home_appliances,d91fb3b7d041e83b64a00a3edfb37e4f,其他,23
home_appliances,d91fb3b7d041e83b64a00a3edfb37e4f,客服差,4
home_appliances,d91fb3b7d041e83b64a00a3edfb37e4f,物流慢,12
home_appliances,d91fb3b7d041e83b64a00a3edfb37e4f,货不对板,17
home_appliances,d91fb3b7d041e83b64a00a3edfb37e4f,质量差,4
home_appliances,d91fb3b7d041e83b64a00a3edfb37e4f,退款/纠纷,2
home_appliances,f8db351d8c4c4c22c6835c19a46f01b0,其他,1
home_appliances,f8db351d8c4c4c22c6835c19a46f01b0,物流慢,1
home_appliances,ffeee66ac5d5a62fe688b9d26f83f534,其他,2
home_appliances_2,01cf7e3d21494c41fb86034f2e714fa1,其他,1
home_appliances_2,01cf7e3d21494c41fb86034f2e714fa1,包装差,1
home_appliances_2,13d058e4eeac2ce8217660b2f8a05812,其他,2
home_appliances_2,13d058e4eeac2ce8217660b2f8a05812,物流慢,1
home_appliances_2,23d7c96d4a1160db1c726b248601b25a,其他,1
home_appliances_2,23d7c96d4a1160db1c726b248601b25a,包装差,1
home_appliances_2,4917cee8d902e13428c3ec4b1ca6f315,质量差,1
home_appliances_2,4eb61f060e7dcc1d5a80d806c35cc541,其他,1
home_appliances_2,51ed72984a04e5dd35c2b27e77179038,其他,2
home_appliances_2,52d76513f0c4d97f3b99570e2c94ee31,其他,1
home_appliances_2,52d76513f0c4d97f3b99570e2c94ee31,物流慢,1
home_appliances_2,6e4f5ff6b086632ba8dcb558fb10249e,其他,1
home_appliances_2,86ccac0b835037332a596a33b6949ee1,其他,1
home_appliances_2,8fb791022c1fc8909664f48ab7dc636d,货不对板,1
home_appliances_2,a414555ce331b8c8aea4a9cb8395194d,其他,1
home_appliances_2,c004e5ea15737026cecaee0447e00b75,其他,2
home_appliances_2,ce248b21cb2adc36282ede306b7660e5,其他,2
home_appliances_2,ceaec5548eefc6e23e6607c5435102e7,客服差,1
home_appliances_2,d50d79cb34e38265a8649c383dcffd48,其他,1
home_appliances_2,e882b2a25a10b9c057cc49695f222c19,其他,1
home_appliances_2,f62d7bb4a613ec758a03342d46b580b2,其他,1
home_comfort_2,4a3ca9315b744ce9f8e9374361493884,其他,2
home_comfort_2,4a3ca9315b744ce9f8e9374361493884,物流慢,1
home_confort,11305281b50fff20ae8bb473f8e11876,物流慢,1
home_confort,2528513dd95219a6013d4d05176e391a,与描述不符,1
home_confort,2528513dd95219a6013d4d05176e391a,其他,3
home_confort,2528513dd95219a6013d4d05176e391a,尺寸不符,1
home_confort,2528513dd95219a6013d4d05176e391a,质量差,3
home_confort,2528513dd95219a6013d4d05176e391a,退款/纠纷,2
home_confort,2a1348e9addc1af5aaa619b1a3679d6b,其他,1
home_confort,2a1348e9addc1af5aaa619b1a3679d6b,货不对板,1
home_confort,4a3ca9315b744ce9f8e9374361493884,其他,22
home_confort,4a3ca9315b744ce9f8e9374361493884,客服差,4
home_confort,4a3ca9315b744ce9f8e9374361493884,物流慢,1
home_confort,4a3ca9315b744ce9f8e9374361493884,货不对板,4
home_confort,4a3ca9315b744ce9f8e9374361493884,质量差,4
home_confort,4a3ca9315b744ce9f8e9374361493884,退款/纠纷,1
home_confort,520b493b57809f446cb0a233bb3e25c7,尺寸不符,1
home_confort,5dceca129747e92ff8ef7a997dc4f8ca,其他,2
home_confort,7dc8c42cc750eeafea6c85712ffee9bf,包装差,1
home_confort,94e93ce877be27a515118dbfd2c2be41,其他,1
home_confort,94e93ce877be27a515118dbfd2c2be41,质量差,1
home_confort,f35becee938e982bd615edf8ef12bcfb,质量差,1
home_confort,f80edd2c5aaa505cc4b0a3b219abf4b8,其他,1
home_confort,f80edd2c5aaa505cc4b0a3b219abf4b8,物流慢,1
home_construction,01fd077212124329bac32490e8ef80d9,其他,1
home_construction,09f952a5f58d2285b0372551ae8f9b01,其他,1
home_construction,1025f0e2d44d7041d6cf58b6550e0bfa,其他,7
home_construction,1025f0e2d44d7041d6cf58b6550e0bfa,包装差,1
home_construction,18a349e75d307f4b4cc646a691ed4216,包装差,1
home_construction,213b25e6f54661939f11710a6fddb871,其他,6
home_construction,213b25e6f54661939f11710a6fddb871,客服差,2
home_construction,213b25e6f54661939f11710a6fddb871,物流慢,2
home_construction,213b25e6f54661939f11710a6fddb871,质量差,2
home_construction,270297ead4c65a6cd2593960d2af6b21,其他,1
home_construction,37dd29b36c458d82f74a953c40c43645,物流慢,1
home_construction,37dd29b36c458d82f74a953c40c43645,货不对板,1
home_construction,48162d548f5b1b11b9d29d1e01f75a61,其他,3
home_construction,48162d548f5b1b11b9d29d1e01f75a61,尺寸不符,1
home_construction,48162d548f5b1b11b9d29d1e01f75a61,物流慢,1
home_construction,48162d548f5b1b11b9d29d1e01f75a61,质量差,1
home_construction,4978a02ea9c8be7a9b5480680f40334e,其他,2
home_construction,4978a02ea9c8be7a9b5480680f40334e,货不对板,1
home_construction,4a3ccda38b2129705f3fb522db62ca31,其他,1
home_construction,762ed976527cddf02787edba70fffa2a,质量差,1
home_construction,76d5af76d0271110f9af36c92573f765,其他,1
home_construction,76d5af76d0271110f9af36c92573f765,客服差,1
home_construction,821fb029fc6e495ca4f08a35d51e53a5,其他,1
home_construction,8378eb36b6b70c5734e83ad7b8cdc3b7,其他,1
home_construction,8a130737016f838139d31878787a39c9,其他,2
home_construction,8ca1551acf9832a4cf467bbbac15851f,其他,1
home_construction,95e03ca3d4146e4011985981aeb959b9,其他,2
home_construction,95e03ca3d4146e4011985981aeb959b9,物流慢,1
home_construction,95e03ca3d4146e4011985981aeb959b9,质量差,1
home_construction,9d5604a1f112324ad6b2aa552122e0fb,其他,1
home_construction,9d5604a1f112324ad6b2aa552122e0fb,客服差,1
home_construction,a369d693961cb93b61ca2cc518872a85,物流慢,1
home_construction,b566ab0ef88016e00422755e305103c6,其他,1
home_construction,c64a2aec32cc408a8a4c6d7c46017f91,物流慢,1
home_construction,cb41bfbcbda0aea354a834ab222f9a59,其他,1
home_construction,cb41bfbcbda0aea354a834ab222f9a59,物流慢,2
home_construction,f125f3a310c2e5f822d116147de1e474,其他,1
home_construction,fedf2c1386e137f296b3bbf3b635e69d,物流慢,1
housewares,00720abe85ba0859807595bbf045a33b,其他,3
housewares,01cf7e3d21494c41fb86034f2e714fa1,物流慢,1
housewares,0432ead42b6c8a0bdf68154add917fdf,包装差,1
housewares,04e38a233f726ef161074ab1c9b0399a,其他,2
housewares,06579cb253ecd5a3a12a9e6eb6bf8f47,其他,5
housewares,0725b8c0f3f906e58f70cbe76b7c748c,其他,1
housewares,0725b8c0f3f906e58f70cbe76b7c748c,物流慢,1
housewares,0725b8c0f3f906e58f70cbe76b7c748c,质量差,1
housewares,0725b8c0f3f906e58f70cbe76b7c748c,退款/纠纷,1
housewares,0791d9fc1e30678ecf03d3e55fa108d3,其他,1
housewares,099095b050cfe8eb1ddff5317587e96e,其他,1
housewares,099095b050cfe8eb1ddff5317587e96e,客服差,1
housewares,099095b050cfe8eb1ddff5317587e96e,质量差,1
housewares,0adac9fbd9a2b63cccaac4f8756c1ca8,其他,5
housewares,0adac9fbd9a2b63cccaac4f8756c1ca8,物流慢,2
housewares,0adac9fbd9a2b63cccaac4f8756c1ca8,退款/纠纷,1
housewares,0bae85eb84b9fb3bd773911e89288d54,其他,2
housewares,0bae85eb84b9fb3bd773911e89288d54,物流慢,1
housewares,0be8ff43f22e456b4e0371b2245e4d01,物流慢,1
housewares,0bfd0b434243adc5c2e1aa6baf19c6aa,其他,1
housewares,0dd184061fb0eaa7ca37932c68ab91c5,其他,4
housewares,0dd184061fb0eaa7ca37932c68ab91c5,物流慢,1
housewares,0dd184061fb0eaa7ca37932c68ab91c5,质量差,1
housewares,0dfbed20065e425d2eaefb101f9816c0,物流慢,1
housewares,10ff823eda2b032e2c93d17a7d294736,其他,1
housewares,1554a68530182680ad5c8b042c3ab563,其他,1
housewares,17ca9b9e9b9ef8fdb529001b49ebb50f,客服差,1
housewares,17ca9b9e9b9ef8fdb529001b49ebb50f,物流慢,1
housewares,1b4c3a6f53068f0b6944d2d005c9fc89,其他,4
housewares,1b4c3a6f53068f0b6944d2d005c9fc89,物流慢,2
housewares,1da3aeb70d7989d1e6d9b0e887f97c23,包装差,1
housewares,1da3aeb70d7989d1e6d9b0e887f97c23,货不对板,1
housewares,1fbe10c70e30765ed1de86d9f7e98409,客服差,1
housewares,218f991754f360af9c2daa5e0b8e990c,其他,1
housewares,218f991754f360af9c2daa5e0b8e990c,包装差,1
housewares,23d7c96d4a1160db1c726b248601b25a,其他,1
housewares,276677b5d08786d5dce7c2149dcce48b,其他,3
housewares,276677b5d08786d5dce7c2149dcce48b,物流慢,2
housewares,2aa3443d7bf9d9bb11133f420d75e083,质量差,1
housewares,2aa3443d7bf9d9bb11133f420d75e083,退款/纠纷,1
housewares,2ec6e37d992a95eaddb3369dcbcc76d9,其他,1
housewares,2ff97219cb8622eaf3cd89b7d9c09824,物流慢,1
housewares,3078096983cf766a32a06257648502d1,其他,1
housewares,3078096983cf766a32a06257648502d1,退款/纠纷,1
housewares,32b8764b4ef628b53608fc34011fcc13,其他,1
housewares,32b8764b4ef628b53608fc34011fcc13,质量差,1
housewares,32f1bb9dfa65bc7df5c0d9d95a616be4,质量差,1
housewares,3361277dc30b7cccdb0c286b24219756,其他,1
housewares,33a17d60c64393351ebf1ef860f4e0f2,退款/纠纷,1
housewares,33dd941c27854f7625b968cc6195a552,物流慢,1
housewares,3969863bb8af7f72580b3b1ffd3a17b3,其他,1
housewares,3ab971ce71839580d2ae5b4e40fe8044,其他,1
housewares,3ab971ce71839580d2ae5b4e40fe8044,质量差,1
housewares,3be634553519fb6536a03e1358e9fdc7,其他,4
housewares,3be634553519fb6536a03e1358e9fdc7,物流慢,2
housewares,3be634553519fb6536a03e1358e9fdc7,质量差,1
housewares,3d5d0dc7073a299e31fa718ce1bc00b6,其他,1
housewares,3d8fa2f5b647373c8620330c4e077a9f,其他,1
housewares,3d8fa2f5b647373c8620330c4e077a9f,物流慢,1
housewares,3dfd3dc96f7f8598eca74e9ac8a2fa31,客服差,1
housewares,412a4720f3e9431b4afa1476a1acddbe,客服差,1
housewares,432c37c9dfba871172ec162e20118b8c,其他,1
housewares,45ba18c210d42734ec52c0c1c574e9ee,其他,1
housewares,4830e40640734fc1c52cd21127c341d4,其他,4
housewares,4830e40640734fc1c52cd21127c341d4,物流慢,1
housewares,4830e40640734fc1c52cd21127c341d4,货不对板,1
housewares,4830e40640734fc1c52cd21127c341d4,质量差,1
housewares,4830e40640734fc1c52cd21127c341d4,退款/纠纷,1
housewares,4992e76a42cb3aad7a7047e0d3d7e729,其他,3
housewares,4992e76a42cb3aad7a7047e0d3d7e729,客服差,1
housewares,4992e76a42cb3aad7a7047e0d3d7e729,物流慢,1
housewares,4992e76a42cb3aad7a7047e0d3d7e729,货不对板,1
housewares,4992e76a42cb3aad7a7047e0d3d7e729,退款/纠纷,1
housewares,49e7217cfe4e427191c378ec626d8737,其他,1
housewares,4a1f694197d05fe70026b016a7316b41,质量差,1
housewares,4bfc7a4a1cf8d4d2121c27422d9e50b5,其他,1
housewares,4bfc7a4a1cf8d4d2121c27422d9e50b5,客服差,1
housewares,4c18691b6037662be2df78a765d98ab5,其他,4
housewares,4c18691b6037662be2df78a765d98ab5,尺寸不符,1
housewares,4c18691b6037662be2df78a765d98ab5,质量差,3
housewares,4e8dacf3d38f281ae26c3e0321d92d88,其他,2
housewares,4e922959ae960d389249c378d1c939f5,其他,1
housewares,520b493b57809f446cb0a233bb3e25c7,其他,1
housewares,520b493b57809f446cb0a233bb3e25c7,货不对板,1
housewares,537eb890efff034a88679788b647c564,其他,1
housewares,53e4c6e0f4312d4d2107a8c9cddf45cd,其他,22
housewares,53e4c6e0f4312d4d2107a8c9cddf45cd,客服差,2
housewares,53e4c6e0f4312d4d2107a8c9cddf45cd,尺寸不符,2
housewares,53e4c6e0f4312d4d2107a8c9cddf45cd,物流慢,4
housewares,53e4c6e0f4312d4d2107a8c9cddf45cd,货不对板,2
housewares,53e4c6e0f4312d4d2107a8c9cddf45cd,质量差,2
housewares,53e4c6e0f4312d4d2107a8c9cddf45cd,退款/纠纷,3
housewares,556a6409838156ea299c9d1f9e2dde43,其他,1
housewares,556a6409838156ea299c9d1f9e2dde43,货不对板,1
housewares,55bb6fe5bebe5012e2d7d9928e1128ff,其他,2
housewares,57c764b4a836300be881e2ff86e449f9,其他,1
housewares,57c764b4a836300be881e2ff86e449f9,客服差,1
housewares,59b22a78efb79a4797979612b885db36,其他,8
housewares,59b22a78efb79a4797979612b885db36,客服差,1
housewares,59b22a78efb79a4797979612b885db36,尺寸不符,2
housewares,59b22a78efb79a4797979612b885db36,货不对板,1
housewares,59b22a78efb79a4797979612b885db36,质量差,3
housewares,5a05a16bb50629ee31afab8a6d4c2674,其他,1
housewares,5b179e9e8cc7ab6fd113a46ca584da81,其他,3
housewares,5b179e9e8cc7ab6fd113a46ca584da81,客服差,1
housewares,5b179e9e8cc7ab6fd113a46ca584da81,物流慢,1
housewares,5b35136197710e16ac5e7b7c2bd4ea85,其他,2
housewares,5b35136197710e16ac5e7b7c2bd4ea85,退款/纠纷,1
housewares,5cbbd5a299cab112b7bf23862255e43e,其他,2
housewares,5cbbd5a299cab112b7bf23862255e43e,尺寸不符,1
housewares,5d3bb11474a06bdc23fb9e89f1164ee0,客服差,1
housewares,5d3bb11474a06bdc23fb9e89f1164ee0,货不对板,1
housewares,5f1dc28029d2c244352a68107ec2b542,其他,1
housewares,6219ba2359cfb97f2e38fd4c321eb309,其他,1
housewares,6219ba2359cfb97f2e38fd4c321eb309,物流慢,1
housewares,6426d21aca402a131fc0a5d0960a3c90,其他,1
housewares,65febd49fd28ec955651299159b1f527,其他,1
housewares,65febd49fd28ec955651299159b1f527,包装差,1
housewares,65febd49fd28ec955651299159b1f527,退款/纠纷,1
housewares,671585f5a2af58b6e276bc01003c0d2b,物流慢,1
housewares,688756f717c462a206ad854c5027a64a,与描述不符,1
housewares,688756f717c462a206ad854c5027a64a,其他,2
housewares,688756f717c462a206ad854c5027a64a,物流慢,2
housewares,688756f717c462a206ad854c5027a64a,货不对板,1
housewares,688756f717c462a206ad854c5027a64a,质量差,1
housewares,688756f717c462a206ad854c5027a64a,退款/纠纷,2
housewares,6a51fc556dab5f766ced6fbc860bc613,其他,1
housewares,6d988d6174a2c27441597174f8905515,其他,2
housewares,6edacfd9f9074789dad6d62ba7950b9c,其他,2
housewares,6f83d9e4da896daae20b9b6b2d3ff8d2,其他,1
housewares,7040e82f899a04d1b434b795a43b4617,其他,1
housewares,7040e82f899a04d1b434b795a43b4617,客服差,1
housewares,7040e82f899a04d1b434b795a43b4617,物流慢,3
housewares,70eea00b476a314817cefde4aad4f89a,其他,1
housewares,71271995e85f5b8530be99ed54a91b89,与描述不符,1
housewares,71271995e85f5b8530be99ed54a91b89,其他,1
housewares,717b78b0950b51ed00b1471d858b0edc,其他,1
housewares,725af026f869236a8dd0ceb98564d156,其他,1
housewares,725af026f869236a8dd0ceb98564d156,物流慢,1
housewares,7299e27ed73d2ad986de7f7c77d919fa,其他,4
housewares,7299e27ed73d2ad986de7f7c77d919fa,物流慢,2
housewares,729f06993dac8e860d4f02d7088ca48a,其他,4
housewares,729f06993dac8e860d4f02d7088ca48a,包装差,1
housewares,729f06993dac8e860d4f02d7088ca48a,客服差,1
housewares,729f06993dac8e860d4f02d7088ca48a,物流慢,1
housewares,7357b52d27cbaa90f81a96cbc1279396,其他,1
housewares,741f8c587cb4248ebc5b779a0e8e0e51,物流慢,1
housewares,76ea5315acb3f5f7ade3cd261faf922a,其他,1
housewares,7722b1df1b0e383e000397b2c11e3e19,与描述不符,1
housewares,7722b1df1b0e383e000397b2c11e3e19,其他,1
housewares,7722b1df1b0e383e000397b2c11e3e19,货不对板,1
housewares,7722b1df1b0e383e000397b2c11e3e19,质量差,1
housewares,7722b1df1b0e383e000397b2c11e3e19,退款/纠纷,1
housewares,784ba75dd9d20200c4caed3d7a77141a,其他,1
housewares,7a241947449cc45dbfda4f9d0798d9d0,与描述不符,1
housewares,7a241947449cc45dbfda4f9d0798d9d0,其他,5
housewares,7b7f91e98f8c6def45a1407923304402,其他,1
housewares,7bcd7c5f8631701474db233ccf1c094b,其他,1
housewares,7daca0837f033a41a6f3428c18657533,其他,1
housewares,7daca0837f033a41a6f3428c18657533,质量差,1
housewares,7e3dde9ffba72d5340f9aaf09b4424be,货不对板,1
housewares,7f02656561b680def9986c0795a8a080,其他,1
housewares,813348c996469b40f2e028d5429d3495,其他,15
housewares,813348c996469b40f2e028d5429d3495,客服差,2
housewares,813348c996469b40f2e028d5429d3495,物流慢,1
housewares,813348c996469b40f2e028d5429d3495,货不对板,1
housewares,813348c996469b40f2e028d5429d3495,质量差,2
housewares,835f0f7810c76831d6c7d24c7a646d4d,其他,6
housewares,870d0118f7a9d85960f29ad89d5d989a,物流慢,1
housewares,8a2d12a90e92f012ce5226fc6592b653,其他,1
housewares,8a432f4e5b471f8da497d7dc517666e2,其他,1
housewares,8b28d096634035667e8263d57ba3368c,其他,1
housewares,8b28d096634035667e8263d57ba3368c,客服差,1
housewares,8b28d096634035667e8263d57ba3368c,物流慢,2
housewares,8e6cc767478edae941d9bd9eb778d77a,其他,6
housewares,8e6cc767478edae941d9bd9eb778d77a,包装差,1
housewares,8e6cc767478edae941d9bd9eb778d77a,尺寸不符,1
housewares,8e6cc767478edae941d9bd9eb778d77a,物流慢,4
housewares,8e6cc767478edae941d9bd9eb778d77a,货不对板,1
housewares,8e6cc767478edae941d9bd9eb778d77a,质量差,1
housewares,8f119a0aee85c0c8fc534629734e94fd,物流慢,1
housewares,91f848e9f4be368f4318775aac733370,其他,3
housewares,91f848e9f4be368f4318775aac733370,尺寸不符,1
housewares,933446e9a59dece7ae9175103820ca8f,客服差,1
housewares,94e93ce877be27a515118dbfd2c2be41,其他,1
housewares,955fee9216a65b617aa5c0531780ce60,其他,12
housewares,955fee9216a65b617aa5c0531780ce60,包装差,1
housewares,955fee9216a65b617aa5c0531780ce60,客服差,1
housewares,955fee9216a65b617aa5c0531780ce60,物流慢,2
housewares,955fee9216a65b617aa5c0531780ce60,货不对板,3
housewares,955fee9216a65b617aa5c0531780ce60,质量差,3
housewares,95e03ca3d4146e4011985981aeb959b9,其他,7
housewares,9853a239ab7b7ebbdc3a21248d5b8e1f,物流慢,1
housewares,98dac6635aee4995d501a3972e047414,与描述不符,1
housewares,98dac6635aee4995d501a3972e047414,其他,6
housewares,98dac6635aee4995d501a3972e047414,客服差,2
housewares,98dac6635aee4995d501a3972e047414,物流慢,2
housewares,98dac6635aee4995d501a3972e047414,货不对板,1
housewares,98dac6635aee4995d501a3972e047414,质量差,1
housewares,98dac6635aee4995d501a3972e047414,退款/纠纷,1
housewares,994f04b3718c2bab35c2adfa8afecd2a,其他,1
housewares,99a54764c341d5dc80b4a8fac4eba3fb,其他,3
housewares,99a54764c341d5dc80b4a8fac4eba3fb,物流慢,1
housewares,99a54764c341d5dc80b4a8fac4eba3fb,质量差,2
housewares,9baf5cb77970f539089d09a38bcec5c3,其他,2
housewares,9c3a1c416c765687bc79a04113269929,质量差,1
housewares,9de4643a8dbde634fe55621059d92273,其他,3
housewares,9f505651f4a6abe901a56cdc21508025,其他,3
housewares,a218df5c097b0ca409cfaac1488cc7f6,客服差,1
housewares,a2e874074c877c5a05abae80ad6e488f,其他,1
housewares,a2e874074c877c5a05abae80ad6e488f,物流慢,1
housewares,a414555ce331b8c8aea4a9cb8395194d,其他,1
housewares,a49928bcdf77c55c6d6e05e09a9b4ca5,其他,1
housewares,a5ff20ff766e7f50bd5066f33da14413,其他,1
housewares,ab3e0c171fe84a7ba7de130f19cfb485,其他,1
housewares,ab9db4cf53b08b828b64dccaafc2d9f0,客服差,1
housewares,ac6417315ae5da8f9a38ee11de6f7780,物流慢,1
housewares,aced59e9b31ef866a94f9e7f29d8d418,其他,2
housewares,ad273c9eb54ecb4532de4bf75bae9e4e,其他,1
housewares,b19f3ca2ea475913750f25a5c37c8d8f,其他,2
housewares,b19f3ca2ea475913750f25a5c37c8d8f,包装差,1
housewares,b19f3ca2ea475913750f25a5c37c8d8f,物流慢,1
housewares,b32be1695eb7ec5f10f72d9610a12527,其他,1
housewares,b335c59ab742f751a85db9c411a86739,其他,1
housewares,b33aaadd1a8891d2dfef0c4c3bdf0371,其他,2
housewares,b33aaadd1a8891d2dfef0c4c3bdf0371,货不对板,1
housewares,b347677812ea483b0f528eaf8cbc09b7,其他,1
housewares,b499c00f28f4b7069ff6550af8c1348a,其他,2
housewares,b6d44737c043328708f6749c2dbe50bd,其他,3
housewares,b6d44737c043328708f6749c2dbe50bd,物流慢,1
housewares,b74d1c09cb380e1d03a6f859c6f4224b,其他,1
housewares,b7ed9fb14c8eadb37adb9c45d67ab0fb,其他,1
housewares,b7ed9fb14c8eadb37adb9c45d67ab0fb,货不对板,1
housewares,b8bc237ba3788b23da09c0f1f3a3288c,其他,2
housewares,b8bc237ba3788b23da09c0f1f3a3288c,质量差,1
housewares,bd4ff04377f974574f7f0bf9d6ce7dde,物流慢,1
housewares,be3b4b0f050a6aa1b2d901c4b77e979f,其他,1
housewares,bfd938b22bc99bce1ae60dc602889f52,其他,2
housewares,c4fb51fb1c5b7c07bc5e67be6e7e8f6e,其他,2
housewares,c4fb51fb1c5b7c07bc5e67be6e7e8f6e,物流慢,1
housewares,c6381d2d013342748761e906d45aff76,其他,1
housewares,c6381d2d013342748761e906d45aff76,物流慢,1
housewares,c6381d2d013342748761e906d45aff76,退款/纠纷,1
housewares,c679fb69a36e1d8349e8c50a217b4d58,其他,1
housewares,c68fb906c8f4b4b946d8386bfa6e5467,物流慢,1
housewares,c6a7539d424a8402232c2228d7a03c5e,其他,3
housewares,c6a7539d424a8402232c2228d7a03c5e,物流慢,1
housewares,c731d18cea9bf687ffee82a241c25b11,其他,1
housewares,c7b7db6c8f3c64a7cc1afa634db21d50,其他,1
housewares,ca3bd7cd9f149df75950150d010fe4a2,其他,6
housewares,ca3bd7cd9f149df75950150d010fe4a2,物流慢,1
housewares,ca3bd7cd9f149df75950150d010fe4a2,质量差,2
housewares,cc63f0dd2acba93ffed4fe9f8e0321fa,其他,1
housewares,cc63f0dd2acba93ffed4fe9f8e0321fa,客服差,1
housewares,cc63f0dd2acba93ffed4fe9f8e0321fa,物流慢,1
housewares,cc63f0dd2acba93ffed4fe9f8e0321fa,质量差,1
housewares,cd06602b43d8800bd0afad514919d35c,其他,2
housewares,cd06602b43d8800bd0afad514919d35c,尺寸不符,1
housewares,cd06602b43d8800bd0afad514919d35c,货不对板,1
housewares,cd06602b43d8800bd0afad514919d35c,质量差,3
housewares,ce7d1888639e6fb06b2749cbfdac1ff7,其他,5
housewares,ce7d1888639e6fb06b2749cbfdac1ff7,包装差,1
housewares,ce7d1888639e6fb06b2749cbfdac1ff7,客服差,2
housewares,ce7d1888639e6fb06b2749cbfdac1ff7,尺寸不符,1
housewares,ceaec5548eefc6e23e6607c5435102e7,质量差,1
housewares,d1e2fe627180431ffda076abb303c56f,客服差,1
housewares,d25aa0aaacb370e912f8cf6efeba38b3,其他,1
housewares,d32e3909cfb714fb2a6cb092c85b9c5f,其他,1
housewares,d379f449f2a3b271bc01c0782020f705,其他,1
housewares,d50d79cb34e38265a8649c383dcffd48,其他,2
housewares,d66c305afaec317ebee552073a674429,退款/纠纷,1
housewares,d9442042130b7fe579d1295f9f4a248f,质量差,1
housewares,d94a40fd42351c259927028d163af842,其他,6
housewares,d94a40fd42351c259927028d163af842,客服差,1
housewares,daeb5653dd96c1b11860f72209795012,其他,2
housewares,dbb9b48c841a0e39e21f98e1a6b2ec3e,其他,2
housewares,dbb9b48c841a0e39e21f98e1a6b2ec3e,货不对板,1
housewares,dc4a0fc896dc34b0d5bfec8438291c80,其他,2
housewares,df47da4ae86fa4db890d05aaf24e21d8,质量差,1
housewares,df91910b6a03bb2e3358fa6a35e32f6f,物流慢,1
housewares,dfa0c4c6229ab200a4a1336b4d7128ff,其他,3
housewares,dfa0c4c6229ab200a4a1336b4d7128ff,尺寸不符,1
housewares,dfc475d54e1b6dbeeb7d7d9bdaa63827,其他,2
housewares,e06f09ec0a4aca210779cf1cfc63cf19,其他,2
housewares,e06f09ec0a4aca210779cf1cfc63cf19,质量差,1
housewares,e256a62e0ac58c0edfba09966142d561,与描述不符,1
housewares,e26901d5ab434ce92fd9b5c256820a4e,其他,2
housewares,e26901d5ab434ce92fd9b5c256820a4e,客服差,1
housewares,e26901d5ab434ce92fd9b5c256820a4e,质量差,1
housewares,e333046ce6517bd8bb510291d44f0130,与描述不符,1
housewares,e333046ce6517bd8bb510291d44f0130,其他,2
housewares,e3e15e2c0b9700561efac21c6be48066,其他,1
housewares,e504a4e2efaa45cbff7e268a2c58c956,其他,2
housewares,e5a38146df062edaf55c38afa99e42dc,其他,2
housewares,e5a38146df062edaf55c38afa99e42dc,货不对板,1
housewares,e63e8bfa530fb16910dd6956e592bb81,其他,3
housewares,e6a69c4a27dfdd98ffe5aa757ad744bc,其他,2
housewares,eb5b6204dde3a6e03b5f1bb8479f055b,客服差,1
housewares,eb5b6204dde3a6e03b5f1bb8479f055b,质量差,1
housewares,ec80e49e69745ab6c14f984bf2149423,其他,1
housewares,ed4311e67debd72b8610a5347a743087,其他,1
housewares,ed8cb7b190ceb6067227478e48cf8dde,其他,1
housewares,f0b47fbbc6dee9aafe415a6e33051b3f,其他,2
housewares,f0b47fbbc6dee9aafe415a6e33051b3f,客服差,1
housewares,f0b47fbbc6dee9aafe415a6e33051b3f,退款/纠纷,2
housewares,f1b93673502375d491780bb49d615dbc,其他,1
housewares,f356c348fbc8df6a882823e21f5ce8b7,其他,1
housewares,f3da5b2ff499efb8d4a6d371d175d7dd,其他,4
housewares,f3da5b2ff499efb8d4a6d371d175d7dd,质量差,1
housewares,f43827dd686be3a4a80e00aa299990fb,物流慢,1
housewares,f5f46307a4d15880ca14fab4ad9dfc9b,其他,1
housewares,f61c63d13f7cd800549d5acdd390ae72,其他,2
housewares,f7496d659ca9fdaf323c0aae84176632,其他,1
housewares,f76a3b1349b6df1ee875d1f3fa4340f0,其他,3
housewares,f8db351d8c4c4c22c6835c19a46f01b0,其他,7
housewares,f8db351d8c4c4c22c6835c19a46f01b0,质量差,2
housewares,f9903dd0f812c7e771fcad47b6fff231,质量差,1
housewares,fa18c782a4866d313cadab567097f8f1,其他,1
housewares,fa7ad8ae9bcb2c4493fdf38e96b1d74f,质量差,1
housewares,fd386aa7bed2af3c7035c65506c9b4a3,其他,1
housewares,fdaaf5bfda82b7b80535610c831b8d09,其他,1
housewares,febab0275244b9a49a623f0bd613ca2f,其他,7
housewares,febab0275244b9a49a623f0bd613ca2f,质量差,1
housewares,ffc470761de7d0232558ba5e786e57b7,质量差,1
housewares,ffdd9f82b9a447f6f8d4b91554cc7dd3,其他,1
housewares,ffdd9f82b9a447f6f8d4b91554cc7dd3,质量差,1
housewares,fffd5413c0700ac820c7069d66d98c89,其他,2
housewares,fffd5413c0700ac820c7069d66d98c89,客服差,1
housewares,fffd5413c0700ac820c7069d66d98c89,物流慢,2
housewares,fffd5413c0700ac820c7069d66d98c89,质量差,1
industry_commerce_and_business,0dd184061fb0eaa7ca37932c68ab91c5,其他,7
industry_commerce_and_business,0dd184061fb0eaa7ca37932c68ab91c5,包装差,1
industry_commerce_and_business,0dd184061fb0eaa7ca37932c68ab91c5,货不对板,1
industry_commerce_and_business,282f23a9769b2690c5dda22e316f9941,质量差,1
industry_commerce_and_business,5d3bb11474a06bdc23fb9e89f1164ee0,其他,1
industry_commerce_and_business,7681ef142fd2c19048da7430856b5588,其他,2
industry_commerce_and_business,76d64c4aca3a7baf218bf93ef7fa768d,其他,2
industry_commerce_and_business,955fee9216a65b617aa5c0531780ce60,其他,2
industry_commerce_and_business,955fee9216a65b617aa5c0531780ce60,质量差,2
kitchen_dining_laundry_garden_furniture,010da0602d7774602cd1b3f5fb7b709e,其他,1
kitchen_dining_laundry_garden_furniture,014c0679dd340a0e338872e7ec85666a,其他,1
kitchen_dining_laundry_garden_furniture,07bf9669d84d1f11be443a9dd938f698,其他,4
kitchen_dining_laundry_garden_furniture,07bf9669d84d1f11be443a9dd938f698,货不对板,1
kitchen_dining_laundry_garden_furniture,13074f016982ff2bd6c58ced8682f000,其他,1
kitchen_dining_laundry_garden_furniture,2528513dd95219a6013d4d05176e391a,其他,1
kitchen_dining_laundry_garden_furniture,2528513dd95219a6013d4d05176e391a,质量差,1
kitchen_dining_laundry_garden_furniture,25be943a321c8938947bdaabca979a90,其他,2
kitchen_dining_laundry_garden_furniture,43402bdf22aa2310e8f99e2f94f78628,其他,1
kitchen_dining_laundry_garden_furniture,43402bdf22aa2310e8f99e2f94f78628,包装差,1
kitchen_dining_laundry_garden_furniture,4917cee8d902e13428c3ec4b1ca6f315,客服差,1
kitchen_dining_laundry_garden_furniture,6c7d50c24b3ccd2fd83b44d8bb34e073,其他,1
kitchen_dining_laundry_garden_furniture,715bbd5ba4e6b74cb0d2f29eb45058b0,其他,2
kitchen_dining_laundry_garden_furniture,78a4d36f65a019172c6154468831a69f,物流慢,1
kitchen_dining_laundry_garden_furniture,b32be1695eb7ec5f10f72d9610a12527,其他,1
kitchen_dining_laundry_garden_furniture,b32be1695eb7ec5f10f72d9610a12527,质量差,2
kitchen_dining_laundry_garden_furniture,f543ba3c973276f519d89d59bd46cead,其他,1
kitchen_dining_laundry_garden_furniture,f80edd2c5aaa505cc4b0a3b219abf4b8,其他,2
kitchen_dining_laundry_garden_furniture,f80edd2c5aaa505cc4b0a3b219abf4b8,货不对板,1
kitchen_dining_laundry_garden_furniture,febab0275244b9a49a623f0bd613ca2f,其他,1
la_cuisine,c731d18cea9bf687ffee82a241c25b11,其他,1
luggage_accessories,02f5837340d7eb4f653d676c7256523a,其他,1
luggage_accessories,058cb5aeb36d7c0fcae20fc85d5e0a59,其他,3
luggage_accessories,0be8ff43f22e456b4e0371b2245e4d01,其他,1
luggage_accessories,0be8ff43f22e456b4e0371b2245e4d01,物流慢,1
luggage_accessories,0be8ff43f22e456b4e0371b2245e4d01,质量差,1
luggage_accessories,3f3486b61f45078d4f31ee5e43d8c5bb,其他,2
luggage_accessories,43b2c864251aa0ce4030c746984e088a,其他,1
luggage_accessories,4830e40640734fc1c52cd21127c341d4,物流慢,1
luggage_accessories,4830e40640734fc1c52cd21127c341d4,质量差,1
luggage_accessories,5dceca129747e92ff8ef7a997dc4f8ca,其他,2
luggage_accessories,5dceca129747e92ff8ef7a997dc4f8ca,客服差,2
luggage_accessories,5dceca129747e92ff8ef7a997dc4f8ca,物流慢,2
luggage_accessories,5dceca129747e92ff8ef7a997dc4f8ca,质量差,1
luggage_accessories,5f2684dab12e59f83bef73ae57724e45,其他,1
luggage_accessories,5f5b43b2bffa8656e4bc6efeb13cc649,物流慢,1
luggage_accessories,6179a28a13a726c29b3bf54c070dccab,其他,1
luggage_accessories,655220df33262c7e0c4949a147366f94,其他,1
luggage_accessories,655220df33262c7e0c4949a147366f94,客服差,1
luggage_accessories,6650fcccd8cd2f7e55ffa524f30c4c59,其他,1
luggage_accessories,6650fcccd8cd2f7e55ffa524f30c4c59,物流慢,1
luggage_accessories,6cd68b3ed6d59aaa9fece558ad360c0a,其他,1
luggage_accessories,6cd68b3ed6d59aaa9fece558ad360c0a,物流慢,1
luggage_accessories,7ddcbb64b5bc1ef36ca8c151f6ec77df,其他,3
luggage_accessories,7ddcbb64b5bc1ef36ca8c151f6ec77df,物流慢,2
luggage_accessories,7ddcbb64b5bc1ef36ca8c151f6ec77df,质量差,1
luggage_accessories,9d5a9018aee56acb367ba9c3f05d1d6a,货不对板,1
luggage_accessories,acce39e832338debb07b02385cde5967,其他,2
luggage_accessories,b1a81260566c1bac3114a6d124413f27,与描述不符,1
luggage_accessories,b1a81260566c1bac3114a6d124413f27,其他,1
luggage_accessories,b1a81260566c1bac3114a6d124413f27,质量差,1
luggage_accessories,b499c00f28f4b7069ff6550af8c1348a,其他,1
luggage_accessories,bfd27a966d91cfaafdb25d076585f0da,其他,1
luggage_accessories,bfd27a966d91cfaafdb25d076585f0da,物流慢,1
luggage_accessories,cd6efc47efaabf134f8bdb654e10b4f1,其他,1
luggage_accessories,d1b65fc7debc3361ea86b5f14c68d2e2,其他,1
luggage_accessories,dbc22125167c298ef99da25668e1011f,其他,9
luggage_accessories,dbc22125167c298ef99da25668e1011f,客服差,1
luggage_accessories,dbc22125167c298ef99da25668e1011f,物流慢,2
luggage_accessories,dbc22125167c298ef99da25668e1011f,退款/纠纷,2
luggage_accessories,dfa0c4c6229ab200a4a1336b4d7128ff,其他,1
luggage_accessories,f262cbc1c910c83959f849465454ddd3,其他,2
luggage_accessories,f262cbc1c910c83959f849465454ddd3,物流慢,3
luggage_accessories,f262cbc1c910c83959f849465454ddd3,货不对板,1
luggage_accessories,f7ccf836d21b2fb1de37564105216cc1,物流慢,1
market_place,062ce95fa2ad4dfaedfc79260130565f,其他,2
market_place,2199e7fe213c16213bf5d6a7eadc9a5d,其他,1
market_place,45213867cefbf2cd4c6177e10216a951,其他,1
market_place,45213867cefbf2cd4c6177e10216a951,物流慢,1
market_place,6039e27294dc75811c0d8a39069f52c0,其他,1
market_place,6039e27294dc75811c0d8a39069f52c0,客服差,1
market_place,6d66611d7c44cc30ce351abc49a68421,其他,1
market_place,7b1222c3624aa89b9558b50a2594188c,物流慢,1
market_place,7d456afc660226829370f3173d14520c,其他,1
market_place,827f8f69dfa529c561901c4f2e0f332f,其他,1
market_place,891071be6ba827b591264c90c2ae8a63,尺寸不符,1
market_place,891071be6ba827b591264c90c2ae8a63,质量差,1
market_place,8fdca8e349553f99bc738833a62c8802,其他,1
market_place,9add47bf45ce8e8c7db6b9cf670b1e09,货不对板,1
market_place,aae3bfea055532c57fb453ed3ec80b30,其他,5
market_place,aae3bfea055532c57fb453ed3ec80b30,物流慢,1
market_place,aae3bfea055532c57fb453ed3ec80b30,货不对板,2
market_place,aae3bfea055532c57fb453ed3ec80b30,质量差,1
market_place,aae3bfea055532c57fb453ed3ec80b30,退款/纠纷,1
market_place,aafe36600ce604f205b86b5084d3d767,尺寸不符,1
market_place,b2ba3715d723d245138f291a6fe42594,其他,1
market_place,cac4c8e7b1ca6252d8f20b2fc1a2e4af,物流慢,1
market_place,e3b4998c7a498169dc7bce44e6bb6277,其他,1
music,289cdb325fb7e7f891c38608bf9e0962,客服差,1
music,d3dcf0604eabf0224fbd5948b5e02f69,客服差,1
musical_instruments,1dd33b8119b3cb1056ed5dc88cd0aaf4,货不对板,1
musical_instruments,244b04680fdbded0acf5aebd9c92b44a,物流慢,1
musical_instruments,36a968b544695394e4e9d7572688598f,其他,1
musical_instruments,36a968b544695394e4e9d7572688598f,货不对板,3
musical_instruments,45213867cefbf2cd4c6177e10216a951,其他,1
musical_instruments,522620dcb18a6b31cd7bdf73665113a9,退款/纠纷,1
musical_instruments,54219883e72aad869adfb2a54b7bfa0f,质量差,1
musical_instruments,553a440137d6e0cf776aee0bb83ac9f5,物流慢,1
musical_instruments,685b870da5b52a710782c9c0fefbeb5b,其他,1
musical_instruments,6d66611d7c44cc30ce351abc49a68421,其他,2
musical_instruments,6d66611d7c44cc30ce351abc49a68421,客服差,1
musical_instruments,6d66611d7c44cc30ce351abc49a68421,货不对板,1
musical_instruments,6d66611d7c44cc30ce351abc49a68421,质量差,2
musical_instruments,6d66611d7c44cc30ce351abc49a68421,退款/纠纷,1
musical_instruments,6e2d3e2dc84fb30f6078f39dd3bddd6f,其他,1
musical_instruments,7178f9f4dd81dcef02f62acdf8151e01,其他,2
musical_instruments,83deb69e889cf80f82be1dc6d5f2d486,其他,2
musical_instruments,83deb69e889cf80f82be1dc6d5f2d486,物流慢,1
musical_instruments,850f4f8af5ea87287ac68de36e29107f,物流慢,1
musical_instruments,8b321bb669392f5163d04c59e235e066,其他,2
musical_instruments,955fee9216a65b617aa5c0531780ce60,物流慢,1
musical_instruments,9b1050e85becf3ae99c1cf4934c9bc5d,货不对板,1
musical_instruments,b499c00f28f4b7069ff6550af8c1348a,其他,1
musical_instruments,b7cc6c5e001441ae8cdd5c69a480cbe4,物流慢,1
musical_instruments,b8630e1121437d41cb08e3c749c2c2e2,质量差,1
musical_instruments,c847e075301870dd144a116762eaff9a,其他,1
musical_instruments,ce248b21cb2adc36282ede306b7660e5,其他,2
musical_instruments,ce248b21cb2adc36282ede306b7660e5,物流慢,1
musical_instruments,ce248b21cb2adc36282ede306b7660e5,质量差,1
musical_instruments,ce27a3cc3c8cc1ea79d11e561e9bebb6,客服差,1
musical_instruments,d23019c84ffae2d5ef2270367b8605fc,其他,1
musical_instruments,d23019c84ffae2d5ef2270367b8605fc,客服差,1
musical_instruments,d3dcf0604eabf0224fbd5948b5e02f69,其他,1
musical_instruments,f45122a9ab94eb4f3f8953578bc0c560,其他,1
musical_instruments,f5a590cf36251cf1162ea35bef76fe84,其他,5
musical_instruments,f5a590cf36251cf1162ea35bef76fe84,客服差,1
musical_instruments,f5a590cf36251cf1162ea35bef76fe84,物流慢,1
musical_instruments,f5a590cf36251cf1162ea35bef76fe84,货不对板,2
musical_instruments,f5a590cf36251cf1162ea35bef76fe84,退款/纠纷,2
musical_instruments,fa3a0b5aabb344b9a92e3524b0202123,其他,1
musical_instruments,fcf16b7a8697e559f0123190bb30177d,其他,1
office_furniture,17a053fcb14bd219540cbde0df490be0,其他,7
office_furniture,17a053fcb14bd219540cbde0df490be0,物流慢,3
office_furniture,17a053fcb14bd219540cbde0df490be0,货不对板,1
office_furniture,17a053fcb14bd219540cbde0df490be0,质量差,1
office_furniture,17adeba047385fb0c67d8e90b4296d21,其他,1
office_furniture,4e42581f08e8cfc7c090f930bac4552a,其他,1
office_furniture,5058e8c1e82653974541e83690655b4a,其他,3
office_furniture,5058e8c1e82653974541e83690655b4a,物流慢,3
office_furniture,5058e8c1e82653974541e83690655b4a,货不对板,1
office_furniture,5058e8c1e82653974541e83690655b4a,退款/纠纷,1
office_furniture,52ac6f920b7280e4c6d30dd94de6259b,质量差,1
office_furniture,67bf6941ba2f1fa1d02c375766bc3e53,客服差,1
office_furniture,67bf6941ba2f1fa1d02c375766bc3e53,物流慢,1
office_furniture,6861de0f40cacb0602e473c51639f980,其他,1
office_furniture,77dcbb67ccb3659bd58eaf5661560a30,其他,1
office_furniture,7c67e1448b00f6e969d365cea6b010ab,其他,100
office_furniture,7c67e1448b00f6e969d365cea6b010ab,包装差,5
office_furniture,7c67e1448b00f6e969d365cea6b010ab,客服差,14
office_furniture,7c67e1448b00f6e969d365cea6b010ab,尺寸不符,1
office_furniture,7c67e1448b00f6e969d365cea6b010ab,物流慢,16
office_furniture,7c67e1448b00f6e969d365cea6b010ab,货不对板,11
office_furniture,7c67e1448b00f6e969d365cea6b010ab,质量差,17
office_furniture,7c67e1448b00f6e969d365cea6b010ab,退款/纠纷,6
office_furniture,7fc87cc3e89b3d1d5cabdca32f8485aa,其他,2
office_furniture,7fc87cc3e89b3d1d5cabdca32f8485aa,物流慢,1
office_furniture,8a87611c08849ffeeccab52aa798b6c7,其他,1
office_furniture,8c16d1f32a54d92897cc437244442e1b,货不对板,1
office_furniture,9da15f4a4ea758d9eeb49000dbe57e22,物流慢,1
office_furniture,a7f13822ceb966b076af67121f87b063,其他,8
office_furniture,a7f13822ceb966b076af67121f87b063,尺寸不符,1
office_furniture,a7f13822ceb966b076af67121f87b063,物流慢,2
office_furniture,a7f13822ceb966b076af67121f87b063,质量差,2
office_furniture,a7f13822ceb966b076af67121f87b063,退款/纠纷,1
office_furniture,b8555308bfdb4ca1ed54325a58da9a97,包装差,1
office_furniture,c26a2be5b53b7db6b276280da212a779,其他,1
office_furniture,c26a2be5b53b7db6b276280da212a779,客服差,1
office_furniture,c26a2be5b53b7db6b276280da212a779,物流慢,1
office_furniture,c360e4787614ed31ac7a2f95d3b22dc6,其他,1
party_supplies,537eb890efff034a88679788b647c564,其他,2
party_supplies,dbb9b48c841a0e39e21f98e1a6b2ec3e,其他,1
party_supplies,dbb9b48c841a0e39e21f98e1a6b2ec3e,客服差,1
party_supplies,f88adb15807168d3c43d71021090ce4a,货不对板,1
perfumery,0307f7565ff85b299b6e5ef162b1b1a9,其他,2
perfumery,058fd0aa2bfdb2274e05e1ae971dabb6,其他,3
perfumery,0747d5bb69f0586cc869d8af4c50f93e,质量差,1
perfumery,0c7533c71df861ec58ad7ff999ed0e8d,与描述不符,1
perfumery,0c7533c71df861ec58ad7ff999ed0e8d,其他,4
perfumery,0c7533c71df861ec58ad7ff999ed0e8d,尺寸不符,1
perfumery,11bfa66332777660bd0640ee84d47006,其他,4
perfumery,11bfa66332777660bd0640ee84d47006,客服差,1
perfumery,11bfa66332777660bd0640ee84d47006,物流慢,1
perfumery,11bfa66332777660bd0640ee84d47006,质量差,1
perfumery,138dbe45fc62f1e244378131a6801526,货不对板,1
perfumery,138dbe45fc62f1e244378131a6801526,质量差,1
perfumery,13c2ed7698b3ca92dad49e849219da59,包装差,1
perfumery,1464afc72f696af775557a821c2e253f,其他,3
perfumery,17e34d8224d27a541263c4c64b11a56b,其他,8
perfumery,19484c79cef6c062cb177aa4ef2fcc3c,物流慢,1
perfumery,2089a6d640999f9b9141ac719b2af596,其他,2
perfumery,2089a6d640999f9b9141ac719b2af596,物流慢,2
perfumery,2089a6d640999f9b9141ac719b2af596,质量差,1
perfumery,2305ab43e846518f58dd9d59f3f54e96,客服差,1
perfumery,25debeafbce801fdd479539350185eee,其他,1
perfumery,26d8a1c7c75d513045798992ead43aa2,其他,2
perfumery,26d8a1c7c75d513045798992ead43aa2,物流慢,1
perfumery,26d8a1c7c75d513045798992ead43aa2,退款/纠纷,1
perfumery,2709af9587499e95e803a6498a5a56e9,其他,3
perfumery,289cdb325fb7e7f891c38608bf9e0962,其他,3
perfumery,289cdb325fb7e7f891c38608bf9e0962,包装差,1
perfumery,2ff97219cb8622eaf3cd89b7d9c09824,其他,1
perfumery,37be5a7c751166fbc5f8ccba4119e043,其他,1
perfumery,3968920b9aa752ab98f7d5888c9252f2,其他,1
perfumery,3c7c4a49ec3c6550809089c6a2ca9370,其他,17
perfumery,3c7c4a49ec3c6550809089c6a2ca9370,包装差,3
perfumery,3c7c4a49ec3c6550809089c6a2ca9370,客服差,1
perfumery,3c7c4a49ec3c6550809089c6a2ca9370,物流慢,5
perfumery,3c7c4a49ec3c6550809089c6a2ca9370,货不对板,3
perfumery,3c7c4a49ec3c6550809089c6a2ca9370,质量差,3
perfumery,3c7c4a49ec3c6550809089c6a2ca9370,退款/纠纷,1
perfumery,4c498c7345e89aebad651544829beca0,物流慢,1
perfumery,4dc646b9b9e8e411ef48ba000ea3ac6f,其他,2
perfumery,4e06067cc08b3f41d837768d392c3ee3,其他,3
perfumery,4e17c65a516f69d023a2ae78b84f28d6,与描述不符,1
perfumery,4e17c65a516f69d023a2ae78b84f28d6,其他,1
perfumery,516e7738bd8f735ac19a010ee5450d8d,其他,1
perfumery,5659d77e8d90378e39b960ad5956f64e,物流慢,1
perfumery,5670f4db5b62c43d542e1b2d56b0cf7c,其他,1
perfumery,5670f4db5b62c43d542e1b2d56b0cf7c,货不对板,1
perfumery,620c87c171fb2a6dd6e8bb4dec959fc6,其他,22
perfumery,620c87c171fb2a6dd6e8bb4dec959fc6,包装差,1
perfumery,620c87c171fb2a6dd6e8bb4dec959fc6,客服差,1
perfumery,620c87c171fb2a6dd6e8bb4dec959fc6,物流慢,1
perfumery,620c87c171fb2a6dd6e8bb4dec959fc6,货不对板,2
perfumery,620c87c171fb2a6dd6e8bb4dec959fc6,质量差,2
perfumery,6560211a19b47992c3666cc44a7e94c0,质量差,1
perfumery,65b081a070633e057c462abdd6fb9dd8,货不对板,1
perfumery,681fce914360217db47784ae28905a96,其他,1
perfumery,7178f9f4dd81dcef02f62acdf8151e01,其他,1
perfumery,7178f9f4dd81dcef02f62acdf8151e01,包装差,1
perfumery,7178f9f4dd81dcef02f62acdf8151e01,物流慢,2
perfumery,7178f9f4dd81dcef02f62acdf8151e01,货不对板,1
perfumery,74c7dec0a384d8a05950e629bd23bde9,其他,1
perfumery,7a425d299613df3e613bcf9d2eaf5c49,质量差,1
perfumery,808d4348b916efa08e766ebad39f61eb,其他,1
perfumery,81f89e42267213cb94da7ddc301651da,其他,1
perfumery,81f89e42267213cb94da7ddc301651da,物流慢,2
perfumery,81f89e42267213cb94da7ddc301651da,货不对板,1
perfumery,82bd0703a4aefd6b599e5bfdaed378fb,其他,1
perfumery,8444e55c1f13cd5c179851e5ca5ebd00,与描述不符,1
perfumery,8444e55c1f13cd5c179851e5ca5ebd00,其他,4
perfumery,8444e55c1f13cd5c179851e5ca5ebd00,包装差,1
perfumery,8444e55c1f13cd5c179851e5ca5ebd00,物流慢,1
perfumery,8444e55c1f13cd5c179851e5ca5ebd00,质量差,2
perfumery,8629c241b3622ac12cd4118afdc8d394,物流慢,1
perfumery,8629c241b3622ac12cd4118afdc8d394,货不对板,1
perfumery,8931a84a914b3fe9b1ddaa4d704947ca,物流慢,1
perfumery,8931a84a914b3fe9b1ddaa4d704947ca,货不对板,1
perfumery,8d46553a36e68f95350a200c12f8f2e2,其他,1
perfumery,8d46553a36e68f95350a200c12f8f2e2,物流慢,2
perfumery,8d46553a36e68f95350a200c12f8f2e2,质量差,1
perfumery,9b013e03b2ab786505a1d3b5c0756754,货不对板,1
perfumery,a21c11ec5c3f03e7cc9f9203bff9e1c6,其他,1
perfumery,a888faf2d1baececa6baf9c3d603ee1f,其他,6
perfumery,a888faf2d1baececa6baf9c3d603ee1f,客服差,2
perfumery,a888faf2d1baececa6baf9c3d603ee1f,物流慢,1
perfumery,aded58c8142dedc5494a81f948431fab,其他,1
perfumery,afe0067131b73e40875c9b6c10bd2e21,客服差,1
perfumery,afe0067131b73e40875c9b6c10bd2e21,物流慢,1
perfumery,afe0067131b73e40875c9b6c10bd2e21,货不对板,2
perfumery,bf84056e679dbe9c69929847a40e338f,其他,1
perfumery,c42fd8e4d47dfb18ce5222f2dd7752f9,其他,1
perfumery,cc419e0650a3c5ba77189a1882b7556a,其他,36
perfumery,cc419e0650a3c5ba77189a1882b7556a,包装差,2
perfumery,cc419e0650a3c5ba77189a1882b7556a,客服差,5
perfumery,cc419e0650a3c5ba77189a1882b7556a,物流慢,8
perfumery,cc419e0650a3c5ba77189a1882b7556a,货不对板,3
perfumery,cc419e0650a3c5ba77189a1882b7556a,质量差,6
perfumery,cc419e0650a3c5ba77189a1882b7556a,退款/纠纷,1
perfumery,cd68562d3f44870c08922d380acae552,退款/纠纷,1
perfumery,d12c926d74ceff0a90a21184466ce161,其他,1
perfumery,d12c926d74ceff0a90a21184466ce161,客服差,1
perfumery,d12c926d74ceff0a90a21184466ce161,质量差,1
perfumery,d12c926d74ceff0a90a21184466ce161,退款/纠纷,1
perfumery,d3674f271c91f824f82d24d92011f669,其他,2
perfumery,d3f39f05462b79a4562d35893a28f159,其他,1
perfumery,d57e18d5f73c7ccb7f7339b61166898d,货不对板,1
perfumery,de23c3b98a88888289c6f5cc1209054a,其他,1
perfumery,e333046ce6517bd8bb510291d44f0130,货不对板,1
perfumery,e9779976487b77c6d4ac45f75ec7afe9,其他,1
perfumery,e9e446d01bd10a97a8ffcfc4a3a20cb2,客服差,1
perfumery,ea566164622c6b439516ab18062c42cd,其他,2
perfumery,ec5c1d94df153d473b37f880977ae58e,其他,1
perfumery,ef0ace09169ac090589d85746e3e036f,其他,3
perfumery,ef0ace09169ac090589d85746e3e036f,客服差,1
perfumery,ef0ace09169ac090589d85746e3e036f,物流慢,1
perfumery,ef0ace09169ac090589d85746e3e036f,货不对板,1
perfumery,ef0ace09169ac090589d85746e3e036f,质量差,2
perfumery,f8db351d8c4c4c22c6835c19a46f01b0,其他,2
perfumery,f8db351d8c4c4c22c6835c19a46f01b0,包装差,1
perfumery,fa74b2f3287d296e9fbd2cc80f2d1cf1,其他,3
perfumery,fa74b2f3287d296e9fbd2cc80f2d1cf1,客服差,1
perfumery,fa74b2f3287d296e9fbd2cc80f2d1cf1,物流慢,1
perfumery,fe2032dab1a61af8794248c8196565c9,其他,14
perfumery,fe2032dab1a61af8794248c8196565c9,物流慢,3
perfumery,fe2032dab1a61af8794248c8196565c9,货不对板,2
pet_shop,070d165398b553f3b4b851c216b8a358,其他,3
pet_shop,070d165398b553f3b4b851c216b8a358,包装差,1
pet_shop,070d165398b553f3b4b851c216b8a358,客服差,1
pet_shop,070d165398b553f3b4b851c216b8a358,物流慢,1
pet_shop,070d165398b553f3b4b851c216b8a358,货不对板,2
pet_shop,08ad4ac1388e4420ca531c3edfc46198,其他,1
pet_shop,15ac3c501e2599e4917316fde5c5669a,其他,1
pet_shop,1987cd4be10fe09ee50454f9c354d1c6,其他,1
pet_shop,232a6014e7b10cba61c6c2b2ea6bb4b0,退款/纠纷,1
pet_shop,238fac594e170b59c6d228f5a4f4f1d9,其他,1
pet_shop,2ba91c7ad80ff88b23b7db823b43c233,其他,1
pet_shop,2e90cb1677d35cfe24eef47d441b7c87,物流慢,1
pet_shop,3361277dc30b7cccdb0c286b24219756,其他,1
pet_shop,340636a908b13bbe0f4fb63fbe1d0c03,客服差,1
pet_shop,382229d1e840115ffe3dbf5ff460e417,其他,1
pet_shop,3d700782d7818f2c1e0d7a9e9d75fc00,其他,1
pet_shop,3f0e48d209018b466fcd3bb4ccfeb520,其他,1
pet_shop,3f0e48d209018b466fcd3bb4ccfeb520,货不对板,1
pet_shop,4992e76a42cb3aad7a7047e0d3d7e729,其他,1
pet_shop,4992e76a42cb3aad7a7047e0d3d7e729,尺寸不符,1
pet_shop,52454f90d4c30c016768db02f88c1a74,其他,1
pet_shop,5cf13accae3222c70a9cac40818ae839,其他,5
pet_shop,5cf13accae3222c70a9cac40818ae839,客服差,1
pet_shop,5cf13accae3222c70a9cac40818ae839,物流慢,2
pet_shop,5cf13accae3222c70a9cac40818ae839,货不对板,1
pet_shop,66922902710d126a0e7d26b0e3805106,与描述不符,1
pet_shop,66922902710d126a0e7d26b0e3805106,其他,5
pet_shop,66922902710d126a0e7d26b0e3805106,尺寸不符,1
pet_shop,66922902710d126a0e7d26b0e3805106,退款/纠纷,1
pet_shop,6d66611d7c44cc30ce351abc49a68421,物流慢,1
pet_shop,70c27847eca8195c983ed7e798c56743,与描述不符,2
pet_shop,70c27847eca8195c983ed7e798c56743,其他,5
pet_shop,70c27847eca8195c983ed7e798c56743,物流慢,4
pet_shop,710e3548e02bc1d2831dfc4f1b5b14d4,与描述不符,1
pet_shop,710e3548e02bc1d2831dfc4f1b5b14d4,其他,1
pet_shop,718539d38d07dd351c76db862760e2e2,其他,2
pet_shop,729f06993dac8e860d4f02d7088ca48a,其他,1
pet_shop,729f06993dac8e860d4f02d7088ca48a,货不对板,1
pet_shop,76d5af76d0271110f9af36c92573f765,货不对板,2
pet_shop,7a2d2949aea47fab95fd98d6c9f618b1,货不对板,1
pet_shop,8160255418d5aaa7dbdc9f4c64ebda44,尺寸不符,1
pet_shop,834f8533b2ecb6598dd004ff3de7203a,其他,2
pet_shop,834f8533b2ecb6598dd004ff3de7203a,物流慢,2
pet_shop,880eda903e719a5f179f7e9fceb3a69d,物流慢,1
pet_shop,a254c682cc01e119f83530446f1df9a9,物流慢,1
pet_shop,af3ef48d0e13835e529c29ac573c63e5,其他,2
pet_shop,af3ef48d0e13835e529c29ac573c63e5,客服差,1
pet_shop,af3ef48d0e13835e529c29ac573c63e5,物流慢,1
pet_shop,b56906f7fd1696e043f1bcce164c487b,其他,2
pet_shop,b5abf4f36adc043117b4fca82c22984c,其他,1
pet_shop,c013e57c075a06e5b5c48ee03c525719,物流慢,1
pet_shop,c013e57c075a06e5b5c48ee03c525719,质量差,1
pet_shop,c3e1abd72a42fe690fcd89cf5720fe29,其他,1
pet_shop,c4b911d06343b21dd906651f8101cb49,其他,1
pet_shop,c97aa4ee7420f937da13b7f9e2228b99,其他,1
pet_shop,db46ca7bce82b11f7e247539271fc390,其他,1
pet_shop,dd7ddc04e1b6c2c614352b383efe2d36,其他,8
pet_shop,dd7ddc04e1b6c2c614352b383efe2d36,包装差,1
pet_shop,dd7ddc04e1b6c2c614352b383efe2d36,物流慢,1
pet_shop,dd7ddc04e1b6c2c614352b383efe2d36,货不对板,2
pet_shop,dd7ddc04e1b6c2c614352b383efe2d36,质量差,1
pet_shop,dd7ddc04e1b6c2c614352b383efe2d36,退款/纠纷,1
pet_shop,e067ad2c1c0b48758eb1b5228bcf7a68,其他,3
pet_shop,e067ad2c1c0b48758eb1b5228bcf7a68,质量差,1
pet_shop,e24fc9fcd865784fb25705606fe3dfe7,物流慢,1
pet_shop,e5a38146df062edaf55c38afa99e42dc,质量差,1
pet_shop,e9c6969d40e6a3d2d0f90013165c2b98,货不对板,1
pet_shop,f1b854361f4e15d5851b494df66f22b2,客服差,1
pet_shop,f27e33c6d29b5138fa9967bcd445b6d5,其他,3
pet_shop,f27e33c6d29b5138fa9967bcd445b6d5,质量差,1
pet_shop,f3055483058c84d75ca2a3314fb4deef,物流慢,1
pet_shop,f45122a9ab94eb4f3f8953578bc0c560,与描述不符,1
pet_shop,f45122a9ab94eb4f3f8953578bc0c560,其他,10
pet_shop,f45122a9ab94eb4f3f8953578bc0c560,货不对板,3
pet_shop,f45122a9ab94eb4f3f8953578bc0c560,质量差,2
pet_shop,f45122a9ab94eb4f3f8953578bc0c560,退款/纠纷,1
pet_shop,f5f1f2c5f923f36ad79ea1d07185ddc9,其他,1
pet_shop,f5f1f2c5f923f36ad79ea1d07185ddc9,物流慢,2
pet_shop,f789d2c4f2c2eb38fc4373e7a4b35264,其他,2
pet_shop,f789d2c4f2c2eb38fc4373e7a4b35264,客服差,1
pet_shop,f789d2c4f2c2eb38fc4373e7a4b35264,尺寸不符,1
pet_shop,f789d2c4f2c2eb38fc4373e7a4b35264,质量差,1
pet_shop,f8db351d8c4c4c22c6835c19a46f01b0,与描述不符,1
pet_shop,f8db351d8c4c4c22c6835c19a46f01b0,其他,4
pet_shop,f8db351d8c4c4c22c6835c19a46f01b0,货不对板,1
pet_shop,f8db351d8c4c4c22c6835c19a46f01b0,质量差,2
pet_shop,f97e2b0650c2068227e1d366140eb62f,其他,2
pet_shop,fa1a9dec3a9940c072684a46728bf1fc,其他,1
pet_shop,fa1a9dec3a9940c072684a46728bf1fc,客服差,2
pet_shop,fa1a9dec3a9940c072684a46728bf1fc,尺寸不符,1
security_and_services,4e922959ae960d389249c378d1c939f5,货不对板,1
signaling_and_security,014c0679dd340a0e338872e7ec85666a,其他,1
signaling_and_security,213b25e6f54661939f11710a6fddb871,客服差,1
signaling_and_security,430315b7bb4b6e4b3c978f9dfa9b0558,其他,1
signaling_and_security,4deebb3199eeafb282ae33229144f94b,质量差,1
signaling_and_security,4e922959ae960d389249c378d1c939f5,其他,1
signaling_and_security,55d3daac7c404d59e51c2aa2f4dc5a23,其他,1
signaling_and_security,55d3daac7c404d59e51c2aa2f4dc5a23,货不对板,1
signaling_and_security,6481e96574816ead57975da2c0f6d80d,其他,1
signaling_and_security,70a12e78e608ac31179aea7f8422044b,其他,1
signaling_and_security,72146da5774cabf2632faedcae097a76,客服差,1
signaling_and_security,99a54764c341d5dc80b4a8fac4eba3fb,其他,1
signaling_and_security,cd68562d3f44870c08922d380acae552,客服差,1
small_appliances,0015a82c2db000af6aaaf3ae2ecb0532,包装差,1
small_appliances,052577151711aec5c744fe12e66db3e1,其他,2
small_appliances,054694fa03fe82cec4b7551487331d74,其他,1
small_appliances,05ff92fedb5be47920fea08e501238b9,其他,1
small_appliances,07d75e33f2750d97d467fb57e4dfdd8a,质量差,1
small_appliances,160e4f13fd3a64b1b86807be88b5ffb0,质量差,1
small_appliances,198c7ea11960a9844b544d9bcdca860c,其他,1
small_appliances,23d7c96d4a1160db1c726b248601b25a,其他,1
small_appliances,23d7c96d4a1160db1c726b248601b25a,物流慢,1
small_appliances,2a6fbeaa7ab9e5d59a35841a8da71ce4,其他,1
small_appliances,2a6fbeaa7ab9e5d59a35841a8da71ce4,物流慢,1
small_appliances,2d2c62bef4c8ba0dd74e0e228e808539,其他,1
small_appliances,2d2c62bef4c8ba0dd74e0e228e808539,退款/纠纷,1
small_appliances,2d42ebcda99fd55f6f4bc2f1ca035d50,其他,1
small_appliances,30c7f28fd3a5897b2c82d152bb760c17,其他,1
small_appliances,3d5d0dc7073a299e31fa718ce1bc00b6,物流慢,1
small_appliances,430315b7bb4b6e4b3c978f9dfa9b0558,质量差,1
small_appliances,44073f8b7e41514de3b7815dd0237f4f,其他,1
small_appliances,4830e40640734fc1c52cd21127c341d4,其他,2
small_appliances,4830e40640734fc1c52cd21127c341d4,物流慢,1
small_appliances,4be6b962d83299498bae2190f95d6566,物流慢,1
small_appliances,4e7c18b98d84e05cbae3ff0ff03846c2,其他,7
small_appliances,4e7c18b98d84e05cbae3ff0ff03846c2,质量差,2
small_appliances,4e7c18b98d84e05cbae3ff0ff03846c2,退款/纠纷,1
small_appliances,59417c56835dd8e2e72f91f809cd4092,客服差,1
small_appliances,59fb871bf6f4522a87ba567b42dafecf,货不对板,1
small_appliances,62c50c1af4dfdc4149d25c5222043d39,其他,1
small_appliances,6a8a889bde935bafa76d7848782dfaf9,其他,1
small_appliances,7299e27ed73d2ad986de7f7c77d919fa,与描述不符,1
small_appliances,820cc752a266cdc6c1a1e61dd4583330,物流慢,1
small_appliances,8f119a0aee85c0c8fc534629734e94fd,其他,1
small_appliances,95e03ca3d4146e4011985981aeb959b9,其他,1
small_appliances,9674754b5a0cb32b638cec001178f799,其他,3
small_appliances,9674754b5a0cb32b638cec001178f799,客服差,1
small_appliances,9674754b5a0cb32b638cec001178f799,货不对板,3
small_appliances,9da1ca0bef29ee170e541927a5aeabdc,其他,1
small_appliances,9da1ca0bef29ee170e541927a5aeabdc,货不对板,1
small_appliances,9e9b539eb2806acee3f5c28085c1db9f,其他,1
small_appliances,a2e874074c877c5a05abae80ad6e488f,其他,1
small_appliances,a4e634166243bbb3a13fa584463fa468,物流慢,1
small_appliances,b32be1695eb7ec5f10f72d9610a12527,退款/纠纷,1
small_appliances,b43d8b707f887a30f4675391098354a0,其他,1
small_appliances,b839e41795b7f3ad94cc2014a52f6796,其他,2
small_appliances,b839e41795b7f3ad94cc2014a52f6796,货不对板,2
small_appliances,bb7a14e229b1c95156719c3d9552eeee,其他,1
small_appliances,be9a160a9011f627c3e121d076c1ec7b,物流慢,1
small_appliances,cc3d14116804f7209f3884f6367f1152,其他,1
small_appliances,dadc51ef321949ec9a3ab25cd902e23d,退款/纠纷,1
small_appliances,ff4ea69c2a729e83e63c7579e4ef8170,质量差,1
small_appliances_home_oven_and_coffee,89c127985a8b130cfa45c1d36764017a,客服差,1
small_appliances_home_oven_and_coffee,ba90964cff9b9e0e6f32b23b82465f7b,其他,1
small_appliances_home_oven_and_coffee,ceaec5548eefc6e23e6607c5435102e7,其他,1
small_appliances_home_oven_and_coffee,d91fb3b7d041e83b64a00a3edfb37e4f,与描述不符,1
small_appliances_home_oven_and_coffee,f62d7bb4a613ec758a03342d46b580b2,客服差,1
sports_leisure,001e6ad469a905060d959994f1b41e4f,与描述不符,1
sports_leisure,0249d282d911d23cb8b869ab49c99f53,其他,1
sports_leisure,0249d282d911d23cb8b869ab49c99f53,货不对板,1
sports_leisure,02f623a8eb246f3c5f7c2f96462654e6,其他,2
sports_leisure,04e38a233f726ef161074ab1c9b0399a,其他,1
sports_leisure,0509040ea3fe50071181bbc359eb7738,其他,1
sports_leisure,066a6914e1ebf3ea95a216c73a986b91,其他,1
sports_leisure,066a6914e1ebf3ea95a216c73a986b91,物流慢,1
sports_leisure,066a6914e1ebf3ea95a216c73a986b91,货不对板,1
sports_leisure,0691148aee60ca47977c187804f935ae,其他,3
sports_leisure,0691148aee60ca47977c187804f935ae,物流慢,2
sports_leisure,06df0c10d34e459d9672bc77388742eb,其他,2
sports_leisure,0725b8c0f3f906e58f70cbe76b7c748c,其他,1
sports_leisure,08633c14ef2db992c11f840f04fad4cd,其他,2
sports_leisure,099095b050cfe8eb1ddff5317587e96e,退款/纠纷,1
sports_leisure,0aa124728afc1131dff5655f4c6f487b,其他,1
sports_leisure,0be8ff43f22e456b4e0371b2245e4d01,与描述不符,1
sports_leisure,0be8ff43f22e456b4e0371b2245e4d01,其他,6
sports_leisure,0cbcee27c791afa0cdcb08587a2013a8,与描述不符,2
sports_leisure,0cbcee27c791afa0cdcb08587a2013a8,其他,1
sports_leisure,0dd184061fb0eaa7ca37932c68ab91c5,其他,2
sports_leisure,0dd184061fb0eaa7ca37932c68ab91c5,质量差,1
sports_leisure,0ef83d7d83ed97cd2a0049ac8be5f88a,其他,1
sports_leisure,0ef83d7d83ed97cd2a0049ac8be5f88a,包装差,1
sports_leisure,0ef83d7d83ed97cd2a0049ac8be5f88a,物流慢,2
sports_leisure,0ef83d7d83ed97cd2a0049ac8be5f88a,货不对板,2
sports_leisure,0f0c984a4a955310903b6b6008660bad,其他,1
sports_leisure,14d7985702e72162bbf13b6beb74ab2b,其他,3
sports_leisure,165fc07beebdcb6190fba8a06db2a449,客服差,1
sports_leisure,1b1ae47a313a825a7ccceb8e2e30fa9d,其他,2
sports_leisure,1b8356dabde1d35e17cef975c3f82730,其他,2
sports_leisure,1da3aeb70d7989d1e6d9b0e887f97c23,与描述不符,1
sports_leisure,1da3aeb70d7989d1e6d9b0e887f97c23,其他,6
sports_leisure,2089a6d640999f9b9141ac719b2af596,其他,3
sports_leisure,2089a6d640999f9b9141ac719b2af596,退款/纠纷,1
sports_leisure,218d46b86c1881d022bce9c68a7d4b15,其他,24
sports_leisure,218d46b86c1881d022bce9c68a7d4b15,客服差,2
sports_leisure,218d46b86c1881d022bce9c68a7d4b15,物流慢,8
sports_leisure,25debeafbce801fdd479539350185eee,其他,2
sports_leisure,26f6b7ab07be3e9e69ce82a6552efc19,其他,1
sports_leisure,2745f798279e0ed033addcc1474776d7,其他,2
sports_leisure,2745f798279e0ed033addcc1474776d7,客服差,1
sports_leisure,27a56ff04b34c2ba34ce6ba4d3b9d616,其他,1
sports_leisure,28f10b1c5e5abb9d4857745bede6147c,其他,3
sports_leisure,2a7dc43cecabf23403078e2188437d1d,货不对板,1
sports_leisure,2a7dc43cecabf23403078e2188437d1d,质量差,1
sports_leisure,2aa3443d7bf9d9bb11133f420d75e083,物流慢,1
sports_leisure,2b03ac196f5ed62ac483960fe0fa3b65,其他,1
sports_leisure,2e13c71026e1a39ba5cc1b86dcb679aa,客服差,1
sports_leisure,2e1c9f22be269ef4643f826c9e650a52,其他,2
sports_leisure,2e1c9f22be269ef4643f826c9e650a52,客服差,1
sports_leisure,2e1c9f22be269ef4643f826c9e650a52,质量差,2
sports_leisure,2f09f7d37a97956d11cc1a7cadd5262b,其他,1
sports_leisure,2f09f7d37a97956d11cc1a7cadd5262b,物流慢,2
sports_leisure,318f287a62ab7ac10b703ac37435a231,其他,3
sports_leisure,318f287a62ab7ac10b703ac37435a231,物流慢,1
sports_leisure,33ac3e28642ab8bda860a2f693000e78,其他,1
sports_leisure,33ac3e28642ab8bda860a2f693000e78,客服差,1
sports_leisure,3442f8959a84dea7ee197c632cb2df15,其他,1
sports_leisure,373ee4a3a775a733770ca3f790b8b9ac,客服差,1
sports_leisure,382229d1e840115ffe3dbf5ff460e417,其他,1
sports_leisure,38e679b9e0064cd94c6f035707344dae,其他,1
sports_leisure,38e679b9e0064cd94c6f035707344dae,客服差,2
sports_leisure,38e679b9e0064cd94c6f035707344dae,质量差,1
sports_leisure,391bbd13b6452244774beff1824006ed,其他,1
sports_leisure,39c763cca83e654764b7a4a650fb9b7c,其他,1
sports_leisure,39c763cca83e654764b7a4a650fb9b7c,货不对板,1
sports_leisure,3a52d63a8f9daf5a28f3626d7eb9bd28,其他,1
sports_leisure,3ab971ce71839580d2ae5b4e40fe8044,其他,1
sports_leisure,3ab971ce71839580d2ae5b4e40fe8044,退款/纠纷,1
sports_leisure,3c03b12bab54d8b37d79d914bfdb1aa0,其他,4
sports_leisure,3c03b12bab54d8b37d79d914bfdb1aa0,客服差,1
sports_leisure,3c03b12bab54d8b37d79d914bfdb1aa0,物流慢,1
sports_leisure,3db66a856d18a9cba7c9241fc5221c50,其他,2
sports_leisure,3f3486b61f45078d4f31ee5e43d8c5bb,物流慢,1
sports_leisure,3fd1e727ba94cfe122d165e176ce7967,其他,2
sports_leisure,3fd1e727ba94cfe122d165e176ce7967,物流慢,1
sports_leisure,3fd1e727ba94cfe122d165e176ce7967,退款/纠纷,1
sports_leisure,41b86b552e54e3a7009596125aa8b167,其他,1
sports_leisure,4305fe92735c8a43d154ff6dd2b8d927,其他,1
sports_leisure,4305fe92735c8a43d154ff6dd2b8d927,客服差,1
sports_leisure,432c37c9dfba871172ec162e20118b8c,物流慢,1
sports_leisure,4371b634e0efc0e22b09b52907d9d469,其他,3
sports_leisure,4371b634e0efc0e22b09b52907d9d469,物流慢,1
sports_leisure,4371b634e0efc0e22b09b52907d9d469,退款/纠纷,1
sports_leisure,440dd6ab244315c632130ecfb63827b1,其他,9
sports_leisure,440dd6ab244315c632130ecfb63827b1,物流慢,2
sports_leisure,440dd6ab244315c632130ecfb63827b1,质量差,1
sports_leisure,440dd6ab244315c632130ecfb63827b1,退款/纠纷,1
sports_leisure,44f091b5abab8018f682fce8124b85e5,其他,2
sports_leisure,44f091b5abab8018f682fce8124b85e5,物流慢,1
sports_leisure,45d33f715e24d15a6ccf5c17b3a23e3c,其他,1
sports_leisure,46dc3b2cc0980fb8ec44634e21d2718e,其他,4
sports_leisure,4736e9d642ef4257cd7622516931eb51,其他,1
sports_leisure,4830e40640734fc1c52cd21127c341d4,其他,1
sports_leisure,4aba391bc3b88717ce08eb11e44937b2,其他,4
sports_leisure,4aba391bc3b88717ce08eb11e44937b2,物流慢,1
sports_leisure,4c2b230173bb36f9b240f2b8ac11786e,与描述不符,2
sports_leisure,4c2b230173bb36f9b240f2b8ac11786e,其他,22
sports_leisure,4c2b230173bb36f9b240f2b8ac11786e,包装差,3
sports_leisure,4c2b230173bb36f9b240f2b8ac11786e,客服差,1
sports_leisure,4c2b230173bb36f9b240f2b8ac11786e,物流慢,3
sports_leisure,4c2b230173bb36f9b240f2b8ac11786e,货不对板,3
sports_leisure,4d6d651bd7684af3fffabd5f08d12e5a,与描述不符,1
sports_leisure,4d6d651bd7684af3fffabd5f08d12e5a,其他,14
sports_leisure,4d6d651bd7684af3fffabd5f08d12e5a,包装差,1
sports_leisure,4d6d651bd7684af3fffabd5f08d12e5a,客服差,1
sports_leisure,4d6d651bd7684af3fffabd5f08d12e5a,物流慢,6
sports_leisure,4d6d651bd7684af3fffabd5f08d12e5a,货不对板,5
sports_leisure,4d6d651bd7684af3fffabd5f08d12e5a,质量差,4
sports_leisure,4d6d651bd7684af3fffabd5f08d12e5a,退款/纠纷,1
sports_leisure,4ef4c39cf3c24f326434cf0b2e48046a,其他,3
sports_leisure,50c9975695009e5e6473912e83a6d1da,其他,6
sports_leisure,50c9975695009e5e6473912e83a6d1da,物流慢,2
sports_leisure,52092ddbd3a58c450a4459bf051b2287,其他,1
sports_leisure,522620dcb18a6b31cd7bdf73665113a9,其他,1
sports_leisure,522620dcb18a6b31cd7bdf73665113a9,物流慢,1
sports_leisure,52f976b17ea7f2f087f56dcc419328f6,包装差,1
sports_leisure,52f976b17ea7f2f087f56dcc419328f6,质量差,1
sports_leisure,530ec6109d11eaaf87999465c6afee01,其他,4
sports_leisure,537eb890efff034a88679788b647c564,其他,1
sports_leisure,54065e9aef7e9e9c2dc23b7594db021a,与描述不符,1
sports_leisure,54a1852d1b8f10312c55e906355666ee,其他,7
sports_leisure,54a1852d1b8f10312c55e906355666ee,物流慢,1
sports_leisure,54a1852d1b8f10312c55e906355666ee,货不对板,1
sports_leisure,54a1852d1b8f10312c55e906355666ee,质量差,2
sports_leisure,54a1852d1b8f10312c55e906355666ee,退款/纠纷,2
sports_leisure,54c04bdb5ec46762f8f08c7e8f86ed4a,其他,1
sports_leisure,54c04bdb5ec46762f8f08c7e8f86ed4a,物流慢,1
sports_leisure,55a5b51f93f2b70ea513f5a047b0262a,其他,1
sports_leisure,5656537e588803a555b8eb41f07a944b,货不对板,1
sports_leisure,5b67882648febfb6e1225e6ad7164f6b,其他,1
sports_leisure,5b925e1d006e9476d738aa200751b73b,客服差,1
sports_leisure,5b925e1d006e9476d738aa200751b73b,货不对板,1
sports_leisure,5bc55dbe2f12b6af6d83ed46023e0dc8,其他,4
sports_leisure,5bc55dbe2f12b6af6d83ed46023e0dc8,物流慢,1
sports_leisure,5bc55dbe2f12b6af6d83ed46023e0dc8,质量差,2
sports_leisure,5bc55dbe2f12b6af6d83ed46023e0dc8,退款/纠纷,1
sports_leisure,5d043cd5512d4bd2f88e5ccdd5736c38,其他,1
sports_leisure,5d9dc90a686a8fddacffab6bab5653a3,其他,1
sports_leisure,5eeb9c756d9780b96283e5a2ac6da334,其他,1
sports_leisure,615005a3ef192c00c6f0e977cee3d2bc,其他,1
sports_leisure,615005a3ef192c00c6f0e977cee3d2bc,物流慢,1
sports_leisure,61f159ef6da2d441951d2c0efa719362,物流慢,1
sports_leisure,638cba8be1fb599bbb76fd6948351eb3,物流慢,1
sports_leisure,6560211a19b47992c3666cc44a7e94c0,客服差,1
sports_leisure,6560211a19b47992c3666cc44a7e94c0,质量差,1
sports_leisure,669ae81880e08f269a64487cfb287169,与描述不符,1
sports_leisure,669ae81880e08f269a64487cfb287169,其他,7
sports_leisure,66dc1b1632bd6a3e508510c5b3492107,其他,2
sports_leisure,66dc1b1632bd6a3e508510c5b3492107,退款/纠纷,1
sports_leisure,670c26e0f1bf8d0576271d5cfaec6d2b,其他,3
sports_leisure,670c26e0f1bf8d0576271d5cfaec6d2b,物流慢,1
sports_leisure,670c26e0f1bf8d0576271d5cfaec6d2b,货不对板,1
sports_leisure,6750d71153f00fc58829af2a8ef1bcf1,与描述不符,1
sports_leisure,6806dad1da97bfb5a9038eac6881f706,其他,1
sports_leisure,6a0cbc8af2e8abd1bdfb777943d174c6,其他,1
sports_leisure,6a0cbc8af2e8abd1bdfb777943d174c6,质量差,1
sports_leisure,6b243f80ed07b10f0e8aa0f21a205f3c,与描述不符,1
sports_leisure,6b243f80ed07b10f0e8aa0f21a205f3c,其他,4
sports_leisure,6b243f80ed07b10f0e8aa0f21a205f3c,包装差,1
sports_leisure,6b243f80ed07b10f0e8aa0f21a205f3c,客服差,2
sports_leisure,6b3bd31ad8fcda4b2635ec9f3ff2ecdf,其他,2
sports_leisure,6b3bd31ad8fcda4b2635ec9f3ff2ecdf,客服差,1
sports_leisure,6b3bd31ad8fcda4b2635ec9f3ff2ecdf,物流慢,1
sports_leisure,6b3bd31ad8fcda4b2635ec9f3ff2ecdf,货不对板,1
sports_leisure,6b536a23086fba0d58c08d68814397f6,其他,1
sports_leisure,6b536a23086fba0d58c08d68814397f6,客服差,1
sports_leisure,6b9b80d53ba3676eafe60268a810b5a1,其他,2
sports_leisure,6d66611d7c44cc30ce351abc49a68421,其他,1
sports_leisure,6d66611d7c44cc30ce351abc49a68421,尺寸不符,1
sports_leisure,6d66611d7c44cc30ce351abc49a68421,物流慢,2
sports_leisure,6d803cb79cc31c41c4c789a75933b3c7,物流慢,1
sports_leisure,6d803cb79cc31c41c4c789a75933b3c7,退款/纠纷,1
sports_leisure,7008613ea464bad5cb9b83456e1e6a8f,与描述不符,1
sports_leisure,7008613ea464bad5cb9b83456e1e6a8f,其他,5
sports_leisure,7008613ea464bad5cb9b83456e1e6a8f,物流慢,1
sports_leisure,70a12e78e608ac31179aea7f8422044b,包装差,1
sports_leisure,70eea00b476a314817cefde4aad4f89a,其他,4
sports_leisure,70eea00b476a314817cefde4aad4f89a,客服差,1
sports_leisure,70eea00b476a314817cefde4aad4f89a,物流慢,1
sports_leisure,7299e27ed73d2ad986de7f7c77d919fa,尺寸不符,1
sports_leisure,730937bf88cb151eb2eb849f642fc213,其他,2
sports_leisure,74636e24f01da9268b0ed88dacd8513e,其他,1
sports_leisure,750303a20e9c56b2a6bc45cdce0b897d,客服差,2
sports_leisure,751bdc4d83a466c7206cd42e8f426b03,与描述不符,1
sports_leisure,751bdc4d83a466c7206cd42e8f426b03,其他,10
sports_leisure,7586919161935337bf6b6d7ff5779648,其他,2
sports_leisure,76d336555bb25f3165d2f0d6da719c40,其他,1
sports_leisure,76d5af76d0271110f9af36c92573f765,其他,8
sports_leisure,76d5af76d0271110f9af36c92573f765,物流慢,1
sports_leisure,78c99c6dff4eeae5be99bf635ed21e3f,其他,2
sports_leisure,78c99c6dff4eeae5be99bf635ed21e3f,物流慢,1
sports_leisure,7b07b3c7487f0ea825fc6df75abd658b,其他,4
sports_leisure,7b07b3c7487f0ea825fc6df75abd658b,客服差,2
sports_leisure,7b07b3c7487f0ea825fc6df75abd658b,退款/纠纷,2
sports_leisure,7bcd7c5f8631701474db233ccf1c094b,其他,1
sports_leisure,7c4618c82226628831613e95e9c22f44,其他,1
sports_leisure,7c67e1448b00f6e969d365cea6b010ab,其他,5
sports_leisure,7c67e1448b00f6e969d365cea6b010ab,退款/纠纷,1
sports_leisure,7ddcbb64b5bc1ef36ca8c151f6ec77df,其他,1
sports_leisure,7e93a43ef30c4f03f38b393420bc753a,其他,1
sports_leisure,7f152321c60a266edc53af1925ef96c1,其他,2
sports_leisure,7f152321c60a266edc53af1925ef96c1,物流慢,1
sports_leisure,7f152321c60a266edc53af1925ef96c1,退款/纠纷,1
sports_leisure,7f2617c58d5d06806987308b45654351,其他,2
sports_leisure,7f2617c58d5d06806987308b45654351,物流慢,1
sports_leisure,8090490573c6c0aa343a7231ebcb8c86,其他,1
sports_leisure,80e6699fe29150b372a0c8a1ebf7dcc8,其他,7
sports_leisure,80e6699fe29150b372a0c8a1ebf7dcc8,客服差,1
sports_leisure,80e6699fe29150b372a0c8a1ebf7dcc8,退款/纠纷,1
sports_leisure,8132b9bd16876e1b0f8808d43825dd48,其他,1
sports_leisure,81336a0f57a33776419727a300249e90,其他,1
sports_leisure,81336a0f57a33776419727a300249e90,物流慢,1
sports_leisure,821fb029fc6e495ca4f08a35d51e53a5,与描述不符,1
sports_leisure,821fb029fc6e495ca4f08a35d51e53a5,其他,2
sports_leisure,821fb029fc6e495ca4f08a35d51e53a5,物流慢,1
sports_leisure,821fb029fc6e495ca4f08a35d51e53a5,退款/纠纷,1
sports_leisure,83353a83fd769dfafa4f21a72b15e3e5,其他,1
sports_leisure,8648b1e89e9b349e32d3741b30ec737e,其他,1
sports_leisure,87b740daf17b5d1be335a64164ec6842,其他,3
sports_leisure,888faa8bfb0b159c37de6d898b961c31,其他,2
sports_leisure,8ae520247981aa06bc94abddf5f46d34,其他,1
sports_leisure,8b28d096634035667e8263d57ba3368c,物流慢,1
sports_leisure,8cb7c5ddf41f4d506eba76e9a4702a25,其他,1
sports_leisure,8d956fec2e4337affcb520f56fd8cbfd,其他,1
sports_leisure,8d956fec2e4337affcb520f56fd8cbfd,物流慢,1
sports_leisure,8d956fec2e4337affcb520f56fd8cbfd,货不对板,2
sports_leisure,8e2b3afb420011ef0c88c9d5f11ea526,物流慢,1
sports_leisure,8f2ce03f928b567e3d56181ae20ae952,其他,11
sports_leisure,8f2ce03f928b567e3d56181ae20ae952,客服差,1
sports_leisure,8f2ce03f928b567e3d56181ae20ae952,物流慢,3
sports_leisure,916748bc99315c2d202898ae58b1617e,其他,1
sports_leisure,9198786624eaeb375793215cad26cfa6,其他,1
sports_leisure,91f5779a8731baca4809fdeade81803f,物流慢,1
sports_leisure,921323538c9f1c4e816f2720eac02bea,其他,2
sports_leisure,92992bec39dde5766f590d3b1f46d465,其他,1
sports_leisure,93dc87703c046b603023e75222018b45,物流慢,1
sports_leisure,955fee9216a65b617aa5c0531780ce60,其他,6
sports_leisure,955fee9216a65b617aa5c0531780ce60,物流慢,2
sports_leisure,955fee9216a65b617aa5c0531780ce60,货不对板,2
sports_leisure,955fee9216a65b617aa5c0531780ce60,质量差,3
sports_leisure,955fee9216a65b617aa5c0531780ce60,退款/纠纷,1
sports_leisure,9599519be538b98748162a2b48248960,其他,1
sports_leisure,95e03ca3d4146e4011985981aeb959b9,物流慢,1
sports_leisure,9616352088dcf83a7c06637f4ebf1c80,其他,5
sports_leisure,9616352088dcf83a7c06637f4ebf1c80,尺寸不符,1
sports_leisure,9616352088dcf83a7c06637f4ebf1c80,退款/纠纷,1
sports_leisure,96804ea39d96eb908e7c3afdb671bb9e,其他,1
sports_leisure,973f21788dfab357250f69a8dcb7ddee,其他,2
sports_leisure,973f21788dfab357250f69a8dcb7ddee,客服差,1
sports_leisure,973f21788dfab357250f69a8dcb7ddee,质量差,1
sports_leisure,989becdce12ebc39863c2bceab6f3ca1,其他,1
sports_leisure,9906e7aa42a3c067b7c9a564d01c4320,其他,1
sports_leisure,9a84ba99f5367fdbd4598363496f1ea2,其他,2
sports_leisure,9a84ba99f5367fdbd4598363496f1ea2,货不对板,1
sports_leisure,9b00ed88b7fdb95d6ff76e27c1b52d16,其他,2
sports_leisure,9b00ed88b7fdb95d6ff76e27c1b52d16,货不对板,1
sports_leisure,9b013e03b2ab786505a1d3b5c0756754,其他,2
sports_leisure,9b013e03b2ab786505a1d3b5c0756754,客服差,2
sports_leisure,9bcdfa7b615b3abb9461d9e3ad9886ae,物流慢,1
sports_leisure,a17f621c590ea0fab3d5d883e1630ec6,其他,5
sports_leisure,a17f621c590ea0fab3d5d883e1630ec6,货不对板,3
sports_leisure,a2e85714b56b1cb6bb24a9a6e6cad36f,物流慢,1
sports_leisure,a36b125ac6d5fdbc7f50de85c9157bdc,包装差,1
sports_leisure,a36b125ac6d5fdbc7f50de85c9157bdc,物流慢,1
sports_leisure,a3a38f4affed601eb87a97788c949667,其他,2
sports_leisure,a420f60ff1aa9acc80d0e42959f2b313,其他,1
sports_leisure,a44fb5a447105f8469bdf16bf9159f25,其他,2
sports_leisure,a5dd1946fb63ada8bcaa0c9cd8f11e22,货不对板,1
sports_leisure,a67780aba9dd436e7ac0aa1f889e73ec,物流慢,1
sports_leisure,aaed1309374718fdd995ee4c58c9dfcd,其他,2
sports_leisure,aaed1309374718fdd995ee4c58c9dfcd,物流慢,1
sports_leisure,aaed1309374718fdd995ee4c58c9dfcd,质量差,1
sports_leisure,adcf50477d6a1f5d91bb9d54c4903cb5,其他,3
sports_leisure,adcf50477d6a1f5d91bb9d54c4903cb5,物流慢,1
sports_leisure,adcf50477d6a1f5d91bb9d54c4903cb5,质量差,1
sports_leisure,b1ac6ea7895bc3dd6f0f6f4abbdd2821,其他,1
sports_leisure,b2ba3715d723d245138f291a6fe42594,货不对板,1
sports_leisure,b32be1695eb7ec5f10f72d9610a12527,物流慢,1
sports_leisure,b33e7c55446eabf8fe1a42d037ac7d6d,其他,1
sports_leisure,b499c00f28f4b7069ff6550af8c1348a,其他,1
sports_leisure,b5e3e38609125694d2ea2417522a60b7,其他,1
sports_leisure,b6c6854d4d92a5f6f46be8869da3fa1a,其他,1
sports_leisure,b90e891671cffd9557f33a97dc523645,包装差,1
sports_leisure,ba6ce6de456f6c11d08c17701ba5c26f,其他,1
sports_leisure,bba74270a87732727b5a3b4fd9ac1c39,其他,4
sports_leisure,bc47d5d1490df2b36add65d733eafaba,其他,3
sports_leisure,bc47d5d1490df2b36add65d733eafaba,物流慢,1
sports_leisure,bd15ee794d5e640d9dd71b665b2ab15b,其他,1
sports_leisure,c0e6839516f5398edc34adf5f1d53d1a,其他,1
sports_leisure,c3867b4666c7d76867627c2f7fb22e21,与描述不符,1
sports_leisure,c3867b4666c7d76867627c2f7fb22e21,其他,18
sports_leisure,c3867b4666c7d76867627c2f7fb22e21,包装差,1
sports_leisure,c3867b4666c7d76867627c2f7fb22e21,客服差,1
sports_leisure,c3867b4666c7d76867627c2f7fb22e21,物流慢,13
sports_leisure,c3867b4666c7d76867627c2f7fb22e21,货不对板,1
sports_leisure,c3867b4666c7d76867627c2f7fb22e21,质量差,3
sports_leisure,c3cfdc648177fdbbbb35635a37472c53,其他,5
sports_leisure,c3cfdc648177fdbbbb35635a37472c53,客服差,1
sports_leisure,c3cfdc648177fdbbbb35635a37472c53,物流慢,3
sports_leisure,c3cfdc648177fdbbbb35635a37472c53,货不对板,1
sports_leisure,c3cfdc648177fdbbbb35635a37472c53,质量差,1
sports_leisure,c447f8dd3ed213f291d65ef074a268eb,其他,1
sports_leisure,c447f8dd3ed213f291d65ef074a268eb,质量差,1
sports_leisure,c68fb906c8f4b4b946d8386bfa6e5467,其他,1
sports_leisure,c864036feaab8c1659f65ea4faebe1da,其他,2
sports_leisure,c878515173c84a492ebe50d6b493230b,物流慢,1
sports_leisure,c88f62b4c386a59281014d677864d016,其他,1
sports_leisure,c9c7905cffc4ef9ff9f113554423e671,其他,1
sports_leisure,c9c7905cffc4ef9ff9f113554423e671,质量差,2
sports_leisure,cb3dd9ce66268c7a3ca7241ac70ab58c,其他,3
sports_leisure,cb3dd9ce66268c7a3ca7241ac70ab58c,包装差,1
sports_leisure,cb3dd9ce66268c7a3ca7241ac70ab58c,物流慢,1
sports_leisure,cbd996ad3c1b7dc71fd0e5f5df9087e2,其他,1
sports_leisure,ccb83a794700270fde70898fe9ff368b,其他,1
sports_leisure,cd68562d3f44870c08922d380acae552,其他,5
sports_leisure,cd68562d3f44870c08922d380acae552,尺寸不符,1
sports_leisure,cd68562d3f44870c08922d380acae552,物流慢,1
sports_leisure,cea729054f157f5870bdd321a958d994,货不对板,1
sports_leisure,cf8ab1616079e2793aa29d524df01bb1,其他,2
sports_leisure,cf8ab1616079e2793aa29d524df01bb1,物流慢,4
sports_leisure,d05ae8f7a5bd1d2a690a44cd079e4e27,其他,12
sports_leisure,d05ae8f7a5bd1d2a690a44cd079e4e27,客服差,1
sports_leisure,d05ae8f7a5bd1d2a690a44cd079e4e27,物流慢,1
sports_leisure,d05ae8f7a5bd1d2a690a44cd079e4e27,质量差,1
sports_leisure,d566c37fa119d5e66c4e9052e83ee4ea,质量差,2
sports_leisure,d6ab728cf30867cf3f1a2e216ae2f9b7,其他,1
sports_leisure,dbbcfe2c8d026742134ac3e28ccde274,质量差,1
sports_leisure,dbc22125167c298ef99da25668e1011f,其他,2
sports_leisure,deaadd805612bf94faaa9fa702516e11,退款/纠纷,1
sports_leisure,df56d7b40d437f88407c5f78b63bc328,其他,1
sports_leisure,df56d7b40d437f88407c5f78b63bc328,货不对板,1
sports_leisure,e1a210d482714ce337763a19aef94ba4,其他,1
sports_leisure,e2aee0892199b1d92530e371abd825bf,其他,4
sports_leisure,e3e290b38963293022cdcd6db8328103,其他,1
sports_leisure,e4f121bf6ef8b9a1d4d3e65dd0473fab,其他,1
sports_leisure,e7df4cd29ab5abab70fb0783ddb53987,其他,1
sports_leisure,e81e1f9c3e762e620f3fb60a51499e16,其他,1
sports_leisure,e88165a185134e13fdfc85d4fa654db8,其他,1
sports_leisure,e89c4adbe7b1d0819dbb636e16461cf1,物流慢,1
sports_leisure,e89c4adbe7b1d0819dbb636e16461cf1,货不对板,1
sports_leisure,e89c4adbe7b1d0819dbb636e16461cf1,质量差,1
sports_leisure,e8dba4d70f7f2b20e775d09cae01142d,其他,1
sports_leisure,e9779976487b77c6d4ac45f75ec7afe9,其他,17
sports_leisure,e9779976487b77c6d4ac45f75ec7afe9,包装差,2
sports_leisure,e9779976487b77c6d4ac45f75ec7afe9,客服差,1
sports_leisure,e9779976487b77c6d4ac45f75ec7afe9,尺寸不符,1
sports_leisure,e9779976487b77c6d4ac45f75ec7afe9,物流慢,1
sports_leisure,e9779976487b77c6d4ac45f75ec7afe9,货不对板,2
sports_leisure,e9779976487b77c6d4ac45f75ec7afe9,退款/纠纷,4
sports_leisure,ea566164622c6b439516ab18062c42cd,其他,2
sports_leisure,ebef8d8c92b4fd3226e5d407bbff21ac,其他,1
sports_leisure,ed49da7cadefc454d6a67de249eab240,其他,1
sports_leisure,ef990a83bbea832f36ebe81376335aa8,其他,4
sports_leisure,ef990a83bbea832f36ebe81376335aa8,客服差,2
sports_leisure,ef990a83bbea832f36ebe81376335aa8,物流慢,1
sports_leisure,ef990a83bbea832f36ebe81376335aa8,退款/纠纷,1
sports_leisure,f08c008c8a8d31417763738a1788a2a8,其他,3
sports_leisure,f08c008c8a8d31417763738a1788a2a8,客服差,1
sports_leisure,f08c008c8a8d31417763738a1788a2a8,尺寸不符,1
sports_leisure,f114dca2828bf718548db175ebe2cfcd,其他,1
sports_leisure,f35b3c613c4f7b2275f4185d0a3c59ec,物流慢,1
sports_leisure,f67efa3f0b6761102a7f8c6b7b571f5d,其他,1
sports_leisure,f7ba60f8c3f99e7ee4042fdef03b70c4,其他,1
sports_leisure,f7ba60f8c3f99e7ee4042fdef03b70c4,客服差,1
sports_leisure,f7df46c1e0ec44eed5c6726478da4a17,其他,2
sports_leisure,f8db351d8c4c4c22c6835c19a46f01b0,其他,2
sports_leisure,f8db351d8c4c4c22c6835c19a46f01b0,物流慢,1
sports_leisure,f8db351d8c4c4c22c6835c19a46f01b0,货不对板,1
sports_leisure,fcb5ace8bcc92f75707dc0f01a27d269,其他,1
sports_leisure,fdaaf5bfda82b7b80535610c831b8d09,客服差,1
stationery,02dcd3e8e25bee036e32512bcf175493,其他,2
stationery,0aa2205ca24f113f4658a5c536667426,客服差,1
stationery,0be8ff43f22e456b4e0371b2245e4d01,其他,2
stationery,0be8ff43f22e456b4e0371b2245e4d01,客服差,1
stationery,0d85bbda9889ce1f7e63778d24f346eb,其他,3
stationery,0d85bbda9889ce1f7e63778d24f346eb,物流慢,2
stationery,0e44d110fa6a54e121cb2c095a77762f,其他,1
stationery,1336efc61c316ddf92c899eb817f7cae,其他,1
stationery,189ca3538ce9f920cacf0f982cbe223b,物流慢,1
stationery,1b4c3a6f53068f0b6944d2d005c9fc89,其他,2
stationery,1caf283236cd69af44cbc09a0a1e7d32,客服差,1
stationery,1da3aeb70d7989d1e6d9b0e887f97c23,其他,1
stationery,1da3aeb70d7989d1e6d9b0e887f97c23,物流慢,2
stationery,2a84855fd20af891be03bc5924d2b453,与描述不符,1
stationery,2a84855fd20af891be03bc5924d2b453,其他,3
stationery,2c9e548be18521d1c43cde1c582c6de8,与描述不符,1
stationery,2c9e548be18521d1c43cde1c582c6de8,其他,5
stationery,2c9e548be18521d1c43cde1c582c6de8,物流慢,2
stationery,2c9e548be18521d1c43cde1c582c6de8,质量差,2
stationery,323ce52b5b81df2cd804b017b7f09aa7,客服差,1
stationery,323ce52b5b81df2cd804b017b7f09aa7,物流慢,1
stationery,323ce52b5b81df2cd804b017b7f09aa7,质量差,1
stationery,3d871de0142ce09b7081e2b9d1733cb1,其他,38
stationery,3d871de0142ce09b7081e2b9d1733cb1,客服差,6
stationery,3d871de0142ce09b7081e2b9d1733cb1,物流慢,7
stationery,3d871de0142ce09b7081e2b9d1733cb1,货不对板,3
stationery,3d871de0142ce09b7081e2b9d1733cb1,质量差,5
stationery,3d871de0142ce09b7081e2b9d1733cb1,退款/纠纷,3
stationery,4830e40640734fc1c52cd21127c341d4,其他,2
stationery,4830e40640734fc1c52cd21127c341d4,物流慢,1
stationery,527801b552d0077ffd170872eb49683b,客服差,1
stationery,594f9aaa48e5bf431f011ddc5669b0d5,其他,1
stationery,5962468f885ea01a1b6a97a218797b0a,其他,1
stationery,59fb871bf6f4522a87ba567b42dafecf,货不对板,1
stationery,688756f717c462a206ad854c5027a64a,其他,1
stationery,6cd68b3ed6d59aaa9fece558ad360c0a,其他,1
stationery,6eb94e1466490d327a09abf8f3552a50,物流慢,1
stationery,76de363de16dacc923eec8daf91df504,质量差,1
stationery,77a515caa36327151d1cc6c32a9f00e1,其他,1
stationery,77a515caa36327151d1cc6c32a9f00e1,客服差,1
stationery,784ba75dd9d20200c4caed3d7a77141a,其他,1
stationery,7e3f87d16fb353f408d467e74fbd8014,其他,1
stationery,7e93a43ef30c4f03f38b393420bc753a,其他,1
stationery,7ecd59e5e20407131822c1a68ac59c1f,其他,1
stationery,7fc87cc3e89b3d1d5cabdca32f8485aa,客服差,1
stationery,8444e55c1f13cd5c179851e5ca5ebd00,其他,1
stationery,8b321bb669392f5163d04c59e235e066,其他,1
stationery,8b321bb669392f5163d04c59e235e066,物流慢,1
stationery,955fee9216a65b617aa5c0531780ce60,其他,3
stationery,968268a686aa05d1f529fb07dff08130,与描述不符,1
stationery,968268a686aa05d1f529fb07dff08130,其他,2
stationery,9803a40e82e45418ab7fb84091af5231,其他,1
stationery,ab75b89cc49c9ab3160d0c91565a442a,其他,1
stationery,aba1721a889e04decc910aa13b768ef4,其他,1
stationery,aba1721a889e04decc910aa13b768ef4,物流慢,1
stationery,aba1721a889e04decc910aa13b768ef4,货不对板,1
stationery,aba1721a889e04decc910aa13b768ef4,质量差,1
stationery,aba1721a889e04decc910aa13b768ef4,退款/纠纷,1
stationery,ac3508719a1d8f5b7614b798f70af136,其他,1
stationery,b19f3ca2ea475913750f25a5c37c8d8f,物流慢,1
stationery,b2ba3715d723d245138f291a6fe42594,其他,6
stationery,b2ba3715d723d245138f291a6fe42594,尺寸不符,1
stationery,b2ba3715d723d245138f291a6fe42594,物流慢,2
stationery,b561927807645834b59ef0d16ba55a24,其他,3
stationery,b561927807645834b59ef0d16ba55a24,客服差,1
stationery,b561927807645834b59ef0d16ba55a24,退款/纠纷,1
stationery,b7ed9fb14c8eadb37adb9c45d67ab0fb,客服差,1
stationery,bafc5aa11e413978be29040f51342e70,货不对板,1
stationery,bf3c6d2a28b2b5501e6c15448982dcc9,其他,1
stationery,bfd27a966d91cfaafdb25d076585f0da,其他,1
stationery,cc5a78bbad32776dc4e3af205218368c,其他,1
stationery,cd6efc47efaabf134f8bdb654e10b4f1,其他,1
stationery,d12c926d74ceff0a90a21184466ce161,质量差,2
stationery,dbc22125167c298ef99da25668e1011f,其他,4
stationery,dbc22125167c298ef99da25668e1011f,客服差,1
stationery,de23c3b98a88888289c6f5cc1209054a,其他,3
stationery,de23c3b98a88888289c6f5cc1209054a,客服差,1
stationery,de23c3b98a88888289c6f5cc1209054a,物流慢,1
stationery,de23c3b98a88888289c6f5cc1209054a,退款/纠纷,1
stationery,dfa0c4c6229ab200a4a1336b4d7128ff,其他,1
stationery,e0878efa0e0b7e5313ac0b43bc04c081,其他,2
stationery,f1ed6bd0a9b11b581f16c851c6a5a527,其他,1
stationery,f262cbc1c910c83959f849465454ddd3,其他,2
stationery,f262cbc1c910c83959f849465454ddd3,尺寸不符,1
stationery,f8db351d8c4c4c22c6835c19a46f01b0,其他,1
stationery,fd386aa7bed2af3c7035c65506c9b4a3,其他,2
tablets_printing_image,0db783cfcd3b73998abc6e10e59a102f,其他,4
tablets_printing_image,e62b2d6ac10570a035a30bafcf01d263,其他,1
tablets_printing_image,e62b2d6ac10570a035a30bafcf01d263,物流慢,1
tablets_printing_image,e9d99831abad74458942f21e16f33f92,其他,1
telephony,02a2272692e13558373c66db98f05e2e,其他,1
telephony,0873d9f8f36123f8d910f4760e788cfb,货不对板,1
telephony,0afccdb8a34ee5c79f7c06faf2b4d56e,物流慢,2
telephony,0db783cfcd3b73998abc6e10e59a102f,其他,3
telephony,1838dd9b8977065acf51d95e0053ea7a,包装差,1
telephony,18a349e75d307f4b4cc646a691ed4216,其他,2
telephony,18a349e75d307f4b4cc646a691ed4216,物流慢,1
telephony,18a349e75d307f4b4cc646a691ed4216,货不对板,1
telephony,18a349e75d307f4b4cc646a691ed4216,质量差,3
telephony,18a349e75d307f4b4cc646a691ed4216,退款/纠纷,1
telephony,1b4c3a6f53068f0b6944d2d005c9fc89,其他,1
telephony,1b4c3a6f53068f0b6944d2d005c9fc89,货不对板,1
telephony,1ca7077d890b907f89be8c954a02686a,其他,1
telephony,1ca7077d890b907f89be8c954a02686a,包装差,1
telephony,1cbd50a8c52e6cf8e315c5709fab386f,物流慢,1
telephony,2138ccb85b11a4ec1e37afbd1c8eda1f,其他,25
telephony,2138ccb85b11a4ec1e37afbd1c8eda1f,包装差,1
telephony,2138ccb85b11a4ec1e37afbd1c8eda1f,尺寸不符,2
telephony,2138ccb85b11a4ec1e37afbd1c8eda1f,物流慢,3
telephony,2138ccb85b11a4ec1e37afbd1c8eda1f,货不对板,4
telephony,2138ccb85b11a4ec1e37afbd1c8eda1f,质量差,5
telephony,2138ccb85b11a4ec1e37afbd1c8eda1f,退款/纠纷,1
telephony,29fe9f200d3fa0c668d2aa1ec7e08dfb,尺寸不符,1
telephony,2a1348e9addc1af5aaa619b1a3679d6b,物流慢,1
telephony,2eb70248d66e0e3ef83659f71b244378,与描述不符,1
telephony,327b89b872c14d1c0be7235ef4871685,其他,1
telephony,33c51922b6e3c16b24a8f28e5833c99d,退款/纠纷,1
telephony,36a968b544695394e4e9d7572688598f,其他,1
telephony,3a4127e1ba7208ea37044c5092aae170,其他,1
telephony,3a734b715d333a2588a3d54a0c9b8746,其他,1
telephony,3a734b715d333a2588a3d54a0c9b8746,客服差,1
telephony,3a734b715d333a2588a3d54a0c9b8746,物流慢,1
telephony,430315b7bb4b6e4b3c978f9dfa9b0558,其他,1
telephony,4e922959ae960d389249c378d1c939f5,其他,4
telephony,4e922959ae960d389249c378d1c939f5,物流慢,1
telephony,4e922959ae960d389249c378d1c939f5,质量差,2
telephony,4e922959ae960d389249c378d1c939f5,退款/纠纷,1
telephony,52f0fe436a347ddad7ed5f9aa4e27eaa,其他,1
telephony,53243585a1d6dc2643021fd1853d8905,其他,12
telephony,53243585a1d6dc2643021fd1853d8905,物流慢,5
telephony,53243585a1d6dc2643021fd1853d8905,货不对板,1
telephony,53243585a1d6dc2643021fd1853d8905,质量差,3
telephony,53243585a1d6dc2643021fd1853d8905,退款/纠纷,3
telephony,54065e9aef7e9e9c2dc23b7594db021a,物流慢,1
telephony,562fc2f2c2863ab7e79a9e4388a58a14,其他,13
telephony,562fc2f2c2863ab7e79a9e4388a58a14,物流慢,2
telephony,562fc2f2c2863ab7e79a9e4388a58a14,货不对板,3
telephony,562fc2f2c2863ab7e79a9e4388a58a14,质量差,3
telephony,5656537e588803a555b8eb41f07a944b,其他,3
telephony,5656537e588803a555b8eb41f07a944b,质量差,1
telephony,5882f40daf39bc2a465e0cb453ddc222,物流慢,1
telephony,612170e34b97004b3ba37eae81836b4c,其他,1
telephony,66dc1b1632bd6a3e508510c5b3492107,客服差,1
telephony,6902157ee16728322d61a1321fa79e58,物流慢,1
telephony,6c177e38df6d3f34182b1f1d427231bf,与描述不符,1
telephony,6c177e38df6d3f34182b1f1d427231bf,其他,3
telephony,6c177e38df6d3f34182b1f1d427231bf,客服差,1
telephony,6c177e38df6d3f34182b1f1d427231bf,货不对板,1
telephony,6edacfd9f9074789dad6d62ba7950b9c,其他,1
telephony,6f892e20a171e98efe17fdb971ff319b,其他,2
telephony,6f892e20a171e98efe17fdb971ff319b,客服差,1
telephony,6f892e20a171e98efe17fdb971ff319b,物流慢,2
telephony,7040e82f899a04d1b434b795a43b4617,与描述不符,1
telephony,7040e82f899a04d1b434b795a43b4617,其他,2
telephony,7040e82f899a04d1b434b795a43b4617,物流慢,1
telephony,7040e82f899a04d1b434b795a43b4617,质量差,2
telephony,70a12e78e608ac31179aea7f8422044b,其他,9
telephony,70a12e78e608ac31179aea7f8422044b,客服差,1
telephony,70a12e78e608ac31179aea7f8422044b,质量差,1
telephony,70a12e78e608ac31179aea7f8422044b,退款/纠纷,1
telephony,7178f9f4dd81dcef02f62acdf8151e01,其他,1
telephony,7202e2ba20579a9bd1acb29e61fe71f6,其他,2
telephony,7202e2ba20579a9bd1acb29e61fe71f6,包装差,1
telephony,7202e2ba20579a9bd1acb29e61fe71f6,客服差,1
telephony,7202e2ba20579a9bd1acb29e61fe71f6,物流慢,1
telephony,7202e2ba20579a9bd1acb29e61fe71f6,质量差,2
telephony,75d34ebb1bd0bd7dde40dd507b8169c3,其他,8
telephony,75d34ebb1bd0bd7dde40dd507b8169c3,质量差,1
telephony,7813ea3ebd9411dc600b4dd01f7a97b9,与描述不符,1
telephony,7c1fea10b5b006671d608b1d7c446ec4,其他,1
telephony,7d76b645482be4a332374e8223836592,与描述不符,1
telephony,7d76b645482be4a332374e8223836592,其他,11
telephony,7d76b645482be4a332374e8223836592,尺寸不符,1
telephony,7d76b645482be4a332374e8223836592,物流慢,2
telephony,7d76b645482be4a332374e8223836592,质量差,3
telephony,7d76b645482be4a332374e8223836592,退款/纠纷,1
telephony,822bad9bc42b51213ba522fe87b7ab5d,物流慢,1
telephony,8476243f92442881ddd5b578975cf115,其他,1
telephony,8476243f92442881ddd5b578975cf115,物流慢,1
telephony,850913d59ce317156b00f3705f1c3edb,其他,5
telephony,89bc797e2e29667aa035d4368f9b7f92,其他,2
telephony,89bc797e2e29667aa035d4368f9b7f92,质量差,1
telephony,8a43128d7f9a3db592b866e6861a6cce,质量差,1
telephony,8b28d096634035667e8263d57ba3368c,其他,1
telephony,8b28d096634035667e8263d57ba3368c,物流慢,2
telephony,8b321bb669392f5163d04c59e235e066,其他,1
telephony,8d956fec2e4337affcb520f56fd8cbfd,其他,2
telephony,92eb0f42c21942b6552362b9b114707d,与描述不符,1
telephony,92eb0f42c21942b6552362b9b114707d,其他,14
telephony,92eb0f42c21942b6552362b9b114707d,客服差,1
telephony,92eb0f42c21942b6552362b9b114707d,尺寸不符,1
telephony,92eb0f42c21942b6552362b9b114707d,物流慢,5
telephony,92eb0f42c21942b6552362b9b114707d,货不对板,4
telephony,92eb0f42c21942b6552362b9b114707d,质量差,4
telephony,95b293867b5862941c9cd74f756a3c68,其他,1
telephony,95b293867b5862941c9cd74f756a3c68,物流慢,1
telephony,9674754b5a0cb32b638cec001178f799,包装差,1
telephony,99eaacc9e6046db1c82b163c5f84869f,其他,6
telephony,99eaacc9e6046db1c82b163c5f84869f,物流慢,1
telephony,9d39404483343dd55c7ae254494d8388,其他,1
telephony,9d39404483343dd55c7ae254494d8388,货不对板,1
telephony,a36b125ac6d5fdbc7f50de85c9157bdc,其他,1
telephony,a425f92c199eb576938df686728acd20,其他,1
telephony,b2ba3715d723d245138f291a6fe42594,物流慢,1
telephony,b76dba6c951ab00dc4edf0a1aa88037e,其他,4
telephony,b76dba6c951ab00dc4edf0a1aa88037e,物流慢,1
telephony,b76dba6c951ab00dc4edf0a1aa88037e,货不对板,2
telephony,b76dba6c951ab00dc4edf0a1aa88037e,质量差,4
telephony,b76dba6c951ab00dc4edf0a1aa88037e,退款/纠纷,1
telephony,b7ba853e9551f4558440881fd3e5c815,其他,1
telephony,bc302730ea8cf49b5c74f579febb5bbf,包装差,1
telephony,bff9deb0ec77d437f3305a79cf25529e,货不对板,1
telephony,c4d51195486dc781531876a7d00453d8,质量差,1
telephony,c9c7905cffc4ef9ff9f113554423e671,其他,5
telephony,cc419e0650a3c5ba77189a1882b7556a,其他,1
telephony,cd68562d3f44870c08922d380acae552,其他,1
telephony,d4e4b5192cba4e0e66eb12a9d347239d,货不对板,1
telephony,d594982fd877af63ace38ea1fca27c76,其他,1
telephony,d71d863e5ef30d94e440c11be17dcd8f,其他,3
telephony,d71d863e5ef30d94e440c11be17dcd8f,包装差,1
telephony,d71d863e5ef30d94e440c11be17dcd8f,物流慢,1
telephony,d71d863e5ef30d94e440c11be17dcd8f,货不对板,1
telephony,db4350fd57ae30082dec7acbaacc17f9,其他,8
telephony,db4350fd57ae30082dec7acbaacc17f9,物流慢,2
telephony,db4350fd57ae30082dec7acbaacc17f9,货不对板,2
telephony,e1b12447a7563944843191754aeb5562,其他,1
telephony,e62b2d6ac10570a035a30bafcf01d263,与描述不符,1
telephony,e62b2d6ac10570a035a30bafcf01d263,其他,1
telephony,e7d5b006eb624f13074497221eb37807,其他,2
telephony,e8f6dc8e6a1dcde89d20e3995c8d90b3,其他,1
telephony,ea566164622c6b439516ab18062c42cd,其他,2
telephony,ea566164622c6b439516ab18062c42cd,货不对板,1
telephony,ea8482cd71df3c1969d7b9473ff13abc,与描述不符,2
telephony,ea8482cd71df3c1969d7b9473ff13abc,其他,69
telephony,ea8482cd71df3c1969d7b9473ff13abc,包装差,2
telephony,ea8482cd71df3c1969d7b9473ff13abc,客服差,3
telephony,ea8482cd71df3c1969d7b9473ff13abc,尺寸不符,8
telephony,ea8482cd71df3c1969d7b9473ff13abc,物流慢,18
telephony,ea8482cd71df3c1969d7b9473ff13abc,货不对板,10
telephony,ea8482cd71df3c1969d7b9473ff13abc,质量差,11
telephony,ea8482cd71df3c1969d7b9473ff13abc,退款/纠纷,2
telephony,eebb3372362aa9a46975164bed19a7e7,其他,1
telephony,eebb3372362aa9a46975164bed19a7e7,客服差,1
telephony,ef506c96320abeedfb894c34db06f478,其他,19
telephony,ef506c96320abeedfb894c34db06f478,客服差,1
telephony,ef506c96320abeedfb894c34db06f478,尺寸不符,3
telephony,ef506c96320abeedfb894c34db06f478,物流慢,5
telephony,ef506c96320abeedfb894c34db06f478,货不对板,3
telephony,ef506c96320abeedfb894c34db06f478,质量差,4
telephony,f262cbc1c910c83959f849465454ddd3,物流慢,1
telephony,f27e33c6d29b5138fa9967bcd445b6d5,质量差,1
toys,0432ead42b6c8a0bdf68154add917fdf,其他,1
toys,0432ead42b6c8a0bdf68154add917fdf,包装差,1
toys,0432ead42b6c8a0bdf68154add917fdf,客服差,2
toys,0432ead42b6c8a0bdf68154add917fdf,退款/纠纷,1
toys,05f51e13da97139648b8125c31e5f51b,物流慢,1
toys,0691148aee60ca47977c187804f935ae,其他,1
toys,0bae85eb84b9fb3bd773911e89288d54,物流慢,1
toys,0be8ff43f22e456b4e0371b2245e4d01,包装差,1
toys,11eac105f3f90a9b87b19c89d91e24f3,其他,1
toys,138dbe45fc62f1e244378131a6801526,其他,1
toys,1554a68530182680ad5c8b042c3ab563,其他,1
toys,1b1ae47a313a825a7ccceb8e2e30fa9d,其他,1
toys,1b938a7ec6ac5061a66a3766e0e75f90,其他,1
toys,1ca7077d890b907f89be8c954a02686a,其他,1
toys,1ca7077d890b907f89be8c954a02686a,包装差,1
toys,1ca7077d890b907f89be8c954a02686a,客服差,1
toys,1ca7077d890b907f89be8c954a02686a,物流慢,1
toys,1ca7077d890b907f89be8c954a02686a,货不对板,2
toys,1ca7077d890b907f89be8c954a02686a,质量差,4
toys,1ca7077d890b907f89be8c954a02686a,退款/纠纷,2
toys,1caf283236cd69af44cbc09a0a1e7d32,质量差,1
toys,25e6ffe976bd75618accfe16cefcbd0d,其他,3
toys,25e6ffe976bd75618accfe16cefcbd0d,物流慢,1
toys,25e6ffe976bd75618accfe16cefcbd0d,货不对板,1
toys,2c9e548be18521d1c43cde1c582c6de8,其他,1
toys,2f09f7d37a97956d11cc1a7cadd5262b,其他,2
toys,3078096983cf766a32a06257648502d1,包装差,1
toys,3078096983cf766a32a06257648502d1,客服差,1
toys,30c7f28fd3a5897b2c82d152bb760c17,其他,2
toys,312ba1d77e9c332ef21f9598b7f64cd7,其他,1
toys,312ba1d77e9c332ef21f9598b7f64cd7,客服差,1
toys,37303482a42fb700d8d127e70a9cd6c8,其他,1
toys,3a4127e1ba7208ea37044c5092aae170,与描述不符,1
toys,3c4e0452bff7a2a788179488d3d77032,其他,1
toys,3c4e0452bff7a2a788179488d3d77032,客服差,1
toys,3c4e0452bff7a2a788179488d3d77032,物流慢,1
toys,3ca08eeb8d5595949fed424bd3677742,其他,1
toys,3d871de0142ce09b7081e2b9d1733cb1,与描述不符,1
toys,3d871de0142ce09b7081e2b9d1733cb1,其他,6
toys,3d871de0142ce09b7081e2b9d1733cb1,包装差,1
toys,3d871de0142ce09b7081e2b9d1733cb1,客服差,3
toys,3d871de0142ce09b7081e2b9d1733cb1,物流慢,4
toys,3d871de0142ce09b7081e2b9d1733cb1,质量差,6
toys,406822777a0b9eb5c50e442dd4cd3ec5,其他,1
toys,41ab63a91b8b264e8c8780368bf1dd5b,货不对板,1
toys,42bde9fef835393bb8a8849cb6b7f245,其他,1
toys,42bde9fef835393bb8a8849cb6b7f245,尺寸不符,1
toys,42bde9fef835393bb8a8849cb6b7f245,质量差,1
toys,42ef3192a9ff87a22d1867b74b3ee205,质量差,1
toys,44073f8b7e41514de3b7815dd0237f4f,其他,1
toys,44073f8b7e41514de3b7815dd0237f4f,质量差,1
toys,46dc3b2cc0980fb8ec44634e21d2718e,其他,13
toys,46dc3b2cc0980fb8ec44634e21d2718e,包装差,2
toys,46dc3b2cc0980fb8ec44634e21d2718e,客服差,2
toys,46dc3b2cc0980fb8ec44634e21d2718e,物流慢,3
toys,46dc3b2cc0980fb8ec44634e21d2718e,货不对板,2
toys,46dc3b2cc0980fb8ec44634e21d2718e,质量差,1
toys,46dc3b2cc0980fb8ec44634e21d2718e,退款/纠纷,3
toys,48436dade18ac8b2bce089ec2a041202,质量差,2
toys,4a3ca9315b744ce9f8e9374361493884,其他,8
toys,4a3ca9315b744ce9f8e9374361493884,物流慢,1
toys,4a3ca9315b744ce9f8e9374361493884,货不对板,1
toys,4c03b9dd4c11ee2cb35c96c49efc9420,与描述不符,1
toys,4c03b9dd4c11ee2cb35c96c49efc9420,客服差,1
toys,4c03b9dd4c11ee2cb35c96c49efc9420,货不对板,2
toys,4c03b9dd4c11ee2cb35c96c49efc9420,质量差,3
toys,4c8b8048e33af2bf94f2eb547746a916,货不对板,1
toys,4f40d2ed38d1cc945364a7cd202a82c7,其他,1
toys,54219883e72aad869adfb2a54b7bfa0f,质量差,1
toys,553a440137d6e0cf776aee0bb83ac9f5,其他,1
toys,58f1a6197ed863543e0136bdedb3fce2,其他,1
toys,58f1a6197ed863543e0136bdedb3fce2,货不对板,1
toys,59b22a78efb79a4797979612b885db36,尺寸不符,1
toys,5a425cc503b39b262a847fd6212bf53b,物流慢,1
toys,5b581417df4480f632484ba681e53944,物流慢,1
toys,5bc55dbe2f12b6af6d83ed46023e0dc8,其他,1
toys,5f2684dab12e59f83bef73ae57724e45,其他,4
toys,5f2684dab12e59f83bef73ae57724e45,客服差,1
toys,5f2684dab12e59f83bef73ae57724e45,尺寸不符,1
toys,5f2684dab12e59f83bef73ae57724e45,货不对板,1
toys,5f2684dab12e59f83bef73ae57724e45,质量差,2
toys,5f2684dab12e59f83bef73ae57724e45,退款/纠纷,1
toys,6288c69c4ce638e59925e59193f98b16,物流慢,1
toys,6c99c983ce3b6ba0ab813e6790e81691,其他,1
toys,7040e82f899a04d1b434b795a43b4617,其他,3
toys,71039d19d4303bf9054d69e9a9236699,其他,3
toys,725c32fa80c2faacc4fc88450d27314e,其他,1
toys,725c32fa80c2faacc4fc88450d27314e,物流慢,1
toys,7299e27ed73d2ad986de7f7c77d919fa,其他,3
toys,7299e27ed73d2ad986de7f7c77d919fa,物流慢,1
toys,74a9b9bddf14ece02beb81f52c41a88d,其他,1
toys,76d64c4aca3a7baf218bf93ef7fa768d,其他,1
toys,76d64c4aca3a7baf218bf93ef7fa768d,尺寸不符,1
toys,7aa4334be125fcdd2ba64b3180029f14,其他,14
toys,7aa4334be125fcdd2ba64b3180029f14,包装差,1
toys,7aa4334be125fcdd2ba64b3180029f14,物流慢,2
toys,7b1222c3624aa89b9558b50a2594188c,其他,1
toys,7ea5bfa6c340f58f8e71fc1f0412b0d6,物流慢,1
toys,81783131d2a97c8d44d406a4be81b5d9,其他,3
toys,8444e55c1f13cd5c179851e5ca5ebd00,其他,1
toys,8444e55c1f13cd5c179851e5ca5ebd00,物流慢,1
toys,8444e55c1f13cd5c179851e5ca5ebd00,货不对板,2
toys,850f4f8af5ea87287ac68de36e29107f,其他,4
toys,850f4f8af5ea87287ac68de36e29107f,包装差,1
toys,850f4f8af5ea87287ac68de36e29107f,物流慢,1
toys,850f4f8af5ea87287ac68de36e29107f,质量差,2
toys,86bb7c4b535e49a541baf3266b1c95b1,其他,3
toys,86bb7c4b535e49a541baf3266b1c95b1,物流慢,2
toys,87d30a6a0cbf89356e49324971ab1d24,其他,1
toys,87d30a6a0cbf89356e49324971ab1d24,退款/纠纷,1
toys,87d3c3aeb3ead335511b3ce315eb341e,包装差,1
toys,87d3c3aeb3ead335511b3ce315eb341e,退款/纠纷,1
toys,89f69225956f951295ca4c7fb1266553,质量差,1
toys,8b87cd0d43d49b9bdf40f56229364d59,其他,1
toys,8bd0f31cf0a614c658f6763bd02dea69,物流慢,1
toys,8bdd8e3fd58bafa48af76b2c5fd71974,其他,1
toys,8f119a0aee85c0c8fc534629734e94fd,客服差,1
toys,94c49f20a123aeb9360dbf80ff912bf6,货不对板,1
toys,95e03ca3d4146e4011985981aeb959b9,其他,1
toys,9d4db00d65d7760644ac0c14edb5fd86,其他,2
toys,9e6967d3cf386d284251784b18ccb485,其他,1
toys,a247197e2e9c19a6a53a6888cb8b660f,其他,1
toys,a247197e2e9c19a6a53a6888cb8b660f,质量差,1
toys,a3a38f4affed601eb87a97788c949667,其他,2
toys,a3a38f4affed601eb87a97788c949667,包装差,1
toys,a3a38f4affed601eb87a97788c949667,物流慢,2
toys,a49928bcdf77c55c6d6e05e09a9b4ca5,其他,14
toys,a49928bcdf77c55c6d6e05e09a9b4ca5,物流慢,3
toys,a49928bcdf77c55c6d6e05e09a9b4ca5,货不对板,3
toys,a49928bcdf77c55c6d6e05e09a9b4ca5,质量差,7
toys,a673821011d0cec28146ea42f5ab767f,其他,2
toys,a673821011d0cec28146ea42f5ab767f,尺寸不符,1
toys,a673821011d0cec28146ea42f5ab767f,物流慢,1
toys,adbc26658d6c7b4b6219f9d934598091,其他,1
toys,adbc26658d6c7b4b6219f9d934598091,客服差,1
toys,adbc26658d6c7b4b6219f9d934598091,退款/纠纷,1
toys,af7cdac9d9897cddead9c6b08976c642,客服差,1
toys,afa6714acee029b2dfdf357e5579cc03,其他,1
toys,b274baf5bbd142410eb2958cf685d684,其他,1
toys,b2ba3715d723d245138f291a6fe42594,其他,3
toys,b2ba3715d723d245138f291a6fe42594,尺寸不符,1
toys,b2ba3715d723d245138f291a6fe42594,物流慢,1
toys,b2ba3715d723d245138f291a6fe42594,货不对板,2
toys,b2ba3715d723d245138f291a6fe42594,质量差,1
toys,b94cc9f10ddc85e4ba73a6f7974e7101,其他,2
toys,ba5daa4041e1f15cdf34b76e3e18a450,其他,1
toys,ba5daa4041e1f15cdf34b76e3e18a450,质量差,1
toys,bacb1f0ed56ad24198f5810d2b3fe9a5,物流慢,2
toys,bacb1f0ed56ad24198f5810d2b3fe9a5,质量差,1
toys,bfd27a966d91cfaafdb25d076585f0da,其他,3
toys,bfd27a966d91cfaafdb25d076585f0da,客服差,1
toys,c12b92bf1c350f3e6bf88d3596219c86,货不对板,1
toys,c542f5a8c64d973f30e9df8d06f70b4a,质量差,1
toys,c89cf7c468a48af70aada384e722f9e2,物流慢,1
toys,c8b3445d737de6befde0c88ede534a5e,其他,1
toys,cd68562d3f44870c08922d380acae552,其他,1
toys,cd68562d3f44870c08922d380acae552,物流慢,1
toys,cecd97bc34ed8330bd4cd15713eda670,货不对板,1
toys,d1582f4043306e6b91afa6a8a884f898,其他,1
toys,d98eec89afa3380e14463da2aabaea72,其他,1
toys,d98eec89afa3380e14463da2aabaea72,包装差,1
toys,d9a84e1403de8da0c3aa531d6d108ba6,其他,1
toys,daeb5653dd96c1b11860f72209795012,其他,3
toys,dbb9b48c841a0e39e21f98e1a6b2ec3e,其他,1
toys,dbb9b48c841a0e39e21f98e1a6b2ec3e,客服差,1
toys,dd533b429f380718b70ad9922c294bae,其他,2
toys,dd533b429f380718b70ad9922c294bae,物流慢,2
toys,dd533b429f380718b70ad9922c294bae,退款/纠纷,1
toys,de23c3b98a88888289c6f5cc1209054a,其他,4
toys,e0878efa0e0b7e5313ac0b43bc04c081,其他,2
toys,e0878efa0e0b7e5313ac0b43bc04c081,物流慢,1
toys,e0878efa0e0b7e5313ac0b43bc04c081,货不对板,1
toys,e0878efa0e0b7e5313ac0b43bc04c081,质量差,2
toys,e48b04bf1aa1ef711caebeb7aede6180,物流慢,1
toys,e883aa812c37a7413226856f4579fe91,其他,1
toys,ea6b12bf9ffe2bac34602ec631d97a47,其他,1
toys,f00e21b1e91a79653163b7fd8f293ff1,其他,2
toys,f00e21b1e91a79653163b7fd8f293ff1,物流慢,1
toys,f214d28e8d8e3ef068748498ccc2f813,其他,1
toys,f214d28e8d8e3ef068748498ccc2f813,质量差,1
toys,f3da5b2ff499efb8d4a6d371d175d7dd,其他,2
toys,f41ce2e25237f9092cd8e6e7516c7a2f,其他,1
toys,f593898ec748b7a8cb81fc04edafd98a,其他,1
toys,f593898ec748b7a8cb81fc04edafd98a,质量差,1
toys,f5f2ab9bdb6b30c14c61be68c5ed37da,其他,1
toys,f615fe7efbef0f4f08fd3086bc7a3e60,其他,3
toys,f783a638e9c6af4a7d0dbfde811e7a81,其他,1
toys,f8db351d8c4c4c22c6835c19a46f01b0,其他,1
toys,f8db351d8c4c4c22c6835c19a46f01b0,物流慢,2
toys,f8db351d8c4c4c22c6835c19a46f01b0,质量差,1
toys,f9d010e39375d9c91dce3f40b73a2f84,物流慢,1
toys,fa40cc5b934574b62717c68f3d678b6d,其他,10
toys,fa40cc5b934574b62717c68f3d678b6d,质量差,2
toys,fa40cc5b934574b62717c68f3d678b6d,退款/纠纷,1
toys,fd386aa7bed2af3c7035c65506c9b4a3,物流慢,1
toys,fd386aa7bed2af3c7035c65506c9b4a3,质量差,1
toys,fde0cc9ea29c8ccfc0a2c22256a58c71,客服差,1
toys,fde0cc9ea29c8ccfc0a2c22256a58c71,质量差,1
toys,fe49ee029e61e789a1f3a5525f57ba8d,客服差,1
toys,fe49ee029e61e789a1f3a5525f57ba8d,物流慢,1
toys,ff1fb4c404b2efe68b03350a8dc24122,其他,2
toys,ff1fb4c404b2efe68b03350a8dc24122,物流慢,1
toys,ff1fb4c404b2efe68b03350a8dc24122,质量差,1
watches_gifts,056b4ada5bbc2c50cc7842547dda6b51,其他,4
watches_gifts,056b4ada5bbc2c50cc7842547dda6b51,客服差,1
watches_gifts,056b4ada5bbc2c50cc7842547dda6b51,质量差,1
watches_gifts,0ac4201fda2c68ebc0e47cb9423cf3c9,其他,1
watches_gifts,0aea4c6ae1505b3228ddf3dd7822ee5b,物流慢,1
watches_gifts,0be8ff43f22e456b4e0371b2245e4d01,其他,1
watches_gifts,1284de4ae8aa26997e748c851557cf0e,其他,2
watches_gifts,1352e06ae67b410cdae0b2a22361167b,其他,1
watches_gifts,2bf6a2c1e71bbd29a4ad64e6d3c3629f,其他,1
watches_gifts,2bf6a2c1e71bbd29a4ad64e6d3c3629f,物流慢,2
watches_gifts,2bf6a2c1e71bbd29a4ad64e6d3c3629f,货不对板,1
watches_gifts,2eb70248d66e0e3ef83659f71b244378,与描述不符,1
watches_gifts,2eb70248d66e0e3ef83659f71b244378,其他,22
watches_gifts,2eb70248d66e0e3ef83659f71b244378,包装差,1
watches_gifts,2eb70248d66e0e3ef83659f71b244378,客服差,4
watches_gifts,2eb70248d66e0e3ef83659f71b244378,尺寸不符,1
watches_gifts,2eb70248d66e0e3ef83659f71b244378,物流慢,2
watches_gifts,2eb70248d66e0e3ef83659f71b244378,货不对板,11
watches_gifts,2eb70248d66e0e3ef83659f71b244378,质量差,3
watches_gifts,381c83fdca332ea6afd896da20bf6e4a,客服差,1
watches_gifts,3d871de0142ce09b7081e2b9d1733cb1,其他,1
watches_gifts,3d871de0142ce09b7081e2b9d1733cb1,物流慢,1
watches_gifts,4342d4b2ba6b161468c63a7e7cfce593,其他,9
watches_gifts,4342d4b2ba6b161468c63a7e7cfce593,客服差,2
watches_gifts,4342d4b2ba6b161468c63a7e7cfce593,物流慢,2
watches_gifts,4342d4b2ba6b161468c63a7e7cfce593,质量差,2
watches_gifts,4869f7a5dfa277a7dca6462dcf3b52b2,与描述不符,1
watches_gifts,4869f7a5dfa277a7dca6462dcf3b52b2,其他,46
watches_gifts,4869f7a5dfa277a7dca6462dcf3b52b2,包装差,1
watches_gifts,4869f7a5dfa277a7dca6462dcf3b52b2,客服差,7
watches_gifts,4869f7a5dfa277a7dca6462dcf3b52b2,尺寸不符,4
watches_gifts,4869f7a5dfa277a7dca6462dcf3b52b2,物流慢,17
watches_gifts,4869f7a5dfa277a7dca6462dcf3b52b2,货不对板,3
watches_gifts,4869f7a5dfa277a7dca6462dcf3b52b2,质量差,3
watches_gifts,4869f7a5dfa277a7dca6462dcf3b52b2,退款/纠纷,3
watches_gifts,4d600e08ecbe08258c79e536c5a42fee,其他,1
watches_gifts,4e0d109ccfba9a1151c103049880c857,与描述不符,1
watches_gifts,522620dcb18a6b31cd7bdf73665113a9,与描述不符,1
watches_gifts,522620dcb18a6b31cd7bdf73665113a9,物流慢,1
watches_gifts,58f1a6197ed863543e0136bdedb3fce2,其他,1
watches_gifts,58f1a6197ed863543e0136bdedb3fce2,质量差,1
watches_gifts,612170e34b97004b3ba37eae81836b4c,其他,1
watches_gifts,612170e34b97004b3ba37eae81836b4c,包装差,2
watches_gifts,61c36f0fc4a47f9532e5512b66668e62,退款/纠纷,1
watches_gifts,634964b17796e64304cadf1ad3050fb7,其他,18
watches_gifts,634964b17796e64304cadf1ad3050fb7,客服差,2
watches_gifts,634964b17796e64304cadf1ad3050fb7,物流慢,1
watches_gifts,634964b17796e64304cadf1ad3050fb7,质量差,1
watches_gifts,634964b17796e64304cadf1ad3050fb7,退款/纠纷,1
watches_gifts,6560211a19b47992c3666cc44a7e94c0,与描述不符,3
watches_gifts,6560211a19b47992c3666cc44a7e94c0,其他,112
watches_gifts,6560211a19b47992c3666cc44a7e94c0,包装差,7
watches_gifts,6560211a19b47992c3666cc44a7e94c0,客服差,6
watches_gifts,6560211a19b47992c3666cc44a7e94c0,尺寸不符,1
watches_gifts,6560211a19b47992c3666cc44a7e94c0,物流慢,10
watches_gifts,6560211a19b47992c3666cc44a7e94c0,货不对板,7
watches_gifts,6560211a19b47992c3666cc44a7e94c0,质量差,48
watches_gifts,6560211a19b47992c3666cc44a7e94c0,退款/纠纷,7
watches_gifts,66dc1b1632bd6a3e508510c5b3492107,质量差,1
watches_gifts,67883baaae6134ee81b271a542613728,质量差,1
watches_gifts,6b536a23086fba0d58c08d68814397f6,其他,1
watches_gifts,6b536a23086fba0d58c08d68814397f6,货不对板,1
watches_gifts,710e3548e02bc1d2831dfc4f1b5b14d4,其他,1
watches_gifts,715bbd5ba4e6b74cb0d2f29eb45058b0,其他,2
watches_gifts,744dac408745240a2c2528fb1b6028f3,其他,2
watches_gifts,7d13fca15225358621be4086e1eb0964,其他,30
watches_gifts,7d13fca15225358621be4086e1eb0964,包装差,2
watches_gifts,7d13fca15225358621be4086e1eb0964,客服差,4
watches_gifts,7d13fca15225358621be4086e1eb0964,尺寸不符,2
watches_gifts,7d13fca15225358621be4086e1eb0964,物流慢,14
watches_gifts,7d13fca15225358621be4086e1eb0964,货不对板,3
watches_gifts,7d13fca15225358621be4086e1eb0964,退款/纠纷,1
watches_gifts,7e93a43ef30c4f03f38b393420bc753a,其他,17
watches_gifts,7e93a43ef30c4f03f38b393420bc753a,物流慢,5
watches_gifts,7e93a43ef30c4f03f38b393420bc753a,货不对板,1
watches_gifts,7e93a43ef30c4f03f38b393420bc753a,质量差,2
watches_gifts,7e959205cebc10adefcb331f934238a4,物流慢,2
watches_gifts,8444e55c1f13cd5c179851e5ca5ebd00,与描述不符,1
watches_gifts,8444e55c1f13cd5c179851e5ca5ebd00,其他,1
watches_gifts,850f4f8af5ea87287ac68de36e29107f,其他,2
watches_gifts,86ccac0b835037332a596a33b6949ee1,与描述不符,1
watches_gifts,86ccac0b835037332a596a33b6949ee1,其他,8
watches_gifts,86ccac0b835037332a596a33b6949ee1,客服差,1
watches_gifts,86ccac0b835037332a596a33b6949ee1,质量差,2
watches_gifts,8ae520247981aa06bc94abddf5f46d34,与描述不符,1
watches_gifts,8ae520247981aa06bc94abddf5f46d34,其他,3
watches_gifts,8ae520247981aa06bc94abddf5f46d34,物流慢,1
watches_gifts,93dc87703c046b603023e75222018b45,其他,1
watches_gifts,93dc87703c046b603023e75222018b45,物流慢,1
watches_gifts,93dc87703c046b603023e75222018b45,质量差,1
watches_gifts,93dc87703c046b603023e75222018b45,退款/纠纷,1
watches_gifts,95e03ca3d4146e4011985981aeb959b9,退款/纠纷,1
watches_gifts,966cb4760537b1404caedd472cc610a5,其他,4
watches_gifts,966cb4760537b1404caedd472cc610a5,客服差,1
watches_gifts,966cb4760537b1404caedd472cc610a5,物流慢,2
watches_gifts,966cb4760537b1404caedd472cc610a5,货不对板,1
watches_gifts,966cb4760537b1404caedd472cc610a5,质量差,2
watches_gifts,966cb4760537b1404caedd472cc610a5,退款/纠纷,2
watches_gifts,9f505651f4a6abe901a56cdc21508025,其他,1
watches_gifts,a0415d9b25ede3c4b1e477e9916ffc03,其他,1
watches_gifts,a0415d9b25ede3c4b1e477e9916ffc03,客服差,1
watches_gifts,a6bd7d1ccdac48c6b33b28596b7eb122,其他,3
watches_gifts,a6bd7d1ccdac48c6b33b28596b7eb122,客服差,1
watches_gifts,a6bd7d1ccdac48c6b33b28596b7eb122,物流慢,1
watches_gifts,b1fc4f64df5a0e8b6913ab38803c57a9,其他,12
watches_gifts,b1fc4f64df5a0e8b6913ab38803c57a9,包装差,1
watches_gifts,b1fc4f64df5a0e8b6913ab38803c57a9,质量差,1
watches_gifts,b33e7c55446eabf8fe1a42d037ac7d6d,其他,8
watches_gifts,b33e7c55446eabf8fe1a42d037ac7d6d,尺寸不符,1
watches_gifts,b33e7c55446eabf8fe1a42d037ac7d6d,物流慢,4
watches_gifts,b98b715fe9e276204e2a3464f48cd796,物流慢,1
watches_gifts,bce6a5ecf98e99fd2a8868b15c51f04b,其他,2
watches_gifts,bce6a5ecf98e99fd2a8868b15c51f04b,退款/纠纷,1
watches_gifts,c3acdfac4e3e97ff87529454fbc03642,物流慢,1
watches_gifts,c60b801f2d52c7f7f91de00870882a75,其他,6
watches_gifts,c60b801f2d52c7f7f91de00870882a75,客服差,1
watches_gifts,c60b801f2d52c7f7f91de00870882a75,尺寸不符,1
watches_gifts,c60b801f2d52c7f7f91de00870882a75,货不对板,1
watches_gifts,c60b801f2d52c7f7f91de00870882a75,质量差,1
watches_gifts,c60b801f2d52c7f7f91de00870882a75,退款/纠纷,1
watches_gifts,c66dccfb3f109511246da627dd5a2498,物流慢,1
watches_gifts,d650b663c3b5f6fb392b6326366efa9a,其他,6
watches_gifts,d921b68bf747894be13a97ae52b0f386,其他,3
watches_gifts,e7df4cd29ab5abab70fb0783ddb53987,其他,1
watches_gifts,ececbfcff9804a2d6b40f589df8eef2b,其他,2
watches_gifts,f4c4daa86e30c7e5a553a8d518ac03a5,其他,4
watches_gifts,f8db351d8c4c4c22c6835c19a46f01b0,质量差,1
watches_gifts,f9eda05b67bef472deaddbba84aca289,其他,1
watches_gifts,fa1c13f2614d7b5c4749cbc52fecda94,其他,24
watches_gifts,fa1c13f2614d7b5c4749cbc52fecda94,客服差,3
watches_gifts,fa1c13f2614d7b5c4749cbc52fecda94,尺寸不符,1
watches_gifts,fa1c13f2614d7b5c4749cbc52fecda94,物流慢,9
watches_gifts,fa1c13f2614d7b5c4749cbc52fecda94,货不对板,1
watches_gifts,fa1c13f2614d7b5c4749cbc52fecda94,质量差,3
