seller_id,seller_city,seller_state,category_en,n_reviews,neg_rate,return_kw_rate,cat_avg_return_kw
0015a82c2db000af6aaaf3ae2ecb0532,santo andre,SP,small_appliances,3,33.33,0.0,1.5
001cca7ae9ae17fb1caed9dfb1094831,cariacica,ES,construction_tools_construction,23,4.35,0.0,1.8
001cca7ae9ae17fb1caed9dfb1094831,cariacica,ES,garden_tools,168,14.88,3.57,1.15
002100f778ceb8431b7a1020ff7ab48f,franca,SP,furniture_decor,49,14.29,2.04,1.33
004c9cd9d87a3c30c522c48c4fc07416,ibitinga,SP,bed_bath_table,142,13.38,1.41,1.51
00720abe85ba0859807595bbf045a33b,guarulhos,SP,housewares,13,23.08,0.0,1.64
00ab3eff1b5192e5f1a63bcecfee11c8,sao paulo,SP,health_beauty,1,0.0,0.0,1.2
00d8b143d12632bad99c0ad66ad52825,belo horizonte,MG,fashion_bags_accessories,1,0.0,0.0,1.11
00ee68308b45bc5e2660cd833c3f81cc,sao paulo,SP,bed_bath_table,110,10.91,0.0,1.51
00ee68308b45bc5e2660cd833c3f81cc,sao paulo,SP,furniture_mattress_and_upholstery,22,13.64,0.0,2.7
00fc707aaaad2d31347cf883cd2dfe10,maringa,PR,computers_accessories,101,14.85,2.97,1.89
010543a62bd80aa422851e79a3bc7540,sao paulo,SP,computers_accessories,2,0.0,0.0,1.89
010da0602d7774602cd1b3f5fb7b709e,sao bernardo do campo,SP,kitchen_dining_laundry_garden_furniture,1,100.0,0.0,1.69
011b0eaba87386a2ae96a7d32bb531d1,pompeia,SP,health_beauty,1,0.0,0.0,1.2
01266d4c46afa519678d16a8b683d325,curitiba,PR,costruction_tools_tools,3,0.0,0.0,5.32
013900e863eace745d3ec7614cab5b1a,curitiba,PR,baby,8,12.5,0.0,1.71
013900e863eace745d3ec7614cab5b1a,curitiba,PR,fashion_shoes,14,0.0,0.0,0.87
013900e863eace745d3ec7614cab5b1a,curitiba,PR,stationery,1,0.0,0.0,1.34
014c0679dd340a0e338872e7ec85666a,timoteo,MG,garden_tools,1,0.0,0.0,1.15
014c0679dd340a0e338872e7ec85666a,timoteo,MG,kitchen_dining_laundry_garden_furniture,10,10.0,0.0,1.69
014c0679dd340a0e338872e7ec85666a,timoteo,MG,signaling_and_security,3,33.33,33.33,2.92
014d9a685fd57276679edd00e07089e5,maringa,PR,cool_stuff,2,50.0,0.0,1.28
014d9a685fd57276679edd00e07089e5,maringa,PR,stationery,8,0.0,0.0,1.34
0176f73cc1195f367f7b32db1e5b3aa8,ibitinga,SP,bed_bath_table,36,16.67,0.0,1.51
01bcc9d254a0143f0ce9791b960b2a47,uruacu,GO,health_beauty,10,0.0,0.0,1.2
01c97ebb5cdac52891c0ed1c37ba0012,catanduva,SP,computers_accessories,9,11.11,0.0,1.89
01cf7e3d21494c41fb86034f2e714fa1,francisco beltrao,PR,air_conditioning,18,11.11,0.0,1.66
01cf7e3d21494c41fb86034f2e714fa1,francisco beltrao,PR,baby,3,0.0,0.0,1.71
01cf7e3d21494c41fb86034f2e714fa1,francisco beltrao,PR,bed_bath_table,1,100.0,0.0,1.51
01cf7e3d21494c41fb86034f2e714fa1,francisco beltrao,PR,cool_stuff,6,0.0,0.0,1.28
01cf7e3d21494c41fb86034f2e714fa1,francisco beltrao,PR,home_appliances,1,0.0,0.0,1.08
01cf7e3d21494c41fb86034f2e714fa1,francisco beltrao,PR,home_appliances_2,11,18.18,0.0,4.0
01cf7e3d21494c41fb86034f2e714fa1,francisco beltrao,PR,housewares,14,7.14,0.0,1.64
01cf7e3d21494c41fb86034f2e714fa1,francisco beltrao,PR,small_appliances,2,0.0,0.0,1.5
01ed254b9ff8407dfb9d99ba1e17d923,mogi das cruzes,SP,watches_gifts,5,0.0,0.0,2.06
01fd077212124329bac32490e8ef80d9,ribeirao preto / sao paulo,SP,baby,2,0.0,0.0,1.71
01fd077212124329bac32490e8ef80d9,ribeirao preto / sao paulo,SP,construction_tools_construction,1,0.0,0.0,1.8
01fd077212124329bac32490e8ef80d9,ribeirao preto / sao paulo,SP,garden_tools,5,40.0,0.0,1.15
01fd077212124329bac32490e8ef80d9,ribeirao preto / sao paulo,SP,health_beauty,13,15.38,7.69,1.2
01fd077212124329bac32490e8ef80d9,ribeirao preto / sao paulo,SP,home_construction,1,100.0,0.0,1.08
01fd077212124329bac32490e8ef80d9,ribeirao preto / sao paulo,SP,sports_leisure,2,0.0,0.0,1.2
01fd077212124329bac32490e8ef80d9,ribeirao preto / sao paulo,SP,toys,7,0.0,14.29,1.49
01fdefa7697d26ad920e9e0346d4bd1b,londrina,PR,health_beauty,127,5.51,2.36,1.2
0241d4d5d36f10f80c644447315af0bd,curitiba,PR,furniture_decor,229,9.17,0.87,1.33
0249d282d911d23cb8b869ab49c99f53,sao paulo,SP,sports_leisure,11,18.18,0.0,1.2
024b564ae893ce8e9bfa02c10a401ece,sao paulo,SP,market_place,1,0.0,0.0,1.5
024b564ae893ce8e9bfa02c10a401ece,sao paulo,SP,musical_instruments,1,0.0,0.0,1.83
02b72cdeb9cfcc429f1af6f4e3f3b737,ibitinga,SP,baby,4,0.0,0.0,1.71
02c988090b766852e088c69d7fb3b551,americana,SP,fashion_shoes,4,0.0,0.0,0.87
02c988090b766852e088c69d7fb3b551,americana,SP,signaling_and_security,8,12.5,0.0,2.92
02d35243ea2e497335cd0f076b45675d,natal,RN,furniture_decor,14,42.86,0.0,1.33
02dcd3e8e25bee036e32512bcf175493,contagem,MG,stationery,13,23.08,0.0,1.34
02ecc2a19303f05e59ce133fd923fff7,santo andre,SP,furniture_decor,5,0.0,0.0,1.33
02ecc2a19303f05e59ce133fd923fff7,santo andre,SP,garden_tools,8,12.5,0.0,1.15
02ecc2a19303f05e59ce133fd923fff7,santo andre,SP,home_construction,8,0.0,0.0,1.08
02f5837340d7eb4f653d676c7256523a,curitiba,PR,luggage_accessories,30,3.33,0.0,0.9
02f623a8eb246f3c5f7c2f96462654e6,botucatu,SP,health_beauty,3,0.0,0.0,1.2
02f623a8eb246f3c5f7c2f96462654e6,botucatu,SP,sports_leisure,40,5.0,0.0,1.2
0307f7565ff85b299b6e5ef162b1b1a9,sao jose do rio preto,SP,cool_stuff,4,25.0,25.0,1.28
0307f7565ff85b299b6e5ef162b1b1a9,sao jose do rio preto,SP,perfumery,1,100.0,0.0,0.72
0307f7565ff85b299b6e5ef162b1b1a9,sao jose do rio preto,SP,small_appliances,1,0.0,0.0,1.5
034b9387752bfa309f350a70cd45ffa3,blumenau,SC,toys,8,0.0,0.0,1.49
038b75b729c8a9a04b0d07cba7eabe86,sao jose dos campos,SP,housewares,2,0.0,0.0,1.64
039b29ff3b3473435d0cd59040575de9,ribeirao pires,SP,dvds_blu_ray,4,0.0,0.0,0.0
039b29ff3b3473435d0cd59040575de9,ribeirao pires,SP,music,5,0.0,0.0,2.7
039e6ad9dae79614493083e241147386,sao paulo,SP,garden_tools,5,20.0,0.0,1.15
03a2a6dcbe45d639c4dc2a0d24769c40,maua,SP,garden_tools,9,11.11,0.0,1.15
03bd479e1d9484cdb14104d3023f7321,uberlandia,MG,auto,3,0.0,0.0,1.48
0417b067eeab773d2f7061a726dc477f,sao bento do sul,SC,auto,13,23.08,7.69,1.48
042573af89b6d931f672efaf789d8358,sorocaba,SP,small_appliances,2,50.0,0.0,1.5
042573af89b6d931f672efaf789d8358,sorocaba,SP,sports_leisure,1,0.0,0.0,1.2
04308b1ee57b6625f47df1d56f00eedf,bombinhas,SC,health_beauty,92,19.57,3.26,1.2
0432ead42b6c8a0bdf68154add917fdf,maua,SP,consoles_games,3,0.0,0.0,1.09
0432ead42b6c8a0bdf68154add917fdf,maua,SP,housewares,1,100.0,100.0,1.64
0432ead42b6c8a0bdf68154add917fdf,maua,SP,toys,76,5.26,0.0,1.49
044668ccd5316b12a7cf0d54a156e3e9,osasco,SP,food,3,0.0,0.0,0.7
04843805947f0fc584fc1969b6e50fe7,ivoti,RS,bed_bath_table,1,0.0,0.0,1.51
048c2757535328e0d7dac690ad3c0aae,franca,SP,fashion_shoes,49,14.29,0.0,0.87
04aa0a1c5ce6b222003403a3e11c3cc0,cosmopolis,SP,auto,10,20.0,0.0,1.48
04aa0a1c5ce6b222003403a3e11c3cc0,cosmopolis,SP,sports_leisure,1,0.0,0.0,1.2
04aba03279157f6d4e0fe8ccaf21963c,santo antonio de padua,RJ,health_beauty,15,6.67,0.0,1.2
04e38a233f726ef161074ab1c9b0399a,sao paulo,SP,baby,5,0.0,0.0,1.71
04e38a233f726ef161074ab1c9b0399a,sao paulo,SP,housewares,6,16.67,16.67,1.64
04e38a233f726ef161074ab1c9b0399a,sao paulo,SP,sports_leisure,8,12.5,0.0,1.2
04ee0ec01589969663ba5967c0e0bdc0,lajeado,RS,arts_and_craftmanship,1,0.0,0.0,9.09
04fdea0c111866e6cf812f1570d6b5bd,sao paulo,SP,computers_accessories,7,14.29,0.0,1.89
04fdea0c111866e6cf812f1570d6b5bd,sao paulo,SP,electronics,1,100.0,0.0,1.53
0509040ea3fe50071181bbc359eb7738,belo horizonte,MG,bed_bath_table,1,0.0,0.0,1.51
0509040ea3fe50071181bbc359eb7738,belo horizonte,MG,housewares,7,0.0,14.29,1.64
0509040ea3fe50071181bbc359eb7738,belo horizonte,MG,sports_leisure,78,1.28,0.0,1.2
052577151711aec5c744fe12e66db3e1,rodeio,SC,small_appliances,1,0.0,0.0,1.5
054694fa03fe82cec4b7551487331d74,itajobi,SP,cool_stuff,6,33.33,0.0,1.28
054694fa03fe82cec4b7551487331d74,itajobi,SP,home_appliances_2,5,20.0,0.0,4.0
054694fa03fe82cec4b7551487331d74,itajobi,SP,housewares,1,100.0,0.0,1.64
054694fa03fe82cec4b7551487331d74,itajobi,SP,small_appliances,8,25.0,0.0,1.5
056b4ada5bbc2c50cc7842547dda6b51,queimados,RJ,electronics,5,0.0,0.0,1.53
056b4ada5bbc2c50cc7842547dda6b51,queimados,RJ,watches_gifts,58,13.79,0.0,2.06
0570350b23eda5444f8d1d9544932058,sao paulo,SP,health_beauty,4,0.0,0.0,1.2
0570350b23eda5444f8d1d9544932058,sao paulo,SP,perfumery,2,0.0,0.0,0.72
05730013efda596306417c3b09302475,criciuma,SC,arts_and_craftmanship,1,0.0,0.0,9.09
05730013efda596306417c3b09302475,criciuma,SC,furniture_decor,3,0.0,0.0,1.33
058cb5aeb36d7c0fcae20fc85d5e0a59,rio de janeiro,RJ,luggage_accessories,11,18.18,0.0,0.9
058fd0aa2bfdb2274e05e1ae971dabb6,santo andre,SP,health_beauty,1,100.0,0.0,1.2
058fd0aa2bfdb2274e05e1ae971dabb6,santo andre,SP,perfumery,58,6.9,0.0,0.72
05a48cc8859962767935ab9087417fbb,sao paulo,SP,garden_tools,1,0.0,0.0,1.15
05a940b4ecae36cadfd8e93bd9c43257,goiania,GO,audio,1,100.0,0.0,3.23
05a940b4ecae36cadfd8e93bd9c43257,goiania,GO,computers_accessories,4,0.0,0.0,1.89
05a940b4ecae36cadfd8e93bd9c43257,goiania,GO,cool_stuff,4,0.0,0.0,1.28
05aebce0b5c8f0d41b29b686f2d05fd3,sao paulo,SP,garden_tools,1,0.0,0.0,1.15
05aebce0b5c8f0d41b29b686f2d05fd3,sao paulo,SP,home_comfort_2,1,0.0,0.0,0.0
05ca864204d09595ae591b93ea9cf93d,barueri,SP,consoles_games,1,0.0,0.0,1.09
05d2173d43ea568aa0540eba70d2ca76,alfenas,MG,auto,45,11.11,0.0,1.48
05d2173d43ea568aa0540eba70d2ca76,alfenas,MG,construction_tools_construction,12,16.67,0.0,1.8
05d2173d43ea568aa0540eba70d2ca76,alfenas,MG,housewares,3,0.0,0.0,1.64
05e107217c7266362fd44b75b2cd4cc4,sao paulo - sp,SP,stationery,5,0.0,0.0,1.34
05f51e13da97139648b8125c31e5f51b,belo horizonte,MG,baby,55,14.55,1.82,1.71
05f51e13da97139648b8125c31e5f51b,belo horizonte,MG,cool_stuff,2,0.0,0.0,1.28
05feb94f19d094d4b0f9281f0b1d4c99,mogi das cruzes,SP,garden_tools,4,0.0,0.0,1.15
05feb94f19d094d4b0f9281f0b1d4c99,mogi das cruzes,SP,housewares,2,0.0,0.0,1.64
05ff92fedb5be47920fea08e501238b9,santo angelo,RS,cool_stuff,28,7.14,3.57,1.28
05ff92fedb5be47920fea08e501238b9,santo angelo,RS,health_beauty,11,0.0,0.0,1.2
05ff92fedb5be47920fea08e501238b9,santo angelo,RS,small_appliances,17,5.88,0.0,1.5
062c325cd6a2b87845fab56b4ec2eeae,sao paulo,SP,baby,1,0.0,0.0,1.71
062c325cd6a2b87845fab56b4ec2eeae,sao paulo,SP,stationery,1,0.0,0.0,1.34
062ce95fa2ad4dfaedfc79260130565f,lajeado,RS,bed_bath_table,16,6.25,0.0,1.51
062ce95fa2ad4dfaedfc79260130565f,lajeado,RS,furniture_decor,20,10.0,5.0,1.33
062ce95fa2ad4dfaedfc79260130565f,lajeado,RS,health_beauty,4,0.0,0.0,1.2
062ce95fa2ad4dfaedfc79260130565f,lajeado,RS,market_place,13,15.38,15.38,1.5
062ce95fa2ad4dfaedfc79260130565f,lajeado,RS,sports_leisure,1,0.0,0.0,1.2
06532f10282704ef4c69168b914b77be,paincandu,PR,garden_tools,6,0.0,0.0,1.15
06532f10282704ef4c69168b914b77be,paincandu,PR,home_construction,1,0.0,0.0,1.08
06579cb253ecd5a3a12a9e6eb6bf8f47,sao paulo - sp,SP,agro_industry_and_commerce,2,0.0,0.0,3.39
06579cb253ecd5a3a12a9e6eb6bf8f47,sao paulo - sp,SP,furniture_decor,1,0.0,0.0,1.33
06579cb253ecd5a3a12a9e6eb6bf8f47,sao paulo - sp,SP,housewares,57,14.04,0.0,1.64
066a6914e1ebf3ea95a216c73a986b91,foz do iguacu,PR,auto,8,12.5,0.0,1.48
066a6914e1ebf3ea95a216c73a986b91,foz do iguacu,PR,baby,3,0.0,0.0,1.71
066a6914e1ebf3ea95a216c73a986b91,foz do iguacu,PR,furniture_decor,11,18.18,0.0,1.33
066a6914e1ebf3ea95a216c73a986b91,foz do iguacu,PR,garden_tools,1,0.0,0.0,1.15
066a6914e1ebf3ea95a216c73a986b91,foz do iguacu,PR,housewares,1,0.0,0.0,1.64
066a6914e1ebf3ea95a216c73a986b91,foz do iguacu,PR,sports_leisure,40,10.0,2.5,1.2
0691148aee60ca47977c187804f935ae,londrina,PR,auto,6,0.0,0.0,1.48
0691148aee60ca47977c187804f935ae,londrina,PR,fashion_bags_accessories,1,0.0,0.0,1.11
0691148aee60ca47977c187804f935ae,londrina,PR,health_beauty,2,0.0,0.0,1.2
0691148aee60ca47977c187804f935ae,londrina,PR,sports_leisure,35,17.14,2.86,1.2
0691148aee60ca47977c187804f935ae,londrina,PR,stationery,2,0.0,0.0,1.34
0691148aee60ca47977c187804f935ae,londrina,PR,toys,1,100.0,0.0,1.49
0692610d8abe24f287e9fae90ea0bbee,sao paulo,SP,computers_accessories,2,0.0,0.0,1.89
0692610d8abe24f287e9fae90ea0bbee,sao paulo,SP,furniture_decor,2,0.0,0.0,1.33
06a2c3af7b3aee5d69171b0e14f0ee87,sao luis,MA,health_beauty,384,15.89,1.04,1.2
06bb3a2fe5e7b7a845b13e8fb91bd944,belo horizonte,MG,health_beauty,17,0.0,0.0,1.2
06df0c10d34e459d9672bc77388742eb,maringa,PR,sports_leisure,26,7.69,0.0,1.2
06e5eefc71ec47ae763c5c6f8db7064f,porto alegre,RS,computers_accessories,31,12.9,3.23,1.89
06e5eefc71ec47ae763c5c6f8db7064f,porto alegre,RS,construction_tools_safety,25,16.0,4.0,2.61
06e5eefc71ec47ae763c5c6f8db7064f,porto alegre,RS,cool_stuff,19,10.53,0.0,1.28
06e5eefc71ec47ae763c5c6f8db7064f,porto alegre,RS,electronics,9,22.22,11.11,1.53
06e5eefc71ec47ae763c5c6f8db7064f,porto alegre,RS,musical_instruments,3,0.0,0.0,1.83
06e5eefc71ec47ae763c5c6f8db7064f,porto alegre,RS,telephony,1,0.0,0.0,1.85
07017df32dc5f2f1d2801e579548d620,joao pessoa,PB,telephony,5,20.0,0.0,1.85
070d165398b553f3b4b851c216b8a358,sao paulo,SP,pet_shop,30,33.33,3.33,1.67
0725b8c0f3f906e58f70cbe76b7c748c,guarulhos,SP,auto,1,0.0,0.0,1.48
0725b8c0f3f906e58f70cbe76b7c748c,guarulhos,SP,housewares,9,33.33,0.0,1.64
0725b8c0f3f906e58f70cbe76b7c748c,guarulhos,SP,signaling_and_security,2,0.0,0.0,2.92
0725b8c0f3f906e58f70cbe76b7c748c,guarulhos,SP,sports_leisure,1,100.0,0.0,1.2
0725b8c0f3f906e58f70cbe76b7c748c,guarulhos,SP,stationery,3,0.0,0.0,1.34
0743a0239d764b9a0f959a57d07e36ab,sao paulo,SP,food,3,0.0,0.0,0.7
0743a0239d764b9a0f959a57d07e36ab,sao paulo,SP,health_beauty,1,0.0,0.0,1.2
0747d5bb69f0586cc869d8af4c50f93e,saquarema,RJ,perfumery,12,25.0,0.0,0.72
0761743cbffb25d7148189e9f1a5f03a,ribeirao preto,SP,health_beauty,2,0.0,0.0,1.2
0761743cbffb25d7148189e9f1a5f03a,ribeirao preto,SP,sports_leisure,1,0.0,0.0,1.2
077c5fae4bea9500e3737b16f71b9d3a,sorocaba,SP,housewares,4,0.0,0.0,1.64
0791d9fc1e30678ecf03d3e55fa108d3,belo horizonte,MG,housewares,5,20.0,0.0,1.64
079d295dcbf06ee8bb1b65ba964eb2b6,sao paulo,SP,construction_tools_construction,5,0.0,0.0,1.8
07a9bc7f61396b658ddf3ac534efe44c,sao paulo,SP,toys,1,0.0,0.0,1.49
07bf9669d84d1f11be443a9dd938f698,sao paulo,SP,garden_tools,2,0.0,0.0,1.15
07bf9669d84d1f11be443a9dd938f698,sao paulo,SP,kitchen_dining_laundry_garden_furniture,16,31.25,0.0,1.69
07d75e33f2750d97d467fb57e4dfdd8a,sao paulo,SP,computers_accessories,1,0.0,0.0,1.89
07d75e33f2750d97d467fb57e4dfdd8a,sao paulo,SP,small_appliances,1,100.0,100.0,1.5
07de60b03d150fb3ea09eab5da5e4c8b,ibitinga,SP,bed_bath_table,8,0.0,0.0,1.51
080102cd0a76b09e0dcf55fcacc60e05,belo horizonte,MG,computers_accessories,88,3.41,0.0,1.89
080102cd0a76b09e0dcf55fcacc60e05,belo horizonte,MG,consoles_games,26,0.0,0.0,1.09
080102cd0a76b09e0dcf55fcacc60e05,belo horizonte,MG,electronics,1,0.0,0.0,1.53
080102cd0a76b09e0dcf55fcacc60e05,belo horizonte,MG,home_appliances,4,25.0,0.0,1.08
080102cd0a76b09e0dcf55fcacc60e05,belo horizonte,MG,toys,1,0.0,0.0,1.49
080199a181c46c657dc5aa235411be3b,osasco,SP,auto,78,1.28,0.0,1.48
08061dc0fc165ed41288cc7acde738ee,osasco,SP,computers_accessories,4,0.0,0.0,1.89
08084d990eb3f53af056ccbc1730c8a7,sao paulo,SP,electronics,10,0.0,0.0,1.53
081acf3de680d554796c9cf041be7bc2,vespasiano,MG,construction_tools_lights,1,0.0,0.0,0.88
081acf3de680d554796c9cf041be7bc2,vespasiano,MG,furniture_decor,2,0.0,0.0,1.33
082e0bf4cb865a6533b1e8e498cc0255,botucatu,SP,garden_tools,10,40.0,10.0,1.15
082e0bf4cb865a6533b1e8e498cc0255,botucatu,SP,housewares,1,0.0,0.0,1.64
085f6f7e049c996695fb2074fe38d45e,taubate,SP,auto,1,0.0,0.0,1.48
085f6f7e049c996695fb2074fe38d45e,taubate,SP,housewares,2,0.0,0.0,1.64
085f6f7e049c996695fb2074fe38d45e,taubate,SP,market_place,1,0.0,0.0,1.5
085f6f7e049c996695fb2074fe38d45e,taubate,SP,sports_leisure,1,0.0,0.0,1.2
08633c14ef2db992c11f840f04fad4cd,ribeirao pires,SP,costruction_tools_garden,1,0.0,0.0,1.09
08633c14ef2db992c11f840f04fad4cd,ribeirao pires,SP,food,1,0.0,0.0,0.7
08633c14ef2db992c11f840f04fad4cd,ribeirao pires,SP,food_drink,6,16.67,0.0,0.0
08633c14ef2db992c11f840f04fad4cd,ribeirao pires,SP,health_beauty,8,0.0,0.0,1.2
08633c14ef2db992c11f840f04fad4cd,ribeirao pires,SP,sports_leisure,55,7.27,0.0,1.2
0873d9f8f36123f8d910f4760e788cfb,barueri,SP,telephony,5,20.0,0.0,1.85
0885aaf116795758dfeb5f1032487bcd,ferraz de vasconcelos,SP,baby,2,0.0,0.0,1.71
0885aaf116795758dfeb5f1032487bcd,ferraz de vasconcelos,SP,bed_bath_table,23,8.7,0.0,1.51
0887a9f087bcd5d9f6642b52f897fc6c,cananeia,SP,auto,4,0.0,0.0,1.48
0887a9f087bcd5d9f6642b52f897fc6c,cananeia,SP,computers_accessories,1,0.0,0.0,1.89
0887a9f087bcd5d9f6642b52f897fc6c,cananeia,SP,telephony,7,0.0,0.0,1.85
08ad4ac1388e4420ca531c3edfc46198,itapevi,SP,pet_shop,6,50.0,0.0,1.67
08cdbae123ff67ca4e36d9d641ce0119,uba,MG,furniture_living_room,4,50.0,0.0,1.24
08d0949a9a17c027262db1f3c450c26c,cascavel,PR,furniture_decor,11,18.18,9.09,1.33
08d1c9478fb0d7d7fcac9c0da4e82fc7,belo horizonte,MG,furniture_decor,1,0.0,0.0,1.33
08d2d642cf72b622b14dde1d2f5eb2f5,marilia,SP,computers_accessories,3,0.0,0.0,1.89
08d2d642cf72b622b14dde1d2f5eb2f5,marilia,SP,stationery,5,0.0,0.0,1.34
08d2d642cf72b622b14dde1d2f5eb2f5,marilia,SP,telephony,1,0.0,0.0,1.85
08d2d642cf72b622b14dde1d2f5eb2f5,marilia,SP,watches_gifts,5,0.0,0.0,2.06
08f5819815f3d06545011850bd70f0a8,santos,SP,health_beauty,3,0.0,0.0,1.2
091065b789659bc3cd9af9cb3a6253ff,canoas,RS,cool_stuff,2,50.0,50.0,1.28
0936e1837d0c79253456bbb2ffaaef10,sao paulo,SP,garden_tools,1,0.0,0.0,1.15
093805f8f2aeb63881444571e1f48f30,osasco,SP,health_beauty,22,13.64,0.0,1.2
094ced053e257ae8cae57205592d6712,ribeirao preto,SP,health_beauty,11,27.27,9.09,1.2
094ced053e257ae8cae57205592d6712,ribeirao preto,SP,perfumery,8,0.0,0.0,0.72
0951a6e282947e09cd47969f4ed0b47f,taboao da serra,SP,health_beauty,1,0.0,0.0,1.2
0951a6e282947e09cd47969f4ed0b47f,taboao da serra,SP,perfumery,6,0.0,0.0,0.72
09883d9ab71c8fe8a9bfc7fc3075b07e,sao paulo,SP,health_beauty,3,33.33,0.0,1.2
099095b050cfe8eb1ddff5317587e96e,sao paulo,SP,baby,1,0.0,0.0,1.71
099095b050cfe8eb1ddff5317587e96e,sao paulo,SP,cool_stuff,1,100.0,0.0,1.28
099095b050cfe8eb1ddff5317587e96e,sao paulo,SP,furniture_living_room,1,100.0,0.0,1.24
099095b050cfe8eb1ddff5317587e96e,sao paulo,SP,housewares,6,50.0,0.0,1.64
099095b050cfe8eb1ddff5317587e96e,sao paulo,SP,kitchen_dining_laundry_garden_furniture,1,0.0,0.0,1.69
099095b050cfe8eb1ddff5317587e96e,sao paulo,SP,small_appliances_home_oven_and_coffee,1,0.0,0.0,2.78
099095b050cfe8eb1ddff5317587e96e,sao paulo,SP,sports_leisure,2,50.0,0.0,1.2
099095b050cfe8eb1ddff5317587e96e,sao paulo,SP,toys,3,0.0,0.0,1.49
09bad886111255c5b5030314fc7f1a4a,sao paulo,SP,art,5,0.0,0.0,1.59
09f952a5f58d2285b0372551ae8f9b01,sao bernardo do campo,SP,furniture_decor,33,15.15,3.03,1.33
09f952a5f58d2285b0372551ae8f9b01,sao bernardo do campo,SP,home_construction,13,7.69,7.69,1.08
0a198e95d32b1be2da9424c962a6ebfa,contagem,MG,garden_tools,1,0.0,0.0,1.15
0a82f5fb06a4fe4ac2cf7cb412ec71b8,sao paulo,SP,construction_tools_construction,2,0.0,0.0,1.8
0a85ebe4e328db81ac9109781205e2f7,jundiai,SP,furniture_decor,11,0.0,0.0,1.33
0a85ebe4e328db81ac9109781205e2f7,jundiai,SP,party_supplies,1,0.0,0.0,0.0
0aa2205ca24f113f4658a5c536667426,sao paulo,SP,stationery,4,25.0,0.0,1.34
0ac4201fda2c68ebc0e47cb9423cf3c9,sao paulo,SP,fashion_bags_accessories,1,0.0,0.0,1.11
0ac4201fda2c68ebc0e47cb9423cf3c9,sao paulo,SP,health_beauty,11,9.09,0.0,1.2
0ac4201fda2c68ebc0e47cb9423cf3c9,sao paulo,SP,watches_gifts,1,100.0,100.0,2.06
0ad80de75c811326389cfb1daba7d45e,rio de janeiro,RJ,toys,5,0.0,0.0,1.49
0adac9fbd9a2b63cccaac4f8756c1ca8,louveira,SP,furniture_decor,6,0.0,0.0,1.33
0adac9fbd9a2b63cccaac4f8756c1ca8,louveira,SP,home_appliances,10,10.0,10.0,1.08
0adac9fbd9a2b63cccaac4f8756c1ca8,louveira,SP,housewares,84,13.1,1.19,1.64
0adac9fbd9a2b63cccaac4f8756c1ca8,louveira,SP,market_place,4,0.0,0.0,1.5
0adac9fbd9a2b63cccaac4f8756c1ca8,louveira,SP,stationery,1,0.0,0.0,1.34
0ade5cc4a305ed7093a23f68ca47519c,curitiba,PR,auto,2,0.0,0.0,1.48
0aea4c6ae1505b3228ddf3dd7822ee5b,sorocaba,SP,watches_gifts,8,12.5,0.0,2.06
0af2ab31141893d26aca5a404a537dab,sao paulo,SP,computers_accessories,1,0.0,0.0,1.89
0af977692321d895349eded183341d28,santos,SP,pet_shop,2,0.0,0.0,1.67
0afccdb8a34ee5c79f7c06faf2b4d56e,uberlandia,MG,telephony,23,13.04,4.35,1.85
0b0ddbc7b9d9584f442c7ac92b0ff6c9,guarulhos,SP,auto,3,0.0,0.0,1.48
0b18d63d0cd1d723567903fd34a07df2,sp,SP,auto,5,0.0,0.0,1.48
0b18d63d0cd1d723567903fd34a07df2,sp,SP,musical_instruments,4,0.0,0.0,1.83
0b1ca3ef18a63d7eb0c8897fa0849c08,sao roque,SP,health_beauty,1,0.0,0.0,1.2
0b35c634521043bf4b47e21547b99ab5,teixeira soares,PR,construction_tools_construction,48,35.42,4.17,1.8
0b36063d5818f81ccb94b54adfaebbf5,jaragua do sul,SC,garden_tools,1,0.0,0.0,1.15
0b3f27369a4d8df98f7eb91077e438ac,aruja,SP,furniture_decor,1,0.0,0.0,1.33
0b46f784306be7200ca1700aa55d819f,belo horizonte,MG,auto,1,0.0,0.0,1.48
0b64bcdb0784abc139af04077d49a20e,canoas,RS,health_beauty,4,0.0,0.0,1.2
0b90b6df587eb83608a64ea8b390cf07,maringa,PR,computers_accessories,159,16.35,1.26,1.89
0bae85eb84b9fb3bd773911e89288d54,itajai,SP,art,4,0.0,0.0,1.59
0bae85eb84b9fb3bd773911e89288d54,itajai,SP,audio,2,0.0,0.0,3.23
0bae85eb84b9fb3bd773911e89288d54,itajai,SP,baby,1,0.0,0.0,1.71
0bae85eb84b9fb3bd773911e89288d54,itajai,SP,bed_bath_table,3,0.0,0.0,1.51
0bae85eb84b9fb3bd773911e89288d54,itajai,SP,furniture_decor,2,0.0,0.0,1.33
0bae85eb84b9fb3bd773911e89288d54,itajai,SP,garden_tools,1,0.0,0.0,1.15
0bae85eb84b9fb3bd773911e89288d54,itajai,SP,health_beauty,2,0.0,0.0,1.2
0bae85eb84b9fb3bd773911e89288d54,itajai,SP,home_construction,1,0.0,0.0,1.08
0bae85eb84b9fb3bd773911e89288d54,itajai,SP,housewares,76,7.89,0.0,1.64
0bae85eb84b9fb3bd773911e89288d54,itajai,SP,sports_leisure,4,0.0,0.0,1.2
0bae85eb84b9fb3bd773911e89288d54,itajai,SP,stationery,5,0.0,0.0,1.34
0bae85eb84b9fb3bd773911e89288d54,itajai,SP,toys,31,6.45,0.0,1.49
0bae85eb84b9fb3bd773911e89288d54,itajai,SP,watches_gifts,2,0.0,0.0,2.06
0bb27263628258b8111a0262769fa9db,sao paulo,SP,housewares,1,0.0,0.0,1.64
0bb738e4d789e63e2267697c42d35a2d,sao roque,SP,garden_tools,13,0.0,0.0,1.15
0bb738e4d789e63e2267697c42d35a2d,sao roque,SP,industry_commerce_and_business,15,0.0,0.0,1.33
0be8ff43f22e456b4e0371b2245e4d01,sao paulo,SP,auto,1,100.0,0.0,1.48
0be8ff43f22e456b4e0371b2245e4d01,sao paulo,SP,bed_bath_table,10,30.0,10.0,1.51
0be8ff43f22e456b4e0371b2245e4d01,sao paulo,SP,computers_accessories,5,20.0,0.0,1.89
0be8ff43f22e456b4e0371b2245e4d01,sao paulo,SP,fashion_bags_accessories,4,50.0,0.0,1.11
0be8ff43f22e456b4e0371b2245e4d01,sao paulo,SP,fashion_sport,2,0.0,0.0,0.0
0be8ff43f22e456b4e0371b2245e4d01,sao paulo,SP,furniture_decor,1,100.0,0.0,1.33
0be8ff43f22e456b4e0371b2245e4d01,sao paulo,SP,furniture_mattress_and_upholstery,1,0.0,0.0,2.7
0be8ff43f22e456b4e0371b2245e4d01,sao paulo,SP,housewares,22,9.09,4.55,1.64
0be8ff43f22e456b4e0371b2245e4d01,sao paulo,SP,luggage_accessories,31,9.68,0.0,0.9
0be8ff43f22e456b4e0371b2245e4d01,sao paulo,SP,sports_leisure,57,12.28,1.75,1.2
0be8ff43f22e456b4e0371b2245e4d01,sao paulo,SP,stationery,10,20.0,0.0,1.34
0be8ff43f22e456b4e0371b2245e4d01,sao paulo,SP,toys,8,37.5,0.0,1.49
0be8ff43f22e456b4e0371b2245e4d01,sao paulo,SP,watches_gifts,3,33.33,0.0,2.06
0bebbb2cea103a4a020c95d43fd7d754,sao paulo,SP,drinks,1,0.0,0.0,0.35
0bebbb2cea103a4a020c95d43fd7d754,sao paulo,SP,health_beauty,8,0.0,0.0,1.2
0bf0150d5b9d60d9cd2906003332f085,sao paulo,SP,furniture_decor,33,21.21,6.06,1.33
0bf0150d5b9d60d9cd2906003332f085,sao paulo,SP,home_confort,5,20.0,0.0,2.17
0bfd0b434243adc5c2e1aa6baf19c6aa,rio de janeiro,RJ,furniture_decor,1,0.0,0.0,1.33
0bfd0b434243adc5c2e1aa6baf19c6aa,rio de janeiro,RJ,housewares,2,50.0,0.0,1.64
0bfd0b434243adc5c2e1aa6baf19c6aa,rio de janeiro,RJ,luggage_accessories,1,0.0,0.0,0.9
0bfd0b434243adc5c2e1aa6baf19c6aa,rio de janeiro,RJ,watches_gifts,1,0.0,0.0,2.06
0c7533c71df861ec58ad7ff999ed0e8d,valinhos,SP,perfumery,59,13.56,0.0,0.72
0c7f30ae9b147eca07affbef92832a6a,ponta grossa,PR,computers_accessories,2,0.0,0.0,1.89
0c7f30ae9b147eca07affbef92832a6a,ponta grossa,PR,office_furniture,1,0.0,0.0,3.4
0c7f30ae9b147eca07affbef92832a6a,ponta grossa,PR,sports_leisure,1,0.0,0.0,1.2
0c8380b62e38e8a1e6adbeba7eb9688c,tres coracoes,MG,baby,1,0.0,0.0,1.71
0c8380b62e38e8a1e6adbeba7eb9688c,tres coracoes,MG,bed_bath_table,117,14.53,1.71,1.51
0c8380b62e38e8a1e6adbeba7eb9688c,tres coracoes,MG,furniture_decor,32,6.25,0.0,1.33
0cab2da43793a6f3c5ed8514c5f54627,curitiba,PR,sports_leisure,1,0.0,0.0,1.2
0cab2da43793a6f3c5ed8514c5f54627,curitiba,PR,stationery,2,0.0,0.0,1.34
0cbcee27c791afa0cdcb08587a2013a8,tres coracoes,MG,fashion_bags_accessories,27,7.41,0.0,1.11
0cbcee27c791afa0cdcb08587a2013a8,tres coracoes,MG,fashion_sport,1,0.0,0.0,0.0
0cbcee27c791afa0cdcb08587a2013a8,tres coracoes,MG,sports_leisure,9,33.33,0.0,1.2
0d33a55da925bbf1ff02af5f6059fc7f,sao paulo,SP,books_general_interest,7,0.0,0.0,0.41
0d33a55da925bbf1ff02af5f6059fc7f,sao paulo,SP,books_technical,10,20.0,0.0,0.79
0d33a55da925bbf1ff02af5f6059fc7f,sao paulo,SP,furniture_decor,1,0.0,0.0,1.33
0d33a55da925bbf1ff02af5f6059fc7f,sao paulo,SP,toys,3,0.0,0.0,1.49
0d4c8269e7f0401201794deef160edd6,ribeirao preto,SP,auto,3,33.33,0.0,1.48
0d83f8e03188682112cc0d93523705cc,porto alegre,RS,computers_accessories,3,33.33,0.0,1.89
0d85bbda9889ce1f7e63778d24f346eb,uberlandia,MG,art,5,0.0,0.0,1.59
0d85bbda9889ce1f7e63778d24f346eb,uberlandia,MG,christmas_supplies,14,0.0,0.0,1.63
0d85bbda9889ce1f7e63778d24f346eb,uberlandia,MG,stationery,31,19.35,0.0,1.34
0daf5180aa44356f60f8effa533b55a2,goiania,GO,perfumery,2,0.0,0.0,0.72
0db783cfcd3b73998abc6e10e59a102f,santos,SP,computers_accessories,22,31.82,0.0,1.89
0db783cfcd3b73998abc6e10e59a102f,santos,SP,cool_stuff,2,0.0,0.0,1.28
0db783cfcd3b73998abc6e10e59a102f,santos,SP,tablets_printing_image,48,8.33,2.08,1.33
0db783cfcd3b73998abc6e10e59a102f,santos,SP,telephony,57,8.77,1.75,1.85
0dd184061fb0eaa7ca37932c68ab91c5,guarulhos,SP,housewares,52,13.46,0.0,1.64
0dd184061fb0eaa7ca37932c68ab91c5,guarulhos,SP,industry_commerce_and_business,90,13.33,1.11,1.33
0dd184061fb0eaa7ca37932c68ab91c5,guarulhos,SP,sports_leisure,16,18.75,0.0,1.2
0ddefe3c7a032b91f4e25b9c3a08fca1,sao bernardo do campo,SP,art,1,0.0,0.0,1.59
0ddefe3c7a032b91f4e25b9c3a08fca1,sao bernardo do campo,SP,arts_and_craftmanship,4,0.0,0.0,9.09
0ddefe3c7a032b91f4e25b9c3a08fca1,sao bernardo do campo,SP,computers_accessories,1,0.0,0.0,1.89
0ddefe3c7a032b91f4e25b9c3a08fca1,sao bernardo do campo,SP,stationery,3,0.0,0.0,1.34
0df3984f9dfb3d49ac6366acbd3bbb85,betim,MG,health_beauty,79,7.59,0.0,1.2
0df3984f9dfb3d49ac6366acbd3bbb85,betim,MG,perfumery,6,16.67,0.0,0.72
0dfbed20065e425d2eaefb101f9816c0,porto ferreira,SP,baby,2,50.0,0.0,1.71
0dfbed20065e425d2eaefb101f9816c0,porto ferreira,SP,housewares,1,100.0,0.0,1.64
0e44d110fa6a54e121cb2c095a77762f,francisco morato,SP,stationery,6,16.67,0.0,1.34
0e72c1a751b496722a6cb1f10653b62a,sao paulo,SP,books_general_interest,1,0.0,0.0,0.41
0e72c1a751b496722a6cb1f10653b62a,sao paulo,SP,toys,2,0.0,0.0,1.49
0e982cff76cc0579f632cea8a0e38c9d,itajai,SC,musical_instruments,5,0.0,0.0,1.83
0ea22c1cfbdc755f86b9b54b39c16043,sete lagoas,MG,auto,1,0.0,0.0,1.48
0ea22c1cfbdc755f86b9b54b39c16043,sete lagoas,MG,fashion_bags_accessories,202,5.45,0.99,1.11
0ea22c1cfbdc755f86b9b54b39c16043,sete lagoas,MG,market_place,2,0.0,0.0,1.5
0ea22c1cfbdc755f86b9b54b39c16043,sete lagoas,MG,music,2,0.0,0.0,2.7
0ea22c1cfbdc755f86b9b54b39c16043,sete lagoas,MG,pet_shop,6,0.0,0.0,1.67
0ea22c1cfbdc755f86b9b54b39c16043,sete lagoas,MG,stationery,2,0.0,0.0,1.34
0ea22c1cfbdc755f86b9b54b39c16043,sete lagoas,MG,toys,1,0.0,0.0,1.49
0eaa7e33d73809f1f925f7d07c506cbd,santo andre,SP,cool_stuff,1,0.0,0.0,1.28
0eaa7e33d73809f1f925f7d07c506cbd,santo andre,SP,toys,13,7.69,0.0,1.49
0ebd97a106433a45a4aebe57c1799778,contagem,MG,fashion_bags_accessories,30,3.33,0.0,1.11
0ec28cec4046a4a199b6de9b4c891d97,goiania,GO,health_beauty,3,0.0,0.0,1.2
0ed6ce5d87fd9c69eaacaeb778d67235,americana,SP,agro_industry_and_commerce,4,0.0,0.0,3.39
0ed6ce5d87fd9c69eaacaeb778d67235,americana,SP,air_conditioning,5,0.0,0.0,1.66
0ed6ce5d87fd9c69eaacaeb778d67235,americana,SP,electronics,19,5.26,0.0,1.53
0ed6ce5d87fd9c69eaacaeb778d67235,americana,SP,housewares,13,7.69,0.0,1.64
0ee4fb99ac55ffbbc98795aa01b7f8fa,santana de parnaiba,SP,furniture_decor,1,0.0,0.0,1.33
0ef83d7d83ed97cd2a0049ac8be5f88a,curitiba,PR,health_beauty,25,0.0,0.0,1.2
0ef83d7d83ed97cd2a0049ac8be5f88a,curitiba,PR,sports_leisure,21,38.1,0.0,1.2
0f0c984a4a955310903b6b6008660bad,franca,SP,health_beauty,1,0.0,0.0,1.2
0f0c984a4a955310903b6b6008660bad,franca,SP,sports_leisure,3,33.33,0.0,1.2
0f519b0d2e5eb2227c93dd25038bfc01,ibitinga,SP,furniture_decor,1,0.0,0.0,1.33
0f7eea709efdf942b5f95c7516dbacd7,pedrinhas paulista,SP,health_beauty,3,0.0,0.0,1.2
0f80a40c312b2472dca482cf50f5186f,lencois paulista,SP,perfumery,1,0.0,0.0,0.72
0f94588695d71662beec8d883ffacf09,florianopolis,SC,art,1,0.0,0.0,1.59
0fe2d9733ed841eb064503920015a8c0,ourinhos,SP,auto,3,0.0,0.0,1.48
0ff83046c3fa22efee8ecf291888b191,caxias do sul,RS,sports_leisure,10,0.0,0.0,1.2
0ffa40d54288e4f3499b8780dd0f144f,presidente prudente,SP,books_general_interest,3,0.0,0.0,0.41
0ffa40d54288e4f3499b8780dd0f144f,presidente prudente,SP,books_technical,30,10.0,0.0,0.79
10076e5788b8ee532724bcd460baf762,batatais,SP,baby,12,8.33,0.0,1.71
10076e5788b8ee532724bcd460baf762,batatais,SP,cool_stuff,10,0.0,0.0,1.28
10089e9f2fd0c668a8fd4e52e1698888,sao jose do rio preto,SP,air_conditioning,3,0.0,0.0,1.66
101a3a003516bc11253298b2fad3cb65,rio claro,SP,fashion_male_clothing,4,0.0,0.0,3.81
101a3a003516bc11253298b2fad3cb65,rio claro,SP,sports_leisure,1,0.0,0.0,1.2
1025f0e2d44d7041d6cf58b6550e0bfa,sao paulo,SP,construction_tools_lights,64,7.81,3.12,0.88
1025f0e2d44d7041d6cf58b6550e0bfa,sao paulo,SP,furniture_decor,767,17.47,1.43,1.33
1025f0e2d44d7041d6cf58b6550e0bfa,sao paulo,SP,home_construction,55,16.36,0.0,1.08
1025f0e2d44d7041d6cf58b6550e0bfa,sao paulo,SP,signaling_and_security,5,0.0,0.0,2.92
10264f60a8f0a4d2f30810f5c661c673,campinas,SP,health_beauty,4,0.0,0.0,1.2
1099a00e0ee3a50935e6c2447ca090c5,rio de janeiro,RJ,air_conditioning,3,33.33,0.0,1.66
10cdd491d1dbea8fb4ead97b19c334ce,santa rita do sapucai,MG,pet_shop,3,0.0,0.0,1.67
10ff823eda2b032e2c93d17a7d294736,pederneiras,SP,auto,2,50.0,0.0,1.48
10ff823eda2b032e2c93d17a7d294736,pederneiras,SP,housewares,6,0.0,0.0,1.64
112453736dbe3889cfb74e1aaa0ba0c1,sao paulo,SP,auto,6,16.67,0.0,1.48
112453736dbe3889cfb74e1aaa0ba0c1,sao paulo,SP,construction_tools_construction,1,0.0,0.0,1.8
1127b7f2594683f2510f1c2c834a486b,campinas,SP,auto,1,0.0,0.0,1.48
1127b7f2594683f2510f1c2c834a486b,campinas,SP,costruction_tools_garden,5,0.0,0.0,1.09
1127b7f2594683f2510f1c2c834a486b,campinas,SP,furniture_decor,1,0.0,0.0,1.33
1127b7f2594683f2510f1c2c834a486b,campinas,SP,garden_tools,102,14.71,2.94,1.15
11305281b50fff20ae8bb473f8e11876,uba,MG,auto,1,0.0,0.0,1.48
11305281b50fff20ae8bb473f8e11876,uba,MG,furniture_decor,12,8.33,8.33,1.33
11305281b50fff20ae8bb473f8e11876,uba,MG,furniture_mattress_and_upholstery,2,0.0,0.0,2.7
11305281b50fff20ae8bb473f8e11876,uba,MG,home_confort,15,6.67,0.0,2.17
11305281b50fff20ae8bb473f8e11876,uba,MG,housewares,3,33.33,0.0,1.64
113e3a788b935f48aad63e1c41dac1bd,aparecida,SP,christmas_supplies,38,5.26,0.0,1.63
116ccb1a1604bc88e4d234a8c23f33de,sao bernardo do campo,SP,art,1,0.0,0.0,1.59
116ccb1a1604bc88e4d234a8c23f33de,sao bernardo do campo,SP,auto,48,0.0,0.0,1.48
116ccb1a1604bc88e4d234a8c23f33de,sao bernardo do campo,SP,christmas_supplies,5,40.0,0.0,1.63
116ccb1a1604bc88e4d234a8c23f33de,sao bernardo do campo,SP,computers_accessories,1,0.0,0.0,1.89
116ccb1a1604bc88e4d234a8c23f33de,sao bernardo do campo,SP,construction_tools_construction,4,0.0,0.0,1.8
11742f81550ac064cc9a40f67151d9ad,catanduva,SP,air_conditioning,2,0.0,0.0,1.66
117cfc326c6d50da67ca858ff5c0c852,sao joao de meriti,RJ,housewares,4,0.0,0.0,1.64
117cfc326c6d50da67ca858ff5c0c852,sao joao de meriti,RJ,sports_leisure,1,0.0,0.0,1.2
11938fcc75f6902fea1d0a6f72b54a57,sao miguel d'oeste,SC,bed_bath_table,2,50.0,50.0,1.51
119c7f1a00ef43fad0e57604e76a747c,sao paulo,SP,health_beauty,2,0.0,0.0,1.2
119d1aef1b4144adba89163f6cd9f5d4,pedreira,SP,furniture_decor,2,0.0,0.0,1.33
119d1aef1b4144adba89163f6cd9f5d4,pedreira,SP,kitchen_dining_laundry_garden_furniture,2,0.0,0.0,1.69
11bfa66332777660bd0640ee84d47006,ribeirao preto,SP,health_beauty,45,20.0,0.0,1.2
11bfa66332777660bd0640ee84d47006,ribeirao preto,SP,perfumery,31,29.03,3.23,0.72
11d4c477d09821164bca4f70a2eae031,ribeirao preto,SP,costruction_tools_garden,3,0.0,0.0,1.09
11eac105f3f90a9b87b19c89d91e24f3,sao paulo,SP,cool_stuff,4,0.0,0.0,1.28
11eac105f3f90a9b87b19c89d91e24f3,sao paulo,SP,toys,1,100.0,0.0,1.49
11fb6f6d341adbe19e81733701704635,sao paulo,SP,bed_bath_table,3,0.0,0.0,1.51
120476eb7a04c149d14772edaf5d9bf2,angra dos reis,RJ,auto,1,0.0,0.0,1.48
120476eb7a04c149d14772edaf5d9bf2,angra dos reis,RJ,computers_accessories,1,0.0,0.0,1.89
120476eb7a04c149d14772edaf5d9bf2,angra dos reis,RJ,construction_tools_construction,2,0.0,0.0,1.8
1284de4ae8aa26997e748c851557cf0e,laranjeiras do sul,SP,watches_gifts,3,66.67,0.0,2.06
128639473a139ac0f3e5f5ade55873a5,maringa,PR,air_conditioning,11,0.0,0.0,1.66
128639473a139ac0f3e5f5ade55873a5,maringa,PR,computers_accessories,1,0.0,0.0,1.89
128639473a139ac0f3e5f5ade55873a5,maringa,PR,electronics,502,10.56,0.8,1.53
128639473a139ac0f3e5f5ade55873a5,maringa,PR,health_beauty,1,0.0,0.0,1.2
128639473a139ac0f3e5f5ade55873a5,maringa,PR,market_place,1,0.0,0.0,1.5
128639473a139ac0f3e5f5ade55873a5,maringa,PR,musical_instruments,2,0.0,0.0,1.83
128f9bfbe4c7d5185033914b1de3d39a,atibaia,SP,health_beauty,13,0.0,0.0,1.2
12a8eb0f8d1cd3270695bf2a99f55966,sao paulo,SP,luggage_accessories,2,50.0,0.0,0.9
12b9676b00f60f3b700e83af21824c0e,montenegro,RS,baby,2,0.0,0.0,1.71
12b9676b00f60f3b700e83af21824c0e,montenegro,RS,computers_accessories,1,0.0,0.0,1.89
12b9676b00f60f3b700e83af21824c0e,montenegro,RS,cool_stuff,129,4.65,0.0,1.28
12c2ed9cded6138cf0c75f525f565fc7,praia grande,SP,bed_bath_table,1,0.0,0.0,1.51
12c2ed9cded6138cf0c75f525f565fc7,praia grande,SP,christmas_supplies,1,0.0,0.0,1.63
12c2ed9cded6138cf0c75f525f565fc7,praia grande,SP,food,1,0.0,0.0,0.7
13074f016982ff2bd6c58ced8682f000,bento goncalves,RS,computers_accessories,3,0.0,0.0,1.89
13074f016982ff2bd6c58ced8682f000,bento goncalves,RS,kitchen_dining_laundry_garden_furniture,10,10.0,0.0,1.69
131fcb0a0c9a47bba4474aacff0f14b7,sao paulo,SP,home_appliances,4,0.0,0.0,1.08
1336efc61c316ddf92c899eb817f7cae,assis,SP,auto,2,0.0,0.0,1.48
1336efc61c316ddf92c899eb817f7cae,assis,SP,furniture_decor,20,15.0,0.0,1.33
1336efc61c316ddf92c899eb817f7cae,assis,SP,health_beauty,4,0.0,0.0,1.2
1336efc61c316ddf92c899eb817f7cae,assis,SP,housewares,2,0.0,0.0,1.64
1336efc61c316ddf92c899eb817f7cae,assis,SP,perfumery,4,0.0,0.0,0.72
1336efc61c316ddf92c899eb817f7cae,assis,SP,pet_shop,31,6.45,0.0,1.67
1336efc61c316ddf92c899eb817f7cae,assis,SP,sports_leisure,4,0.0,0.0,1.2
1336efc61c316ddf92c899eb817f7cae,assis,SP,stationery,1,100.0,0.0,1.34
134285d1f41da5c13a756ee8142c8a4e,sao paulo,SP,auto,3,33.33,0.0,1.48
134a288e7de827ec5ec62e3ec9c3a295,sao paulo,SP,books_technical,8,0.0,0.0,0.79
134a288e7de827ec5ec62e3ec9c3a295,sao paulo,SP,electronics,1,0.0,0.0,1.53
134b867a0f7f8bbe6abf10f91874891e,valinhos,SP,auto,1,0.0,0.0,1.48
13511db12ac61e2f89c53b72a944a60b,caxias do sul,RS,auto,3,33.33,0.0,1.48
13511db12ac61e2f89c53b72a944a60b,caxias do sul,RS,bed_bath_table,3,33.33,0.0,1.51
1354d51653f645349064725ed204e85e,sao paulo,SP,art,3,0.0,0.0,1.59
1354d51653f645349064725ed204e85e,sao paulo,SP,fashion_bags_accessories,3,66.67,0.0,1.11
1354d51653f645349064725ed204e85e,sao paulo,SP,furniture_decor,12,16.67,0.0,1.33
138dbe45fc62f1e244378131a6801526,sao paulo,SP,baby,5,20.0,0.0,1.71
138dbe45fc62f1e244378131a6801526,sao paulo,SP,fashion_bags_accessories,1,0.0,0.0,1.11
138dbe45fc62f1e244378131a6801526,sao paulo,SP,health_beauty,11,0.0,0.0,1.2
138dbe45fc62f1e244378131a6801526,sao paulo,SP,housewares,14,0.0,0.0,1.64
138dbe45fc62f1e244378131a6801526,sao paulo,SP,perfumery,5,60.0,20.0,0.72
138dbe45fc62f1e244378131a6801526,sao paulo,SP,sports_leisure,8,0.0,0.0,1.2
138dbe45fc62f1e244378131a6801526,sao paulo,SP,toys,1,100.0,0.0,1.49
139157dd4daa45c25b0807ffff348363,sao paulo,SP,books_technical,1,0.0,0.0,0.79
13c2ed7698b3ca92dad49e849219da59,ponta grossa,PR,perfumery,8,12.5,0.0,0.72
13d058e4eeac2ce8217660b2f8a05812,osasco,SP,home_appliances_2,22,13.64,0.0,4.0
13d95f0f6f73943d4ceffad0fc2cd32c,goiania,GO,auto,1,0.0,0.0,1.48
13dd308f81fea30cc670c656b2b46cc3,santa barbara d'oeste,SP,health_beauty,3,0.0,0.0,1.2
13e85aac53340018b40c2af68001b7e0,pedreira,SP,furniture_decor,1,0.0,0.0,1.33
13f57c12a00ed4610db646b913a7f5c6,santos,SP,auto,7,0.0,0.0,1.48
13fa2a6c6b9d0f43cb588d7c82117a12,sao paulo,SP,health_beauty,9,11.11,0.0,1.2
141440cad9341e553f8401c574a2aa38,pitanga,PR,drinks,7,14.29,0.0,0.35
141440cad9341e553f8401c574a2aa38,pitanga,PR,health_beauty,4,0.0,0.0,1.2
1430239a858e7682bbc43b20758af153,sao paulo,SP,baby,10,10.0,0.0,1.71
1430239a858e7682bbc43b20758af153,sao paulo,SP,cool_stuff,3,33.33,0.0,1.28
1430239a858e7682bbc43b20758af153,sao paulo,SP,sports_leisure,4,0.0,0.0,1.2
1444c08e64d55fb3c25f0f09c07ffcf2,lauro de freitas,BA,garden_tools,1,100.0,0.0,1.15
1464afc72f696af775557a821c2e253f,nova friburgo,RJ,health_beauty,5,0.0,0.0,1.2
1464afc72f696af775557a821c2e253f,nova friburgo,RJ,perfumery,24,12.5,0.0,0.72
14a08204d03bb6b6bde8029f801ae0eb,sao paulo,SP,auto,2,0.0,0.0,1.48
14a08204d03bb6b6bde8029f801ae0eb,sao paulo,SP,computers_accessories,7,14.29,0.0,1.89
14a08204d03bb6b6bde8029f801ae0eb,sao paulo,SP,consoles_games,1,0.0,0.0,1.09
14a08204d03bb6b6bde8029f801ae0eb,sao paulo,SP,construction_tools_safety,1,100.0,0.0,2.61
14a08204d03bb6b6bde8029f801ae0eb,sao paulo,SP,electronics,16,18.75,0.0,1.53
14a08204d03bb6b6bde8029f801ae0eb,sao paulo,SP,musical_instruments,1,0.0,0.0,1.83
14d7985702e72162bbf13b6beb74ab2b,santo andre,SP,sports_leisure,36,8.33,2.78,1.2
14f2b3587172b9db894c9bad8dab520b,ipe,RS,housewares,2,50.0,0.0,1.64
152ee17e4c8aaf53dac99f3462e4999b,garuva,SC,christmas_supplies,2,0.0,0.0,1.63
152ee17e4c8aaf53dac99f3462e4999b,garuva,SC,housewares,4,0.0,0.0,1.64
154bdf805377afea75a3bd158e9eab10,ibitinga,SP,baby,1,100.0,0.0,1.71
1554a68530182680ad5c8b042c3ab563,monte siao,MG,furniture_decor,119,10.92,0.0,1.33
1554a68530182680ad5c8b042c3ab563,monte siao,MG,furniture_living_room,87,9.2,2.3,1.24
1554a68530182680ad5c8b042c3ab563,monte siao,MG,housewares,14,7.14,0.0,1.64
1554a68530182680ad5c8b042c3ab563,monte siao,MG,market_place,1,0.0,0.0,1.5
1554a68530182680ad5c8b042c3ab563,monte siao,MG,toys,21,4.76,0.0,1.49
157c3e4b42f81ac4a44e8b1ca2fe9876,sao paulo,SP,furniture_decor,18,22.22,5.56,1.33
157c3e4b42f81ac4a44e8b1ca2fe9876,sao paulo,SP,home_construction,1,0.0,0.0,1.08
1588ac4010787100dddef64568f0ae35,maringa,PR,computers_accessories,3,33.33,0.0,1.89
15aac934c58d886785ac1b17953ea898,muqui,ES,air_conditioning,3,33.33,0.0,1.66
15aac934c58d886785ac1b17953ea898,muqui,ES,computers_accessories,1,0.0,0.0,1.89
15aac934c58d886785ac1b17953ea898,muqui,ES,consoles_games,3,0.0,0.0,1.09
15aac934c58d886785ac1b17953ea898,muqui,ES,cool_stuff,2,0.0,0.0,1.28
15aac934c58d886785ac1b17953ea898,muqui,ES,furniture_living_room,3,0.0,0.0,1.24
15aac934c58d886785ac1b17953ea898,muqui,ES,garden_tools,1,0.0,0.0,1.15
15aac934c58d886785ac1b17953ea898,muqui,ES,home_appliances,1,0.0,0.0,1.08
15aac934c58d886785ac1b17953ea898,muqui,ES,housewares,2,0.0,0.0,1.64
15aac934c58d886785ac1b17953ea898,muqui,ES,musical_instruments,3,0.0,0.0,1.83
15aac934c58d886785ac1b17953ea898,muqui,ES,sports_leisure,3,0.0,0.0,1.2
15aac934c58d886785ac1b17953ea898,muqui,ES,telephony,1,0.0,0.0,1.85
15b3b1b81484422eb41df68ac87f1f50,bauru,SP,health_beauty,1,100.0,0.0,1.2
15ead3a5037a918ddb520dfe39a3d2b9,conselheiro lafaiete,MG,books_general_interest,6,0.0,0.0,0.41
15fa791d5e017f66402dc28c44480657,sao paulo,SP,baby,8,12.5,0.0,1.71
160851d3ece7aa1a510f8d1a4bb8a8af,garca,SP,computers_accessories,2,0.0,0.0,1.89
16090f2ca825584b5a147ab24aa30c86,atibaia,SP,auto,246,13.01,1.63,1.48
16090f2ca825584b5a147ab24aa30c86,atibaia,SP,computers_accessories,2,0.0,0.0,1.89
16090f2ca825584b5a147ab24aa30c86,atibaia,SP,consoles_games,25,8.0,0.0,1.09
16090f2ca825584b5a147ab24aa30c86,atibaia,SP,costruction_tools_tools,1,0.0,0.0,5.32
16090f2ca825584b5a147ab24aa30c86,atibaia,SP,fashion_bags_accessories,5,40.0,0.0,1.11
16090f2ca825584b5a147ab24aa30c86,atibaia,SP,food,111,14.41,0.9,0.7
16090f2ca825584b5a147ab24aa30c86,atibaia,SP,garden_tools,5,0.0,0.0,1.15
160e4f13fd3a64b1b86807be88b5ffb0,colombo,PR,garden_tools,1,0.0,0.0,1.15
160e4f13fd3a64b1b86807be88b5ffb0,colombo,PR,small_appliances,3,33.33,0.0,1.5
164a5a8794e6d42e14f55e447b12a3bc,guaira,PR,baby,1,0.0,0.0,1.71
165b1235e9e9942cb5fae67103576fb0,ribeirao preto,SP,construction_tools_construction,7,0.0,0.0,1.8
165b1235e9e9942cb5fae67103576fb0,ribeirao preto,SP,home_construction,3,0.0,0.0,1.08
165b1235e9e9942cb5fae67103576fb0,ribeirao preto,SP,housewares,1,0.0,0.0,1.64
165fc07beebdcb6190fba8a06db2a449,maringa,PR,computers_accessories,44,18.18,2.27,1.89
165fc07beebdcb6190fba8a06db2a449,maringa,PR,sports_leisure,3,33.33,0.0,1.2
1660ad786c27fd935378b6192a90b417,sao bernardo do campo,SP,computers_accessories,11,0.0,0.0,1.89
167fd940acebc789debd6eb418c46e38,franca,SP,auto,5,40.0,0.0,1.48
1690cada046eb7e92c12f98b1f8a8167,sao paulo,SP,auto,10,0.0,0.0,1.48
16bdc8cefd0e32a6f0824d296c5ad14a,sp,SP,drinks,1,0.0,0.0,0.35
1703bc09972dab9782e7a9194943b69f,minas gerais,MG,auto,1,0.0,0.0,1.48
1710c3aaa9c6b44ec3883ee0fe300e21,sao caetano do sul,SP,electronics,1,0.0,0.0,1.53
1710c3aaa9c6b44ec3883ee0fe300e21,sao caetano do sul,SP,watches_gifts,1,0.0,0.0,2.06
17306570e772e7718c92a562d33f5f1d,bariri,SP,bed_bath_table,21,23.81,14.29,1.51
173d56ffbd4c56cb80fc3615487d712b,sao vicente,SP,luggage_accessories,2,0.0,0.0,0.9
1746c1ae87ac63d530c7c943d0ac42e2,santana de parnaiba,SP,auto,1,0.0,0.0,1.48
1771297ac436903d1dd6b0e9279aa505,guarulhos,SP,baby,11,0.0,0.0,1.71
1771297ac436903d1dd6b0e9279aa505,guarulhos,SP,bed_bath_table,10,0.0,0.0,1.51
1771297ac436903d1dd6b0e9279aa505,guarulhos,SP,garden_tools,6,0.0,0.0,1.15
1782ce2db72c3dda627d5e7c898104e1,taboao da serra,SP,sports_leisure,4,0.0,0.0,1.2
1782ce2db72c3dda627d5e7c898104e1,taboao da serra,SP,watches_gifts,4,0.0,25.0,2.06
17908cf9b444ee34047cadd5c0f4a516,anapolis,GO,auto,11,0.0,0.0,1.48
17998cf586426bf0f2c3726cb0a4b211,belo horizonte,MG,luggage_accessories,1,0.0,0.0,0.9
179d859f51292aac5c10806a356f7af9,ribeirao pires,SP,electronics,18,5.56,5.56,1.53
17a053fcb14bd219540cbde0df490be0,mogi guacu,SP,office_furniture,118,10.17,2.54,3.4
17ca9b9e9b9ef8fdb529001b49ebb50f,betim,MG,bed_bath_table,75,17.33,4.0,1.51
17ca9b9e9b9ef8fdb529001b49ebb50f,betim,MG,furniture_decor,8,25.0,0.0,1.33
17ca9b9e9b9ef8fdb529001b49ebb50f,betim,MG,housewares,23,4.35,0.0,1.64
17ca9b9e9b9ef8fdb529001b49ebb50f,betim,MG,stationery,9,0.0,0.0,1.34
17e34d8224d27a541263c4c64b11a56b,riberao preto,SP,computers_accessories,40,15.0,2.5,1.89
17e34d8224d27a541263c4c64b11a56b,riberao preto,SP,consoles_games,26,15.38,0.0,1.09
17e34d8224d27a541263c4c64b11a56b,riberao preto,SP,construction_tools_construction,5,20.0,0.0,1.8
17e34d8224d27a541263c4c64b11a56b,riberao preto,SP,cool_stuff,3,0.0,0.0,1.28
17e34d8224d27a541263c4c64b11a56b,riberao preto,SP,electronics,3,33.33,0.0,1.53
17e34d8224d27a541263c4c64b11a56b,riberao preto,SP,fixed_telephony,1,0.0,0.0,2.39
17e34d8224d27a541263c4c64b11a56b,riberao preto,SP,garden_tools,14,14.29,0.0,1.15
17e34d8224d27a541263c4c64b11a56b,riberao preto,SP,health_beauty,5,0.0,0.0,1.2
17e34d8224d27a541263c4c64b11a56b,riberao preto,SP,music,1,0.0,0.0,2.7
17e34d8224d27a541263c4c64b11a56b,riberao preto,SP,perfumery,129,9.3,0.0,0.72
17e34d8224d27a541263c4c64b11a56b,riberao preto,SP,sports_leisure,10,0.0,0.0,1.2
17e34d8224d27a541263c4c64b11a56b,riberao preto,SP,telephony,7,0.0,0.0,1.85
17eea220a40cc0d2c0c5346379682398,sao paulo,SP,health_beauty,3,33.33,0.0,1.2
17f51e7198701186712e53a39c564617,sao paulo,SP,health_beauty,55,9.09,0.0,1.2
180c3376aff0e43dd5788709df48a843,sao paulo,SP,electronics,1,0.0,0.0,1.53
180c3376aff0e43dd5788709df48a843,sao paulo,SP,fixed_telephony,4,25.0,0.0,2.39
1835b56ce799e6a4dc4eddc053f04066,ibitinga,SP,baby,5,20.0,0.0,1.71
1835b56ce799e6a4dc4eddc053f04066,ibitinga,SP,bed_bath_table,386,22.02,0.78,1.51
1838dd9b8977065acf51d95e0053ea7a,belo horizonte,MG,computers_accessories,55,10.91,1.82,1.89
1838dd9b8977065acf51d95e0053ea7a,belo horizonte,MG,electronics,5,0.0,0.0,1.53
1838dd9b8977065acf51d95e0053ea7a,belo horizonte,MG,telephony,2,50.0,0.0,1.85
184725737946a1a938bbbd1a9e978103,maua,SP,fashion_bags_accessories,1,0.0,0.0,1.11
184725737946a1a938bbbd1a9e978103,maua,SP,health_beauty,2,0.0,0.0,1.2
184a67a8f9f63234d3a92340bbdb727f,joinville,SC,furniture_decor,7,14.29,0.0,1.33
186cdd1b2df32caa72cfb410bba768d3,rio negrinho,SC,housewares,6,0.0,0.0,1.64
189ca3538ce9f920cacf0f982cbe223b,sao paulo,SP,stationery,4,25.0,0.0,1.34
18a349e75d307f4b4cc646a691ed4216,sao paulo,SP,air_conditioning,2,0.0,0.0,1.66
18a349e75d307f4b4cc646a691ed4216,sao paulo,SP,audio,3,66.67,33.33,3.23
18a349e75d307f4b4cc646a691ed4216,sao paulo,SP,auto,16,31.25,6.25,1.48
18a349e75d307f4b4cc646a691ed4216,sao paulo,SP,cine_photo,1,0.0,0.0,1.59
18a349e75d307f4b4cc646a691ed4216,sao paulo,SP,computers_accessories,20,25.0,0.0,1.89
18a349e75d307f4b4cc646a691ed4216,sao paulo,SP,consoles_games,2,50.0,0.0,1.09
18a349e75d307f4b4cc646a691ed4216,sao paulo,SP,construction_tools_construction,2,0.0,0.0,1.8
18a349e75d307f4b4cc646a691ed4216,sao paulo,SP,construction_tools_safety,10,20.0,0.0,2.61
18a349e75d307f4b4cc646a691ed4216,sao paulo,SP,cool_stuff,8,0.0,0.0,1.28
18a349e75d307f4b4cc646a691ed4216,sao paulo,SP,electronics,4,25.0,25.0,1.53
18a349e75d307f4b4cc646a691ed4216,sao paulo,SP,fixed_telephony,8,25.0,0.0,2.39
18a349e75d307f4b4cc646a691ed4216,sao paulo,SP,furniture_decor,1,100.0,0.0,1.33
18a349e75d307f4b4cc646a691ed4216,sao paulo,SP,garden_tools,1,0.0,0.0,1.15
18a349e75d307f4b4cc646a691ed4216,sao paulo,SP,home_construction,2,50.0,50.0,1.08
18a349e75d307f4b4cc646a691ed4216,sao paulo,SP,musical_instruments,1,100.0,0.0,1.83
18a349e75d307f4b4cc646a691ed4216,sao paulo,SP,sports_leisure,1,0.0,0.0,1.2
18a349e75d307f4b4cc646a691ed4216,sao paulo,SP,telephony,25,28.0,12.0,1.85
18e694e0e48ed6f7aa3f24aade5fd697,varzea paulista,SP,computers_accessories,27,0.0,0.0,1.89
18e694e0e48ed6f7aa3f24aade5fd697,varzea paulista,SP,cool_stuff,1,0.0,0.0,1.28
18e694e0e48ed6f7aa3f24aade5fd697,varzea paulista,SP,health_beauty,3,0.0,0.0,1.2
1900267e848ceeba8fa32d80c1a5f5a8,ibitinga,SP,bed_bath_table,365,17.26,3.29,1.51
1900267e848ceeba8fa32d80c1a5f5a8,ibitinga,SP,home_confort,2,0.0,0.0,2.17
1900267e848ceeba8fa32d80c1a5f5a8,ibitinga,SP,pet_shop,4,0.0,0.0,1.67
191d55f7edb8524d525ed01b20fe32e8,brasilia,DF,furniture_mattress_and_upholstery,3,66.67,33.33,2.7
1927cdb9fa74f5270097f6250e8e8f34,marilia,SP,drinks,1,0.0,0.0,0.35
19484c79cef6c062cb177aa4ef2fcc3c,valinhos,SP,perfumery,1,100.0,0.0,0.72
1961c3e1272bfeceb05d0b78b5bbfdaf,guarulhos,SP,pc_gamer,2,0.0,0.0,0.0
1976a05ecf2996d6ffb7b5430e635fe7,assis,SP,cool_stuff,1,0.0,0.0,1.28
1976a05ecf2996d6ffb7b5430e635fe7,assis,SP,furniture_decor,3,33.33,0.0,1.33
1976a05ecf2996d6ffb7b5430e635fe7,assis,SP,home_appliances,2,50.0,0.0,1.08
1976a05ecf2996d6ffb7b5430e635fe7,assis,SP,housewares,2,0.0,0.0,1.64
1987cd4be10fe09ee50454f9c354d1c6,ouro fino,MG,pet_shop,14,7.14,7.14,1.67
198c7ea11960a9844b544d9bcdca860c,jacutinga,MG,auto,12,25.0,0.0,1.48
198c7ea11960a9844b544d9bcdca860c,jacutinga,MG,small_appliances,13,23.08,0.0,1.5
1996942dc085d7773ba77a529b163cd0,pradopolis,SP,market_place,1,0.0,0.0,1.5
1996942dc085d7773ba77a529b163cd0,pradopolis,SP,watches_gifts,7,0.0,0.0,2.06
19a7c9f66ffa6452ff4b4c0cca71da27,itaipulandia,PR,furniture_decor,1,0.0,0.0,1.33
19d62d484cba71963c93f0f00ab42013,gaspar,SC,furniture_decor,1,0.0,0.0,1.33
19e0f40a907ec568c34bfac15de4f4a1,americana,SP,housewares,4,0.0,0.0,1.64
1a3df491d1c4f1589fc2b934ada68bf2,joinville,SC,bed_bath_table,160,9.38,0.0,1.51
1a932caad4f9d804097d7f8e615baed1,sao paulo,SP,construction_tools_construction,20,20.0,0.0,1.8
1acde099eb406aa220b1169b188b42da,sao paulo,SP,furniture_decor,9,11.11,0.0,1.33
1b0b0f4f95e962d6f32fe90c759d0479,sao paulo,SP,health_beauty,2,0.0,0.0,1.2
1b1ae47a313a825a7ccceb8e2e30fa9d,bocaiuva do sul,PR,kitchen_dining_laundry_garden_furniture,1,0.0,0.0,1.69
1b1ae47a313a825a7ccceb8e2e30fa9d,bocaiuva do sul,PR,sports_leisure,4,25.0,0.0,1.2
1b1ae47a313a825a7ccceb8e2e30fa9d,bocaiuva do sul,PR,toys,4,25.0,0.0,1.49
1b45169b635ef59425637e9a33eb5fb3,maringa,PR,auto,2,50.0,0.0,1.48
1b45169b635ef59425637e9a33eb5fb3,maringa,PR,drinks,1,0.0,0.0,0.35
1b45169b635ef59425637e9a33eb5fb3,maringa,PR,housewares,3,0.0,0.0,1.64
1b45169b635ef59425637e9a33eb5fb3,maringa,PR,toys,1,0.0,0.0,1.49
1b4b28463457a256e9a784ebe2a8f630,piracicaba,SP,auto,1,100.0,0.0,1.48
1b4c3a6f53068f0b6944d2d005c9fc89,sao ludgero,SC,computers_accessories,3,0.0,0.0,1.89
1b4c3a6f53068f0b6944d2d005c9fc89,sao ludgero,SC,costruction_tools_garden,4,25.0,0.0,1.09
1b4c3a6f53068f0b6944d2d005c9fc89,sao ludgero,SC,garden_tools,4,0.0,0.0,1.15
1b4c3a6f53068f0b6944d2d005c9fc89,sao ludgero,SC,health_beauty,3,0.0,0.0,1.2
1b4c3a6f53068f0b6944d2d005c9fc89,sao ludgero,SC,housewares,55,9.09,1.82,1.64
1b4c3a6f53068f0b6944d2d005c9fc89,sao ludgero,SC,perfumery,1,0.0,0.0,0.72
1b4c3a6f53068f0b6944d2d005c9fc89,sao ludgero,SC,sports_leisure,1,100.0,0.0,1.2
1b4c3a6f53068f0b6944d2d005c9fc89,sao ludgero,SC,stationery,7,28.57,0.0,1.34
1b4c3a6f53068f0b6944d2d005c9fc89,sao ludgero,SC,telephony,31,6.45,0.0,1.85
1b61fb1f0f2185d89e9a126c498e9cc7,maringa,PR,furniture_decor,1,0.0,0.0,1.33
1b65c144b17e607c0f37f10bb7dfec8d,rio do sul,SC,construction_tools_construction,4,75.0,0.0,1.8
1b7e5006cb25dd23ce8686691013b121,sao paulo,SP,health_beauty,11,9.09,0.0,1.2
1b8356dabde1d35e17cef975c3f82730,sao paulo,SP,fashion_bags_accessories,3,0.0,0.0,1.11
1b8356dabde1d35e17cef975c3f82730,sao paulo,SP,furniture_decor,14,14.29,0.0,1.33
1b8356dabde1d35e17cef975c3f82730,sao paulo,SP,garden_tools,4,0.0,0.0,1.15
1b8356dabde1d35e17cef975c3f82730,sao paulo,SP,sports_leisure,28,7.14,0.0,1.2
1b8b75e227c9a9c100d0c210fb6176ce,sao paulo,SP,fashion_bags_accessories,11,27.27,9.09,1.11
1b938a7ec6ac5061a66a3766e0e75f90,penapolis,SP,baby,11,9.09,9.09,1.71
1b938a7ec6ac5061a66a3766e0e75f90,penapolis,SP,cool_stuff,4,0.0,0.0,1.28
1b938a7ec6ac5061a66a3766e0e75f90,penapolis,SP,kitchen_dining_laundry_garden_furniture,6,0.0,0.0,1.69
1b938a7ec6ac5061a66a3766e0e75f90,penapolis,SP,musical_instruments,3,0.0,0.0,1.83
1b938a7ec6ac5061a66a3766e0e75f90,penapolis,SP,pet_shop,1,0.0,0.0,1.67
1b938a7ec6ac5061a66a3766e0e75f90,penapolis,SP,toys,4,25.0,0.0,1.49
1bb2bdb95f4841f1bba2c0d2cd83d3c9,sao paulo,SP,books_general_interest,33,6.06,0.0,0.41
1bb2bdb95f4841f1bba2c0d2cd83d3c9,sao paulo,SP,books_imported,8,0.0,0.0,0.0
1bb2bdb95f4841f1bba2c0d2cd83d3c9,sao paulo,SP,books_technical,15,6.67,0.0,0.79
1bb2bdb95f4841f1bba2c0d2cd83d3c9,sao paulo,SP,market_place,20,0.0,0.0,1.5
1bb2bdb95f4841f1bba2c0d2cd83d3c9,sao paulo,SP,music,2,0.0,0.0,2.7
1bb3812d5f0747a3ab7348f199001a10,sao paulo,SP,sports_leisure,9,0.0,0.0,1.2
1bc2e21de46adfea6b98cc96b00f3b40,joinville,SC,cool_stuff,3,33.33,0.0,1.28
1c129092bf23f28a5930387c980c0dfc,sao paulo,SP,bed_bath_table,186,10.75,1.08,1.51
1c129092bf23f28a5930387c980c0dfc,sao paulo,SP,fashion_male_clothing,3,0.0,0.0,3.81
1c40343cc5d18c2d8248ac2f3366de34,limeira,SP,computers,1,0.0,0.0,1.73
1c40343cc5d18c2d8248ac2f3366de34,limeira,SP,construction_tools_construction,1,0.0,0.0,1.8
1c40343cc5d18c2d8248ac2f3366de34,limeira,SP,health_beauty,1,0.0,0.0,1.2
1c40343cc5d18c2d8248ac2f3366de34,limeira,SP,housewares,3,0.0,0.0,1.64
1c40343cc5d18c2d8248ac2f3366de34,limeira,SP,perfumery,11,0.0,9.09,0.72
1c40343cc5d18c2d8248ac2f3366de34,limeira,SP,signaling_and_security,2,0.0,0.0,2.92
1c40343cc5d18c2d8248ac2f3366de34,limeira,SP,sports_leisure,1,0.0,0.0,1.2
1c56ffe0e9dea2657fc6e95b53f40b13,sao carlos,SP,perfumery,3,0.0,0.0,0.72
1c5e4e49b9079480255b49d50aac1aa9,santos,SP,baby,1,0.0,0.0,1.71
1c5e4e49b9079480255b49d50aac1aa9,santos,SP,bed_bath_table,10,10.0,10.0,1.51
1c5e4e49b9079480255b49d50aac1aa9,santos,SP,pet_shop,1,0.0,0.0,1.67
1c68394e931a64f90ea236c5ea590300,sarandi,PR,computers_accessories,121,13.22,4.13,1.89
1c68394e931a64f90ea236c5ea590300,sarandi,PR,cool_stuff,16,31.25,6.25,1.28
1c742ac33582852aaf3bcfbf5893abcf,belo horizonte,MG,sports_leisure,1,0.0,0.0,1.2
1c83418358f249c9d6affa52d579db0e,sao paulo,SP,music,1,0.0,0.0,2.7
1ca4bdb0cd7fc48e949bac066188ed26,cataguases,MG,office_furniture,3,0.0,0.0,3.4
1ca7077d890b907f89be8c954a02686a,santana de parnaiba,SP,telephony,23,13.04,0.0,1.85
1ca7077d890b907f89be8c954a02686a,santana de parnaiba,SP,toys,17,64.71,29.41,1.49
1caf283236cd69af44cbc09a0a1e7d32,nova iguacu,RJ,art,4,0.0,0.0,1.59
1caf283236cd69af44cbc09a0a1e7d32,nova iguacu,RJ,stationery,6,16.67,0.0,1.34
1caf283236cd69af44cbc09a0a1e7d32,nova iguacu,RJ,toys,23,4.35,0.0,1.49
1cbcd2ee0afb3fc09963b87eb65e7e4f,curitiba,PR,perfumery,1,0.0,0.0,0.72
1cbd32d00d01bb8087a5eb088612fd9c,sp / sp,SP,baby,1,100.0,0.0,1.71
1cbd32d00d01bb8087a5eb088612fd9c,sp / sp,SP,computers_accessories,1,0.0,0.0,1.89
1cbd32d00d01bb8087a5eb088612fd9c,sp / sp,SP,health_beauty,6,0.0,16.67,1.2
1cbd32d00d01bb8087a5eb088612fd9c,sp / sp,SP,housewares,1,0.0,0.0,1.64
1cbd32d00d01bb8087a5eb088612fd9c,sp / sp,SP,stationery,2,0.0,0.0,1.34
1cbd50a8c52e6cf8e315c5709fab386f,fazenda rio grande,PR,audio,1,0.0,0.0,3.23
1cbd50a8c52e6cf8e315c5709fab386f,fazenda rio grande,PR,auto,2,0.0,0.0,1.48
1cbd50a8c52e6cf8e315c5709fab386f,fazenda rio grande,PR,computers_accessories,2,0.0,0.0,1.89
1cbd50a8c52e6cf8e315c5709fab386f,fazenda rio grande,PR,consoles_games,1,0.0,0.0,1.09
1cbd50a8c52e6cf8e315c5709fab386f,fazenda rio grande,PR,telephony,3,33.33,0.0,1.85
1cbdc7cf130a41fd13a3c2a7d2fcfda7,lambari,MG,bed_bath_table,2,0.0,0.0,1.51
1cd9e0cc1839d55516843def5600816d,sao paulo,SP,bed_bath_table,5,0.0,0.0,1.51
1ce3ae5a399804d1a87e706f8a813c3e,jaguaruna,SC,furniture_decor,38,18.42,0.0,1.33
1d0646a72178a6fb37ee8082140e06ec,joinville,SC,health_beauty,1,0.0,0.0,1.2
1d0646a72178a6fb37ee8082140e06ec,joinville,SC,perfumery,1,0.0,0.0,0.72
1d0997ff06b524ce9289ffd75114ecd3,recife,PE,auto,2,50.0,0.0,1.48
1d0997ff06b524ce9289ffd75114ecd3,recife,PE,computers_accessories,1,0.0,0.0,1.89
1d139e3a3b14025640d8df1b230aace0,barrinha,SP,sports_leisure,2,0.0,0.0,1.2
1d1bbb8ac1581824986f582583fff01d,indaial,SC,health_beauty,3,33.33,0.0,1.2
1d1bbb8ac1581824986f582583fff01d,indaial,SC,perfumery,1,0.0,0.0,0.72
1d2732ef8321502ee8488e8bed1ab8cd,rio de janeiro,RJ,computers_accessories,4,25.0,0.0,1.89
1d29dfba02015238dfbe2449a5eaa361,vicosa,MG,perfumery,12,8.33,0.0,0.72
1d4587203296c8f4ad134dc286fa6db0,sao paulo,SP,auto,39,10.26,0.0,1.48
1d503743d2526f03f0c2c89540ee008c,sao paulo,SP,auto,5,20.0,0.0,1.48
1d503743d2526f03f0c2c89540ee008c,sao paulo,SP,computers_accessories,2,50.0,0.0,1.89
1d503743d2526f03f0c2c89540ee008c,sao paulo,SP,housewares,1,0.0,0.0,1.64
1d503743d2526f03f0c2c89540ee008c,sao paulo,SP,telephony,1,0.0,0.0,1.85
1d503743d2526f03f0c2c89540ee008c,sao paulo,SP,watches_gifts,3,0.0,0.0,2.06
1d8dbc4f32378d715c717c1c1fc57bae,arapongas,PR,baby,88,13.64,2.27,1.71
1d953075c2f0dd990bacf27b83b330f1,belo horizonte,MG,computers_accessories,1,0.0,0.0,1.89
1da366cade6d8276e7d8beea7af5d4bf,uba,MG,furniture_decor,31,12.9,0.0,1.33
1da366cade6d8276e7d8beea7af5d4bf,uba,MG,furniture_living_room,8,37.5,12.5,1.24
1da366cade6d8276e7d8beea7af5d4bf,uba,MG,office_furniture,2,0.0,0.0,3.4
1da3aeb70d7989d1e6d9b0e887f97c23,sao paulo,SP,air_conditioning,2,0.0,0.0,1.66
1da3aeb70d7989d1e6d9b0e887f97c23,sao paulo,SP,auto,6,0.0,0.0,1.48
1da3aeb70d7989d1e6d9b0e887f97c23,sao paulo,SP,baby,2,0.0,0.0,1.71
1da3aeb70d7989d1e6d9b0e887f97c23,sao paulo,SP,bed_bath_table,1,0.0,0.0,1.51
1da3aeb70d7989d1e6d9b0e887f97c23,sao paulo,SP,computers_accessories,4,25.0,0.0,1.89
1da3aeb70d7989d1e6d9b0e887f97c23,sao paulo,SP,construction_tools_lights,2,0.0,0.0,0.88
1da3aeb70d7989d1e6d9b0e887f97c23,sao paulo,SP,cool_stuff,8,12.5,0.0,1.28
1da3aeb70d7989d1e6d9b0e887f97c23,sao paulo,SP,electronics,4,50.0,0.0,1.53
1da3aeb70d7989d1e6d9b0e887f97c23,sao paulo,SP,fashion_bags_accessories,26,7.69,0.0,1.11
1da3aeb70d7989d1e6d9b0e887f97c23,sao paulo,SP,furniture_decor,31,19.35,3.23,1.33
1da3aeb70d7989d1e6d9b0e887f97c23,sao paulo,SP,garden_tools,1,0.0,0.0,1.15
1da3aeb70d7989d1e6d9b0e887f97c23,sao paulo,SP,health_beauty,25,0.0,0.0,1.2
1da3aeb70d7989d1e6d9b0e887f97c23,sao paulo,SP,housewares,7,28.57,42.86,1.64
1da3aeb70d7989d1e6d9b0e887f97c23,sao paulo,SP,luggage_accessories,2,0.0,0.0,0.9
1da3aeb70d7989d1e6d9b0e887f97c23,sao paulo,SP,perfumery,2,0.0,0.0,0.72
1da3aeb70d7989d1e6d9b0e887f97c23,sao paulo,SP,pet_shop,2,0.0,0.0,1.67
1da3aeb70d7989d1e6d9b0e887f97c23,sao paulo,SP,sports_leisure,61,16.39,1.64,1.2
1da3aeb70d7989d1e6d9b0e887f97c23,sao paulo,SP,stationery,25,12.0,0.0,1.34
1da3aeb70d7989d1e6d9b0e887f97c23,sao paulo,SP,telephony,2,0.0,0.0,1.85
1da3aeb70d7989d1e6d9b0e887f97c23,sao paulo,SP,toys,41,9.76,0.0,1.49
1da3aeb70d7989d1e6d9b0e887f97c23,sao paulo,SP,watches_gifts,1,0.0,0.0,2.06
1dc2de47ee26a0a5b12dc14fd6dc0dea,ibitinga,SP,bed_bath_table,25,4.0,0.0,1.51
1dcfa3835714681d4ba4a93bc1e0fd41,birigui,SP,furniture_living_room,11,9.09,0.0,1.24
1dd33b8119b3cb1056ed5dc88cd0aaf4,sao paulo,SP,musical_instruments,8,12.5,0.0,1.83
1de62b6f2fd96227629786db492433db,sp,SP,sports_leisure,1,0.0,0.0,1.2
1dfe5347016252a7884b694d4f10f5c4,ibitinga,SP,bed_bath_table,18,27.78,0.0,1.51
1e26c56af8d48424e1df0140a2401f83,jaguariuna,SP,construction_tools_construction,1,0.0,0.0,1.8
1e26c56af8d48424e1df0140a2401f83,jaguariuna,SP,electronics,1,0.0,0.0,1.53
1e47d8b6546eb3a77b1acddcc9406242,campinas,SP,fashio_female_clothing,1,100.0,0.0,8.33
1e47defeeadeca0e9a18fa5a9311e735,catanduva,SP,auto,1,0.0,0.0,1.48
1e47defeeadeca0e9a18fa5a9311e735,catanduva,SP,sports_leisure,2,0.0,0.0,1.2
1e483cc5c76fef08d3ca05f9a8af7d01,sao paulo,SP,fashion_underwear_beach,6,0.0,0.0,0.86
1e483cc5c76fef08d3ca05f9a8af7d01,sao paulo,SP,housewares,2,0.0,0.0,1.64
1e483cc5c76fef08d3ca05f9a8af7d01,sao paulo,SP,stationery,1,0.0,0.0,1.34
1e8b33f18b4f7598d87f5cbee2282cc2,sao paulo,SP,bed_bath_table,117,9.4,0.0,1.51
1e8c6a4c538f286aee9573239740a4b4,itatiba,SP,baby,2,0.0,0.0,1.71
1e8c6a4c538f286aee9573239740a4b4,itatiba,SP,furniture_decor,1,0.0,0.0,1.33
1e8c6a4c538f286aee9573239740a4b4,itatiba,SP,housewares,1,0.0,0.0,1.64
1e9d5a33694bddb76316fd1f54734d20,jaciara,MT,furniture_bedroom,2,0.0,0.0,1.12
1eade46fba20122dc4aefb379f8c636b,sao paulo,SP,health_beauty,58,8.62,0.0,1.2
1f1bb1f0859883505541bdd6606193e5,sao paulo,SP,fashion_bags_accessories,25,8.0,0.0,1.11
1f1bb1f0859883505541bdd6606193e5,sao paulo,SP,watches_gifts,1,0.0,0.0,2.06
1f2eebc0e970fd3c463e4f5d9652687a,sao paulo,SP,books_technical,1,0.0,0.0,0.79
1f50f920176fa81dab994f9023523100,sao jose do rio preto,SP,baby,24,25.0,4.17,1.71
1f50f920176fa81dab994f9023523100,sao jose do rio preto,SP,garden_tools,1352,13.39,0.74,1.15
1f50f920176fa81dab994f9023523100,sao jose do rio preto,SP,signaling_and_security,3,0.0,0.0,2.92
1f7dfad2cb384ea4d2d7e1ffbd78c407,sao paulo,SP,baby,1,100.0,0.0,1.71
1f7fd2a6fcd5a6fa5d8a4dabc72aaae0,venancio aires,RS,housewares,3,0.0,0.0,1.64
1f867308a0ce13133a4e639ff4de0c02,curitiba,PR,housewares,6,0.0,0.0,1.64
1f9ab4708f3056ede07124aad39a2554,tupa,SP,baby,74,6.76,0.0,1.71
1fbe10c70e30765ed1de86d9f7e98409,maua,SP,housewares,2,50.0,0.0,1.64
1fdc574883ef3b33ad41562d93f3a74a,limeira,SP,auto,18,0.0,0.0,1.48
1fe5540d7c1c37a595fefbacd5570d9e,paraiba do sul,RJ,computers_accessories,20,5.0,0.0,1.89
1fe61aa5494bd3ae92a2c13e067c810f,santa cecilia,SC,auto,1,0.0,0.0,1.48
2009a095de2a2a41626f6c6d7722678d,sao jose do rio preto,SP,computers_accessories,5,20.0,0.0,1.89
2009a095de2a2a41626f6c6d7722678d,sao jose do rio preto,SP,stationery,3,0.0,0.0,1.34
2039c5e51785b5dde7cf93ccb3b7be2c,guaira,SP,housewares,1,0.0,0.0,1.64
2059c39f76271d4ca3f15b5ffaccc8b8,curitiba,PR,books_general_interest,11,0.0,0.0,0.41
20611af7866c6068fd5ae1f9dbe15c92,porto ferreira,SP,baby,1,0.0,0.0,1.71
20611af7866c6068fd5ae1f9dbe15c92,porto ferreira,SP,construction_tools_lights,1,0.0,0.0,0.88
2063dd1b9f568df1c16741ea7d3e6adb,guarapuava,PR,furniture_decor,3,0.0,0.0,1.33
2075d8cd4dd63ff12df0749a5866bb06,curitiba,PR,bed_bath_table,3,0.0,0.0,1.51
2089a6d640999f9b9141ac719b2af596,sao carlos,SP,health_beauty,3,0.0,0.0,1.2
2089a6d640999f9b9141ac719b2af596,sao carlos,SP,perfumery,12,41.67,0.0,0.72
2089a6d640999f9b9141ac719b2af596,sao carlos,SP,sports_leisure,25,16.0,4.0,1.2
20a7efa9721046319bdde5d60b6b5365,laguna,SP,sports_leisure,1,0.0,0.0,1.2
20a8b0dc55da94fe74d112082427c84f,itu,SP,baby,6,16.67,0.0,1.71
20a8b0dc55da94fe74d112082427c84f,itu,SP,housewares,1,0.0,0.0,1.64
20b54c376b794ed028df09a3cd88e8dc,sao caetano do sul,SP,audio,1,0.0,0.0,3.23
20b54c376b794ed028df09a3cd88e8dc,sao caetano do sul,SP,fixed_telephony,4,25.0,25.0,2.39
20b54c376b794ed028df09a3cd88e8dc,sao caetano do sul,SP,health_beauty,2,0.0,0.0,1.2
20cb7c2fde3e5bf10f0bbe7394e1c6a9,andira-pr,PR,furniture_decor,31,12.9,0.0,1.33
20d53aad4fe5ee93a64f8839609d3586,santa rita do sapucai,MG,garden_tools,1,100.0,0.0,1.15
20d83f3ef0e6925fd74bfd59170babf7,sao paulo,SP,fashion_bags_accessories,37,8.11,0.0,1.11
2138ccb85b11a4ec1e37afbd1c8eda1f,sao paulo,SP,auto,9,33.33,0.0,1.48
2138ccb85b11a4ec1e37afbd1c8eda1f,sao paulo,SP,computers_accessories,2,0.0,0.0,1.89
2138ccb85b11a4ec1e37afbd1c8eda1f,sao paulo,SP,dvds_blu_ray,2,50.0,0.0,0.0
2138ccb85b11a4ec1e37afbd1c8eda1f,sao paulo,SP,fixed_telephony,35,17.14,2.86,2.39
2138ccb85b11a4ec1e37afbd1c8eda1f,sao paulo,SP,music,1,0.0,0.0,2.7
2138ccb85b11a4ec1e37afbd1c8eda1f,sao paulo,SP,pc_gamer,4,25.0,0.0,0.0
2138ccb85b11a4ec1e37afbd1c8eda1f,sao paulo,SP,telephony,325,15.38,1.54,1.85
213b25e6f54661939f11710a6fddb871,salto,SP,construction_tools_lights,5,40.0,0.0,0.88
213b25e6f54661939f11710a6fddb871,salto,SP,home_construction,123,13.82,0.0,1.08
213b25e6f54661939f11710a6fddb871,salto,SP,signaling_and_security,9,11.11,11.11,2.92
213fafb0ca06fb3d5886579c2565791b,sete lagoas,MG,cine_photo,1,0.0,0.0,1.59
213fafb0ca06fb3d5886579c2565791b,sete lagoas,MG,computers_accessories,1,100.0,0.0,1.89
213fafb0ca06fb3d5886579c2565791b,sete lagoas,MG,cool_stuff,1,100.0,0.0,1.28
2156f2671501a81034d7d07f217609d0,sp,SP,computers_accessories,14,14.29,7.14,1.89
2156f2671501a81034d7d07f217609d0,sp,SP,construction_tools_construction,1,100.0,0.0,1.8
2156f2671501a81034d7d07f217609d0,sp,SP,garden_tools,5,0.0,0.0,1.15
2156f2671501a81034d7d07f217609d0,sp,SP,housewares,1,0.0,0.0,1.64
217f005bb37ff3aeef5b2ae1788e75ba,osasco,SP,fashion_sport,2,0.0,0.0,0.0
218d46b86c1881d022bce9c68a7d4b15,ribeirao preto,SP,bed_bath_table,2,0.0,0.0,1.51
218d46b86c1881d022bce9c68a7d4b15,ribeirao preto,SP,diapers_and_hygiene,12,0.0,0.0,0.0
218d46b86c1881d022bce9c68a7d4b15,ribeirao preto,SP,sports_leisure,361,12.47,0.55,1.2
218f991754f360af9c2daa5e0b8e990c,sao paulo,SP,housewares,14,21.43,7.14,1.64
2199e7fe213c16213bf5d6a7eadc9a5d,registro,SP,air_conditioning,4,0.0,0.0,1.66
2199e7fe213c16213bf5d6a7eadc9a5d,registro,SP,bed_bath_table,5,0.0,0.0,1.51
2199e7fe213c16213bf5d6a7eadc9a5d,registro,SP,cool_stuff,1,100.0,0.0,1.28
2199e7fe213c16213bf5d6a7eadc9a5d,registro,SP,furniture_decor,6,16.67,0.0,1.33
2199e7fe213c16213bf5d6a7eadc9a5d,registro,SP,garden_tools,1,0.0,0.0,1.15
2199e7fe213c16213bf5d6a7eadc9a5d,registro,SP,housewares,6,0.0,0.0,1.64
2199e7fe213c16213bf5d6a7eadc9a5d,registro,SP,signaling_and_security,1,0.0,0.0,2.92
21c62b998a043ebe31161d38f84929fc,fortaleza,CE,auto,4,0.0,0.0,1.48
21d59342ba150175ca2aa4f8faddeca6,itaquaquecetuba,SP,health_beauty,1,0.0,0.0,1.2
21e83881401b92b49fb09a16d3852291,uberlandia,MG,furniture_decor,4,0.0,0.0,1.33
21e83881401b92b49fb09a16d3852291,uberlandia,MG,garden_tools,8,0.0,0.0,1.15
2235cf78d3e2073a88146a9cb60f0dd0,sao paulo,SP,furniture_living_room,1,0.0,0.0,1.24
226b05fe067266c59c15dae208213d06,curitiba,PR,pet_shop,1,0.0,0.0,1.67
228e4c1a0be164f613d41c24345f9d2c,bandeirantes,PR,housewares,5,0.0,0.0,1.64
229c3efbfb0ea2058de4ccdfbc3d784a,belo horizonte,MG,computers_accessories,117,25.64,4.27,1.89
22a23e5ac7061fc538cc2a019afaaf16,belo horizonte,MG,food_drink,1,0.0,0.0,0.0
22c32ec35d0116ef02c281798a25bf8b,maringa,PR,sports_leisure,2,0.0,0.0,1.2
2305ab43e846518f58dd9d59f3f54e96,sao paulo,SP,perfumery,3,33.33,0.0,0.72
232a6014e7b10cba61c6c2b2ea6bb4b0,cafelandia,SP,pet_shop,32,12.5,3.12,1.67
23613d49c3ac2bd302259e55c06c050c,porto ferreira,SP,furniture_decor,60,21.67,0.0,1.33
236585a4ddb5fea9fa40233e2249ed91,caxias do sul,RS,auto,3,0.0,0.0,1.48
236585a4ddb5fea9fa40233e2249ed91,caxias do sul,RS,computers_accessories,8,12.5,0.0,1.89
2379bdc3888025689a9deb7b141507d5,mogi mirim,SP,health_beauty,2,50.0,0.0,1.2
2379bdc3888025689a9deb7b141507d5,mogi mirim,SP,perfumery,7,0.0,0.0,0.72
238fac594e170b59c6d228f5a4f4f1d9,dois corregos,SP,pet_shop,27,11.11,0.0,1.67
23a0ffca143a15b9b5bbdb7d552f626a,sao pedro,SP,garden_tools,21,23.81,0.0,1.15
23a0ffca143a15b9b5bbdb7d552f626a,sao pedro,SP,housewares,1,0.0,0.0,1.64
23c38debaffe4a25a30fdbd9b586a13f,votorantim,SP,auto,2,0.0,0.0,1.48
23c38debaffe4a25a30fdbd9b586a13f,votorantim,SP,construction_tools_construction,1,0.0,0.0,1.8
23c38debaffe4a25a30fdbd9b586a13f,votorantim,SP,costruction_tools_tools,3,0.0,0.0,5.32
23c38debaffe4a25a30fdbd9b586a13f,votorantim,SP,garden_tools,30,3.33,0.0,1.15
23c38debaffe4a25a30fdbd9b586a13f,votorantim,SP,industry_commerce_and_business,3,0.0,0.0,1.33
23c38debaffe4a25a30fdbd9b586a13f,votorantim,SP,signaling_and_security,1,0.0,0.0,2.92
23ca5f678e0b3ea6c630b30fa8bf51ea,sao paulo,SP,home_appliances,6,0.0,0.0,1.08
23d7c96d4a1160db1c726b248601b25a,capivari,SP,air_conditioning,4,0.0,0.0,1.66
23d7c96d4a1160db1c726b248601b25a,capivari,SP,baby,2,0.0,0.0,1.71
23d7c96d4a1160db1c726b248601b25a,capivari,SP,consoles_games,1,100.0,0.0,1.09
23d7c96d4a1160db1c726b248601b25a,capivari,SP,cool_stuff,12,16.67,8.33,1.28
23d7c96d4a1160db1c726b248601b25a,capivari,SP,home_appliances,1,0.0,0.0,1.08
23d7c96d4a1160db1c726b248601b25a,capivari,SP,home_appliances_2,3,66.67,33.33,4.0
23d7c96d4a1160db1c726b248601b25a,capivari,SP,housewares,1,100.0,0.0,1.64
23d7c96d4a1160db1c726b248601b25a,capivari,SP,small_appliances,12,8.33,0.0,1.5
23d7c96d4a1160db1c726b248601b25a,capivari,SP,small_appliances_home_oven_and_coffee,1,0.0,0.0,2.78
23d7c96d4a1160db1c726b248601b25a,capivari,SP,stationery,2,0.0,0.0,1.34
23d7c96d4a1160db1c726b248601b25a,capivari,SP,toys,9,11.11,0.0,1.49
23ff42c4bf1f8f16cddb19d8b972974a,itau de minas,MG,sports_leisure,2,0.0,0.0,1.2
240b9776d844d37535668549a396af32,niteroi,RJ,air_conditioning,2,50.0,0.0,1.66
240b9776d844d37535668549a396af32,niteroi,RJ,home_appliances_2,1,0.0,0.0,4.0
240b9776d844d37535668549a396af32,niteroi,RJ,housewares,8,0.0,0.0,1.64
240b9776d844d37535668549a396af32,niteroi,RJ,small_appliances,1,0.0,0.0,1.5
240b9776d844d37535668549a396af32,niteroi,RJ,telephony,23,8.7,0.0,1.85
244b04680fdbded0acf5aebd9c92b44a,jundiai,SP,musical_instruments,1,100.0,0.0,1.83
244c2f1bff6afe1f2eaf9bfe9b2aed38,mogi das cruzes,SP,furniture_decor,23,13.04,8.7,1.33
247587846358bb1d2e4c6522020b36fe,sao jose do rio preto,SP,pet_shop,1,0.0,0.0,1.67
2493dc3f20131696a0ecdb9948051a8d,brasilia,DF,cool_stuff,4,0.0,0.0,1.28
249f0e9905a6e06ad6c6bea7547ab9f6,rio de janeiro,RJ,art,1,0.0,0.0,1.59
249f0e9905a6e06ad6c6bea7547ab9f6,rio de janeiro,RJ,pet_shop,1,0.0,0.0,1.67
24a6daf925d9d591870a66660416de31,robeirao preto,SP,books_general_interest,2,0.0,0.0,0.41
24c1de8d9551c0b4fbc53317d53efda8,serra redonda,PB,sports_leisure,1,0.0,0.0,1.2
2528513dd95219a6013d4d05176e391a,osasco,SP,bed_bath_table,58,13.79,0.0,1.51
2528513dd95219a6013d4d05176e391a,osasco,SP,home_confort,89,14.61,4.49,2.17
2528513dd95219a6013d4d05176e391a,osasco,SP,kitchen_dining_laundry_garden_furniture,3,66.67,33.33,1.69
2528744c5ef5d955adc318720a94d2e7,jundiai,SP,agro_industry_and_commerce,5,60.0,20.0,3.39
252e76235acb79183cfca6e34f13337d,campinas,SP,auto,1,100.0,0.0,1.48
252e76235acb79183cfca6e34f13337d,campinas,SP,furniture_decor,1,0.0,0.0,1.33
253c025bab43881055aeecde5e2d8b77,curitiba,PR,housewares,2,0.0,0.0,1.64
253f95b3a0e6983ae18aed49fbc2b845,sao paulo,SP,auto,5,0.0,0.0,1.48
257e61d3251fb5efb9daadddbc2cf7ca,apucarana,PR,baby,11,0.0,0.0,1.71
257e61d3251fb5efb9daadddbc2cf7ca,apucarana,PR,food,1,0.0,0.0,0.7
258447aad3f7b01e2643c89f64dc5647,cianorte,PR,health_beauty,1,0.0,0.0,1.2
259f7b5e6e482c230e5bfaa670b6bb8f,poa,SP,bed_bath_table,125,10.4,0.0,1.51
259f7b5e6e482c230e5bfaa670b6bb8f,poa,SP,garden_tools,8,0.0,0.0,1.15
25be943a321c8938947bdaabca979a90,sao bernardo do campo,SP,kitchen_dining_laundry_garden_furniture,3,0.0,0.0,1.69
25c5c91f63607446a97b143d2d535d31,itauna,MG,computers_accessories,143,16.78,0.0,1.89
25cf099de44674fde97473224f9d59ab,cotia,SP,auto,49,10.2,0.0,1.48
25debeafbce801fdd479539350185eee,igaracu do tiete,SP,perfumery,3,33.33,0.0,0.72
25debeafbce801fdd479539350185eee,igaracu do tiete,SP,sports_leisure,2,50.0,0.0,1.2
25e47381a6c510ddeb36084e33b89f0c,praia grande,SP,bed_bath_table,12,0.0,0.0,1.51
25e6ffe976bd75618accfe16cefcbd0d,sao paulo,SP,baby,10,10.0,0.0,1.71
25e6ffe976bd75618accfe16cefcbd0d,sao paulo,SP,books_general_interest,1,0.0,0.0,0.41
25e6ffe976bd75618accfe16cefcbd0d,sao paulo,SP,cool_stuff,9,0.0,0.0,1.28
25e6ffe976bd75618accfe16cefcbd0d,sao paulo,SP,fashion_bags_accessories,4,25.0,0.0,1.11
25e6ffe976bd75618accfe16cefcbd0d,sao paulo,SP,housewares,1,0.0,0.0,1.64
25e6ffe976bd75618accfe16cefcbd0d,sao paulo,SP,toys,81,7.41,0.0,1.49
262237171f48e85819065498cac80d7b,brusque,SC,sports_leisure,4,0.0,0.0,1.2
2646baaf662d4d92ac48f047e35db92d,sao paulo,SP,auto,8,12.5,0.0,1.48
2646baaf662d4d92ac48f047e35db92d,sao paulo,SP,costruction_tools_tools,1,0.0,0.0,5.32
2646baaf662d4d92ac48f047e35db92d,sao paulo,SP,garden_tools,1,100.0,0.0,1.15
2646baaf662d4d92ac48f047e35db92d,sao paulo,SP,signaling_and_security,5,0.0,0.0,2.92
26562f211dd1364af2a8596dc945e8ae,sao bernardo do campo,SP,bed_bath_table,1,0.0,0.0,1.51
26562f211dd1364af2a8596dc945e8ae,sao bernardo do campo,SP,furniture_decor,1,0.0,0.0,1.33
265fdc289dffa9f1ad801c74f7d0de47,jaci,SP,furniture_bedroom,1,0.0,0.0,1.12
26785a546900236d66f2e4197c211158,sao paulo,SP,consoles_games,15,6.67,0.0,1.09
269c5fc9fcadee614364c3620c30a1f9,guarulhos,SP,luggage_accessories,3,0.0,0.0,0.9
269cff2d3c8d205c11f37a52402ea93b,catanduva,SP,agro_industry_and_commerce,3,0.0,0.0,3.39
269cff2d3c8d205c11f37a52402ea93b,catanduva,SP,health_beauty,1,0.0,0.0,1.2
26af45f5dfd967225a832838aa4e24a3,curitiba,PR,auto,8,25.0,0.0,1.48
26b482dccfa29bd2e40703ba45523702,santa barbara d´oeste,SP,health_beauty,1,0.0,0.0,1.2
26b482dccfa29bd2e40703ba45523702,santa barbara d´oeste,SP,pet_shop,2,0.0,0.0,1.67
26bad72add1f86e08a776ce4ffdaf1ca,pedregulho,SP,food_drink,7,0.0,0.0,0.0
26d6bbee02420494d471c9f6436929c0,curitiba,PR,auto,9,0.0,0.0,1.48
26d6bbee02420494d471c9f6436929c0,curitiba,PR,cine_photo,1,0.0,0.0,1.59
26d6bbee02420494d471c9f6436929c0,curitiba,PR,construction_tools_safety,1,0.0,0.0,2.61
26d6bbee02420494d471c9f6436929c0,curitiba,PR,stationery,1,0.0,0.0,1.34
26d8a1c7c75d513045798992ead43aa2,apucarana,PR,health_beauty,3,0.0,0.0,1.2
26d8a1c7c75d513045798992ead43aa2,apucarana,PR,perfumery,31,9.68,3.23,0.72
26e13b6ff5b641b329e5524241ee2c93,franca,SP,fashion_bags_accessories,2,0.0,0.0,1.11
26e13b6ff5b641b329e5524241ee2c93,franca,SP,fashion_shoes,1,0.0,0.0,0.87
26e2c91ef821e1ff8985f408788fe35b,ibitinga,SP,bed_bath_table,12,33.33,16.67,1.51
26e2e5033827d2ba53929f43e03d8ffe,sao paulo,SP,furniture_decor,1,0.0,0.0,1.33
26f6b7ab07be3e9e69ce82a6552efc19,rio de janeiro,RJ,sports_leisure,1,100.0,0.0,1.2
26f6b7ab07be3e9e69ce82a6552efc19,rio de janeiro,RJ,stationery,1,0.0,0.0,1.34
270297ead4c65a6cd2593960d2af6b21,sao paulo,SP,furniture_decor,11,27.27,9.09,1.33
270297ead4c65a6cd2593960d2af6b21,sao paulo,SP,garden_tools,2,0.0,0.0,1.15
270297ead4c65a6cd2593960d2af6b21,sao paulo,SP,home_construction,4,50.0,25.0,1.08
270572bb714b00531be85e16e1550f26,maua,SP,bed_bath_table,1,0.0,0.0,1.51
2709af9587499e95e803a6498a5a56e9,sao paulo,SP,health_beauty,14,14.29,7.14,1.2
2709af9587499e95e803a6498a5a56e9,sao paulo,SP,perfumery,9,33.33,0.0,0.72
270d3ef21830ad0ecf3a6c53d08a533a,carapicuiba,SP,diapers_and_hygiene,5,40.0,0.0,0.0
271b8923c6a549e02d3c9fd1f8c0422b,praia grande,SP,construction_tools_construction,1,0.0,0.0,1.8
271c58a1d139c45eaf3316107c6d3a3b,sao paulo,SP,baby,27,14.81,0.0,1.71
272f092de69afedd4d2969440b37f18f,sao paulo,SP,audio,1,100.0,0.0,3.23
272f092de69afedd4d2969440b37f18f,sao paulo,SP,baby,1,0.0,0.0,1.71
272f092de69afedd4d2969440b37f18f,sao paulo,SP,books_imported,1,0.0,0.0,0.0
272f092de69afedd4d2969440b37f18f,sao paulo,SP,fashion_bags_accessories,20,20.0,5.0,1.11
2745f798279e0ed033addcc1474776d7,sao paulo,SP,sports_leisure,30,13.33,0.0,1.2
276677b5d08786d5dce7c2149dcce48b,belo horizonte,MG,furniture_bedroom,1,0.0,0.0,1.12
276677b5d08786d5dce7c2149dcce48b,belo horizonte,MG,garden_tools,6,0.0,0.0,1.15
276677b5d08786d5dce7c2149dcce48b,belo horizonte,MG,health_beauty,3,0.0,0.0,1.2
276677b5d08786d5dce7c2149dcce48b,belo horizonte,MG,housewares,17,35.29,0.0,1.64
276677b5d08786d5dce7c2149dcce48b,belo horizonte,MG,musical_instruments,1,0.0,0.0,1.83
276677b5d08786d5dce7c2149dcce48b,belo horizonte,MG,toys,3,0.0,0.0,1.49
27a56ff04b34c2ba34ce6ba4d3b9d616,campinas,SP,market_place,6,0.0,0.0,1.5
27a56ff04b34c2ba34ce6ba4d3b9d616,campinas,SP,sports_leisure,2,50.0,0.0,1.2
282c7480173bb9c01dd41cc739fec010,sao paulo,SP,health_beauty,4,25.0,0.0,1.2
282f23a9769b2690c5dda22e316f9941,belo horizonte,MG,costruction_tools_garden,1,0.0,0.0,1.09
282f23a9769b2690c5dda22e316f9941,belo horizonte,MG,food_drink,56,3.57,0.0,0.0
282f23a9769b2690c5dda22e316f9941,belo horizonte,MG,garden_tools,22,4.55,0.0,1.15
282f23a9769b2690c5dda22e316f9941,belo horizonte,MG,housewares,10,0.0,0.0,1.64
282f23a9769b2690c5dda22e316f9941,belo horizonte,MG,industry_commerce_and_business,6,16.67,0.0,1.33
282f23a9769b2690c5dda22e316f9941,belo horizonte,MG,pet_shop,3,0.0,0.0,1.67
28405831a29823802aa22c084cfd0649,sao paulo,SP,christmas_supplies,6,0.0,0.0,1.63
28872dc528e978a639754bc8c2ce5a4c,caxias do sul,RS,housewares,1,0.0,0.0,1.64
289cdb325fb7e7f891c38608bf9e0962,belo horizonte,SP,health_beauty,4,0.0,0.0,1.2
289cdb325fb7e7f891c38608bf9e0962,belo horizonte,SP,music,1,100.0,0.0,2.7
289cdb325fb7e7f891c38608bf9e0962,belo horizonte,SP,perfumery,99,4.04,1.01,0.72
28a26ebce31d5918b181ede016fd693b,belo horizonte,MG,health_beauty,1,0.0,0.0,1.2
28c7d8743fbc8679f484868cc0fcaefb,itaporanga,SP,health_beauty,3,0.0,0.0,1.2
28d162ab86bb49d719c32f0ee6186eaa,ribeirao preto,SP,sports_leisure,1,0.0,0.0,1.2
28ea411b354f14b1a494be4e79f0ce02,sao paulo,SP,bed_bath_table,4,0.0,0.0,1.51
28ea411b354f14b1a494be4e79f0ce02,sao paulo,SP,fashion_childrens_clothes,2,0.0,0.0,0.0
28f10b1c5e5abb9d4857745bede6147c,sao paulo,SP,electronics,16,12.5,0.0,1.53
28f10b1c5e5abb9d4857745bede6147c,sao paulo,SP,sports_leisure,11,27.27,0.0,1.2
28f10b1c5e5abb9d4857745bede6147c,sao paulo,SP,telephony,1,0.0,0.0,1.85
28fb0829fd777877cdc350d25cb5bd5b,sao jose do rio pret,SP,health_beauty,2,0.0,0.0,1.2
293dee954235e4e4e43f129313625ebe,brasilia,DF,stationery,4,0.0,0.0,1.34
2953ce3a88f5e3c3b696d77fc9e4c8eb,sao paulo,SP,books_general_interest,1,0.0,0.0,0.41
2953ce3a88f5e3c3b696d77fc9e4c8eb,sao paulo,SP,books_technical,13,7.69,0.0,0.79
296729ffb9b684050dd24836dac4494a,curitiba,SP,bed_bath_table,1,0.0,0.0,1.51
296729ffb9b684050dd24836dac4494a,curitiba,SP,cool_stuff,1,0.0,0.0,1.28
297d5eccd19fa9a83b2630071ff105e4,curitiba,PR,housewares,8,0.0,0.0,1.64
299c89a525fee36c567f4fe72f038100,varzea alegre,CE,furniture_decor,1,0.0,0.0,1.33
29c322e3f09f886f8bacbe91dfbd979e,santa maria,RS,auto,1,0.0,0.0,1.48
29e6e05b65f93bc224c644319dc52ecf,juiz de fora,MG,baby,4,0.0,0.0,1.71
29fe9f200d3fa0c668d2aa1ec7e08dfb,balneario camboriu,SC,telephony,5,20.0,0.0,1.85
2a1348e9addc1af5aaa619b1a3679d6b,belo horizonte,MG,auto,9,11.11,0.0,1.48
2a1348e9addc1af5aaa619b1a3679d6b,belo horizonte,MG,baby,1,100.0,0.0,1.71
2a1348e9addc1af5aaa619b1a3679d6b,belo horizonte,MG,computers_accessories,3,33.33,0.0,1.89
2a1348e9addc1af5aaa619b1a3679d6b,belo horizonte,MG,consoles_games,3,66.67,0.0,1.09
2a1348e9addc1af5aaa619b1a3679d6b,belo horizonte,MG,fashion_underwear_beach,2,50.0,0.0,0.86
2a1348e9addc1af5aaa619b1a3679d6b,belo horizonte,MG,fixed_telephony,3,33.33,0.0,2.39
2a1348e9addc1af5aaa619b1a3679d6b,belo horizonte,MG,furniture_decor,13,30.77,0.0,1.33
2a1348e9addc1af5aaa619b1a3679d6b,belo horizonte,MG,garden_tools,1,100.0,0.0,1.15
2a1348e9addc1af5aaa619b1a3679d6b,belo horizonte,MG,health_beauty,7,28.57,0.0,1.2
2a1348e9addc1af5aaa619b1a3679d6b,belo horizonte,MG,home_confort,2,100.0,0.0,2.17
2a1348e9addc1af5aaa619b1a3679d6b,belo horizonte,MG,perfumery,1,0.0,0.0,0.72
2a1348e9addc1af5aaa619b1a3679d6b,belo horizonte,MG,telephony,2,50.0,0.0,1.85
2a167ca73899c85001a837d8fb4962f6,sao paulo,SP,costruction_tools_tools,2,0.0,0.0,5.32
2a261b5b644fa05f4f2700eb93544f2c,porto ferreira,SP,furniture_decor,47,19.15,2.13,1.33
2a50b7ee5aebecc6fd0ff9784a4747d6,brasilia,DF,construction_tools_construction,1,100.0,0.0,1.8
2a5b78b41cd05baeac8df54c6606b92c,formiga,MG,health_beauty,46,4.35,0.0,1.2
2a61c271b1ac763450d846849783e922,santo andre,SP,cool_stuff,1,0.0,0.0,1.28
2a61c271b1ac763450d846849783e922,santo andre,SP,health_beauty,16,18.75,0.0,1.2
2a6fbeaa7ab9e5d59a35841a8da71ce4,jaragua do sul,SC,art,7,28.57,0.0,1.59
2a6fbeaa7ab9e5d59a35841a8da71ce4,jaragua do sul,SC,market_place,6,0.0,16.67,1.5
2a6fbeaa7ab9e5d59a35841a8da71ce4,jaragua do sul,SC,small_appliances,15,13.33,0.0,1.5
2a73cba571d90c694b7caca072ccf6ce,sao caetano do sul,SP,furniture_decor,1,0.0,0.0,1.33
2a7c6c0b0d5efde2bf75ec1e1cec2d41,maringa,PR,furniture_decor,3,33.33,0.0,1.33
2a7dc43cecabf23403078e2188437d1d,sao paulo,SP,furniture_decor,11,27.27,0.0,1.33
2a7dc43cecabf23403078e2188437d1d,sao paulo,SP,health_beauty,7,0.0,0.0,1.2
2a7dc43cecabf23403078e2188437d1d,sao paulo,SP,housewares,10,0.0,0.0,1.64
2a7dc43cecabf23403078e2188437d1d,sao paulo,SP,sports_leisure,10,20.0,0.0,1.2
2a7dc43cecabf23403078e2188437d1d,sao paulo,SP,toys,6,0.0,0.0,1.49
2a84855fd20af891be03bc5924d2b453,belo horizonte,MG,auto,1,100.0,0.0,1.48
2a84855fd20af891be03bc5924d2b453,belo horizonte,MG,cool_stuff,23,13.04,4.35,1.28
2a84855fd20af891be03bc5924d2b453,belo horizonte,MG,health_beauty,28,10.71,0.0,1.2
2a84855fd20af891be03bc5924d2b453,belo horizonte,MG,housewares,12,0.0,0.0,1.64
2a84855fd20af891be03bc5924d2b453,belo horizonte,MG,kitchen_dining_laundry_garden_furniture,1,0.0,0.0,1.69
2a84855fd20af891be03bc5924d2b453,belo horizonte,MG,luggage_accessories,24,0.0,0.0,0.9
2a84855fd20af891be03bc5924d2b453,belo horizonte,MG,perfumery,1,0.0,0.0,0.72
2a84855fd20af891be03bc5924d2b453,belo horizonte,MG,stationery,62,8.06,3.23,1.34
2aa3443d7bf9d9bb11133f420d75e083,rio de janeiro,RJ,garden_tools,1,0.0,0.0,1.15
2aa3443d7bf9d9bb11133f420d75e083,rio de janeiro,RJ,housewares,2,100.0,100.0,1.64
2aa3443d7bf9d9bb11133f420d75e083,rio de janeiro,RJ,sports_leisure,7,28.57,14.29,1.2
2aafae69bf4c41fbd94053d9413e87ee,porto alegre,RS,stationery,2,0.0,0.0,1.34
2addf05f476d0637864454e93ba673d5,brasilia,DF,computers_accessories,12,0.0,0.0,1.89
2b03ac196f5ed62ac483960fe0fa3b65,sao paulo,SP,health_beauty,4,0.0,0.0,1.2
2b03ac196f5ed62ac483960fe0fa3b65,sao paulo,SP,sports_leisure,3,33.33,0.0,1.2
2b1a40c1daabc6ca280c4b815c101841,divinopolis,MG,auto,22,18.18,0.0,1.48
2b2fed75b8e5ea3a052fc4c0825da485,juiz de fora,MG,toys,3,0.0,0.0,1.49
2b3b9ce054da76a7428df143a567b156,sao paulo,SP,furniture_decor,5,20.0,0.0,1.33
2b3e4a2a3ea8e01938cabda2a3e5cc79,sao paulo,SP,computers_accessories,51,5.88,1.96,1.89
2b402d5dc42554061f8ea98d1916f148,irece,BA,toys,1,0.0,0.0,1.49
2b5ed0c9139dae8883a200dfcb272ece,sao paulo,SP,stationery,4,0.0,0.0,1.34
2ba91c7ad80ff88b23b7db823b43c233,itu,SP,health_beauty,1,0.0,0.0,1.2
2ba91c7ad80ff88b23b7db823b43c233,itu,SP,pet_shop,5,20.0,0.0,1.67
2bd05d410a8fd26dc4184a15f4f2f588,belo horizonte,MG,cool_stuff,3,0.0,0.0,1.28
2bd05d410a8fd26dc4184a15f4f2f588,belo horizonte,MG,small_appliances,2,0.0,0.0,1.5
2bdb95a56a36ebbc6640337ac5eac174,sao paulo,SP,health_beauty,1,0.0,0.0,1.2
2be17df1c49978426251562096c3cc09,tubarao,SC,fashion_bags_accessories,14,7.14,0.0,1.11
2be17df1c49978426251562096c3cc09,tubarao,SC,toys,1,0.0,0.0,1.49
2bf28e311bba65237358230cabac3f15,londrina,PR,costruction_tools_garden,5,40.0,20.0,1.09
2bf28e311bba65237358230cabac3f15,londrina,PR,housewares,1,0.0,0.0,1.64
2bf28e311bba65237358230cabac3f15,londrina,PR,kitchen_dining_laundry_garden_furniture,1,0.0,0.0,1.69
2bf6a2c1e71bbd29a4ad64e6d3c3629f,nova friburgo,RJ,electronics,1,0.0,0.0,1.53
2bf6a2c1e71bbd29a4ad64e6d3c3629f,nova friburgo,RJ,watches_gifts,29,13.79,6.9,2.06
2c00c85d30361cd2ced2969cffbbffa3,belo horizonte,MG,baby,1,0.0,0.0,1.71
2c2c9832d1bb38c5b0034a3b47d313ee,santa maria,RS,perfumery,1,0.0,0.0,0.72
2c3d56f92f360fb89d849b84e8f50eae,barueri,SP,auto,1,0.0,0.0,1.48
2c3d56f92f360fb89d849b84e8f50eae,barueri,SP,consoles_games,2,100.0,0.0,1.09
2c3d56f92f360fb89d849b84e8f50eae,barueri,SP,health_beauty,3,33.33,0.0,1.2
2c43fb513632d29b3b58df74816f1b06,belo horizonte,MG,garden_tools,1,100.0,0.0,1.15
2c43fb513632d29b3b58df74816f1b06,belo horizonte,MG,pet_shop,2,0.0,0.0,1.67
2c4c47cb51acd5ea5db5e0ae0e26542a,buritama,SP,pet_shop,12,0.0,0.0,1.67
2c538755f1ca9540af144f266e70df6c,castro pires,MG,auto,1,0.0,0.0,1.48
2c54051840f19eca309a5423cf22df36,curitiba,PR,sports_leisure,2,0.0,0.0,1.2
2c9005d8043aff18b8557ffb7b13cda4,cachoeiro de itapemirim,ES,furniture_decor,1,0.0,0.0,1.33
2c9e548be18521d1c43cde1c582c6de8,mogi das cruzes,SP,auto,1,0.0,0.0,1.48
2c9e548be18521d1c43cde1c582c6de8,mogi das cruzes,SP,party_supplies,1,0.0,0.0,0.0
2c9e548be18521d1c43cde1c582c6de8,mogi das cruzes,SP,signaling_and_security,3,0.0,0.0,2.92
2c9e548be18521d1c43cde1c582c6de8,mogi das cruzes,SP,stationery,95,15.79,2.11,1.34
2c9e548be18521d1c43cde1c582c6de8,mogi das cruzes,SP,toys,22,4.55,0.0,1.49
2cb4700db635baa1c0d4f90ed27b6669,curitiba,PR,baby,2,50.0,0.0,1.71
2cb6eb1b7185064167657fa09f541105,sabara,MG,arts_and_craftmanship,1,0.0,0.0,9.09
2cb6eb1b7185064167657fa09f541105,sabara,MG,christmas_supplies,1,0.0,0.0,1.63
2cb6eb1b7185064167657fa09f541105,sabara,MG,furniture_decor,2,0.0,0.0,1.33
2cb6eb1b7185064167657fa09f541105,sabara,MG,stationery,2,0.0,0.0,1.34
2cb98e27ce1c18abdb42209b34c382a7,ribeirao preto,SP,auto,1,0.0,0.0,1.48
2d20f1cd18725c91147da0791d498022,londrina,PR,housewares,1,0.0,0.0,1.64
2d22fc3089eb907b29ebff50581fb472,macae,RJ,home_construction,3,0.0,0.0,1.08
2d2322d842118867781fc737e96d59a1,sao paulo,SP,health_beauty,8,0.0,0.0,1.2
2d2c62bef4c8ba0dd74e0e228e808539,ribeirao preto,SP,cool_stuff,5,20.0,0.0,1.28
2d2c62bef4c8ba0dd74e0e228e808539,ribeirao preto,SP,fashion_bags_accessories,1,0.0,0.0,1.11
2d2c62bef4c8ba0dd74e0e228e808539,ribeirao preto,SP,small_appliances,7,28.57,14.29,1.5
2d2c62bef4c8ba0dd74e0e228e808539,ribeirao preto,SP,small_appliances_home_oven_and_coffee,3,0.0,0.0,2.78
2d34636518ba88f5349b732fcf8ba2e4,sao paulo,SP,music,1,0.0,0.0,2.7
2d378dbb39815785238c0139c7647fb7,sao francisco do sul,SC,furniture_living_room,2,0.0,0.0,1.24
2d42ebcda99fd55f6f4bc2f1ca035d50,uruacu,GO,home_appliances,2,0.0,0.0,1.08
2d42ebcda99fd55f6f4bc2f1ca035d50,uruacu,GO,small_appliances,8,12.5,0.0,1.5
2d50d6282f8aa2257819a77bfaa0efe0,ibitinga,SP,baby,15,13.33,0.0,1.71
2d50d6282f8aa2257819a77bfaa0efe0,ibitinga,SP,bed_bath_table,26,23.08,7.69,1.51
2d50d6282f8aa2257819a77bfaa0efe0,ibitinga,SP,furniture_decor,1,0.0,0.0,1.33
2d518637f53161b973e01f56ea4bb88e,sao paulo,SP,sports_leisure,13,0.0,0.0,1.2
2d8cfba3fcd3170555941605edaa196a,osasco,SP,books_technical,1,0.0,0.0,0.79
2d9e8987a2ea5cf88dce330249043ff1,jaci,SP,furniture_living_room,2,0.0,0.0,1.24
2dcf93836ae3ce0d7c93e2f10876467a,sao jose dos campos,SP,health_beauty,2,50.0,0.0,1.2
2dcf93836ae3ce0d7c93e2f10876467a,sao jose dos campos,SP,housewares,7,0.0,0.0,1.64
2dd1fb6f0e42a2243b8a01e40cd41216,curitiba,PR,sports_leisure,3,33.33,0.0,1.2
2dee2ce60de9709b1a24083217181a1f,sinop,MT,perfumery,54,5.56,0.0,0.72
2e0dba2da448400b1c11d7b4b22f32a4,santo andre,SP,auto,7,42.86,0.0,1.48
2e13c71026e1a39ba5cc1b86dcb679aa,sao paulo,SP,sports_leisure,24,12.5,0.0,1.2
2e1a7d075abe038c1b2743005fe42ff1,sao paulo,SP,health_beauty,14,14.29,0.0,1.2
2e1a7d075abe038c1b2743005fe42ff1,sao paulo,SP,perfumery,3,0.0,0.0,0.72
2e1c9f22be269ef4643f826c9e650a52,sao paulo,SP,auto,2,50.0,0.0,1.48
2e1c9f22be269ef4643f826c9e650a52,sao paulo,SP,health_beauty,95,12.63,2.11,1.2
2e1c9f22be269ef4643f826c9e650a52,sao paulo,SP,sports_leisure,62,6.45,0.0,1.2
2e3be8a987a30d7544dbbda6861cc14e,belo horizonte,MG,computers_accessories,14,14.29,7.14,1.89
2e7ea2aafec5835e781b21d6d1faf1f1,sao paulo,SP,health_beauty,6,0.0,0.0,1.2
2e90cb1677d35cfe24eef47d441b7c87,sao paulo,SP,cool_stuff,31,9.68,3.23,1.28
2e90cb1677d35cfe24eef47d441b7c87,sao paulo,SP,electronics,81,17.28,0.0,1.53
2e90cb1677d35cfe24eef47d441b7c87,sao paulo,SP,pet_shop,14,7.14,0.0,1.67
2ea0861cc19e94cad86438c984c52da4,sao paulo,SP,arts_and_craftmanship,1,100.0,0.0,9.09
2ea0861cc19e94cad86438c984c52da4,sao paulo,SP,auto,1,0.0,0.0,1.48
2ea0861cc19e94cad86438c984c52da4,sao paulo,SP,garden_tools,1,0.0,0.0,1.15
2ea0861cc19e94cad86438c984c52da4,sao paulo,SP,housewares,2,0.0,0.0,1.64
2ea0861cc19e94cad86438c984c52da4,sao paulo,SP,sports_leisure,1,0.0,0.0,1.2
2eb70248d66e0e3ef83659f71b244378,campinas,SP,baby,5,20.0,0.0,1.71
2eb70248d66e0e3ef83659f71b244378,campinas,SP,computers_accessories,56,60.71,14.29,1.89
2eb70248d66e0e3ef83659f71b244378,campinas,SP,consoles_games,5,40.0,0.0,1.09
2eb70248d66e0e3ef83659f71b244378,campinas,SP,cool_stuff,1,0.0,0.0,1.28
2eb70248d66e0e3ef83659f71b244378,campinas,SP,electronics,1,100.0,0.0,1.53
2eb70248d66e0e3ef83659f71b244378,campinas,SP,food_drink,1,0.0,0.0,0.0
2eb70248d66e0e3ef83659f71b244378,campinas,SP,health_beauty,1,100.0,100.0,1.2
2eb70248d66e0e3ef83659f71b244378,campinas,SP,sports_leisure,1,0.0,0.0,1.2
2eb70248d66e0e3ef83659f71b244378,campinas,SP,telephony,2,50.0,0.0,1.85
2eb70248d66e0e3ef83659f71b244378,campinas,SP,watches_gifts,108,43.52,8.33,2.06
2ec6e37d992a95eaddb3369dcbcc76d9,porto alegre,RS,housewares,1,100.0,0.0,1.64
2ee0a0689f2f6a72f35a7cb6033f6e7e,presidente prudente,SP,fashion_bags_accessories,4,0.0,0.0,1.11
2eeb6531ee027a48d401e72bebdd87d3,sao jose dos campos,SP,perfumery,3,0.0,0.0,0.72
2ef086a599b597572aca4433b7ed6b3d,jaragua do sul,SC,health_beauty,1,0.0,0.0,1.2
2f09f7d37a97956d11cc1a7cadd5262b,ribeirao preto,SP,sports_leisure,4,25.0,0.0,1.2
2f1e7b90e01d9f086cbcb301c0c3d406,blumenau,SC,construction_tools_construction,1,0.0,0.0,1.8
2f4b0d3b9634b647d4edee577d7ebb7e,sao paulo,SP,perfumery,9,0.0,0.0,0.72
2f4b9d112bfa44a214bc6cef085d17c8,afonso claudio,ES,computers_accessories,2,0.0,0.0,1.89
2f4b9d112bfa44a214bc6cef085d17c8,afonso claudio,ES,furniture_decor,1,0.0,0.0,1.33
2f4b9d112bfa44a214bc6cef085d17c8,afonso claudio,ES,small_appliances,2,0.0,0.0,1.5
2f73e04d12cdf0c945ded66bb3fcf6c7,cachoeiro de itapemirim,ES,garden_tools,3,33.33,33.33,1.15
2f74af7a0ee5636f12c2336f9fffed47,sao paulo,SP,furniture_decor,1,0.0,0.0,1.33
2f74af7a0ee5636f12c2336f9fffed47,sao paulo,SP,housewares,1,0.0,0.0,1.64
2f74af7a0ee5636f12c2336f9fffed47,sao paulo,SP,sports_leisure,11,9.09,0.0,1.2
2f9b7ce230a057a98a9f5df5893ee36c,barueri,SP,housewares,2,0.0,0.0,1.64
2fa13c8bd5705d279f7ed5cc9ec61c68,sao paulo,SP,health_beauty,1,0.0,0.0,1.2
2fa13c8bd5705d279f7ed5cc9ec61c68,sao paulo,SP,perfumery,1,0.0,0.0,0.72
2fb25ab44bdbeae6a4d816e0d0c9d500,volta redonda,RJ,health_beauty,1,0.0,0.0,1.2
2fb25ab44bdbeae6a4d816e0d0c9d500,volta redonda,RJ,small_appliances,4,0.0,0.0,1.5
2fdde51ad3e12f297da656d4fbd5d0b5,joinville,SC,auto,2,0.0,0.0,1.48
2fdde51ad3e12f297da656d4fbd5d0b5,joinville,SC,garden_tools,7,0.0,0.0,1.15
2ff6b7bff164ef05590a52734e1296da,londrina,PR,industry_commerce_and_business,2,0.0,0.0,1.33
2ff6b7bff164ef05590a52734e1296da,londrina,PR,musical_instruments,1,0.0,0.0,1.83
2ff6b7bff164ef05590a52734e1296da,londrina,PR,sports_leisure,2,0.0,0.0,1.2
2ff6b7bff164ef05590a52734e1296da,londrina,PR,stationery,2,0.0,0.0,1.34
2ff97219cb8622eaf3cd89b7d9c09824,salto,SP,baby,1,0.0,0.0,1.71
2ff97219cb8622eaf3cd89b7d9c09824,salto,SP,bed_bath_table,2,0.0,0.0,1.51
2ff97219cb8622eaf3cd89b7d9c09824,salto,SP,christmas_supplies,1,0.0,0.0,1.63
2ff97219cb8622eaf3cd89b7d9c09824,salto,SP,cine_photo,1,0.0,0.0,1.59
2ff97219cb8622eaf3cd89b7d9c09824,salto,SP,cool_stuff,5,0.0,0.0,1.28
2ff97219cb8622eaf3cd89b7d9c09824,salto,SP,furniture_living_room,1,0.0,0.0,1.24
2ff97219cb8622eaf3cd89b7d9c09824,salto,SP,health_beauty,8,0.0,0.0,1.2
2ff97219cb8622eaf3cd89b7d9c09824,salto,SP,housewares,36,2.78,0.0,1.64
2ff97219cb8622eaf3cd89b7d9c09824,salto,SP,perfumery,3,33.33,0.0,0.72
2ff97219cb8622eaf3cd89b7d9c09824,salto,SP,pet_shop,6,0.0,0.0,1.67
2ff97219cb8622eaf3cd89b7d9c09824,salto,SP,sports_leisure,10,0.0,0.0,1.2
2ff97219cb8622eaf3cd89b7d9c09824,salto,SP,stationery,2,0.0,0.0,1.34
2ff97219cb8622eaf3cd89b7d9c09824,salto,SP,toys,9,11.11,0.0,1.49
2ff97219cb8622eaf3cd89b7d9c09824,salto,SP,watches_gifts,1,0.0,0.0,2.06
3076499bbc033a927bf4a8a41bcf7fd4,auriflama,SP,furniture_decor,5,20.0,0.0,1.33
3076499bbc033a927bf4a8a41bcf7fd4,auriflama,SP,stationery,1,0.0,0.0,1.34
3078096983cf766a32a06257648502d1,scao jose do rio pardo,SP,bed_bath_table,1,0.0,0.0,1.51
3078096983cf766a32a06257648502d1,scao jose do rio pardo,SP,cool_stuff,5,0.0,0.0,1.28
3078096983cf766a32a06257648502d1,scao jose do rio pardo,SP,furniture_decor,3,33.33,0.0,1.33
3078096983cf766a32a06257648502d1,scao jose do rio pardo,SP,health_beauty,9,0.0,0.0,1.2
3078096983cf766a32a06257648502d1,scao jose do rio pardo,SP,housewares,10,20.0,10.0,1.64
3078096983cf766a32a06257648502d1,scao jose do rio pardo,SP,la_cuisine,1,0.0,0.0,0.0
3078096983cf766a32a06257648502d1,scao jose do rio pardo,SP,small_appliances,1,0.0,0.0,1.5
3078096983cf766a32a06257648502d1,scao jose do rio pardo,SP,sports_leisure,1,0.0,0.0,1.2
3078096983cf766a32a06257648502d1,scao jose do rio pardo,SP,toys,22,9.09,0.0,1.49
30829ded4523ab9224b93bc49a62c95f,parai,RS,computers_accessories,18,22.22,5.56,1.89
3092c0b297aacfb4bb6e056ebe13b9b8,aruja,SP,computers_accessories,3,0.0,0.0,1.89
3092c0b297aacfb4bb6e056ebe13b9b8,aruja,SP,cool_stuff,1,0.0,0.0,1.28
3092c0b297aacfb4bb6e056ebe13b9b8,aruja,SP,housewares,6,0.0,16.67,1.64
3092c0b297aacfb4bb6e056ebe13b9b8,aruja,SP,pet_shop,3,0.0,0.0,1.67
3092c0b297aacfb4bb6e056ebe13b9b8,aruja,SP,stationery,1,0.0,0.0,1.34
30a2f535bb48308f991d0b9ad4a8c4bb,santa barbara d'oeste,SP,furniture_decor,68,8.82,0.0,1.33
30a81d8cf85fb2ada1b1b094c9583a95,sao paulo,SP,pet_shop,17,0.0,0.0,1.67
30c7f28fd3a5897b2c82d152bb760c17,niteroi,RJ,home_appliances_2,1,100.0,0.0,4.0
30c7f28fd3a5897b2c82d152bb760c17,niteroi,RJ,small_appliances,2,50.0,0.0,1.5
30c7f28fd3a5897b2c82d152bb760c17,niteroi,RJ,toys,2,100.0,0.0,1.49
312ba1d77e9c332ef21f9598b7f64cd7,guarulhos,SP,baby,1,100.0,0.0,1.71
312ba1d77e9c332ef21f9598b7f64cd7,guarulhos,SP,toys,6,33.33,0.0,1.49
31344c16881c08a8a72c6d2eb29918c1,uba,MG,furniture_decor,42,9.52,2.38,1.33
31561f325664a8a7aba4c8d0c3a9b3db,sao paulo,SP,auto,34,2.94,0.0,1.48
31561f325664a8a7aba4c8d0c3a9b3db,sao paulo,SP,housewares,2,0.0,0.0,1.64
318f287a62ab7ac10b703ac37435a231,sao paulo,SP,bed_bath_table,22,18.18,4.55,1.51
318f287a62ab7ac10b703ac37435a231,sao paulo,SP,sports_leisure,29,20.69,0.0,1.2
31ae0774c17fabd06ff707cc5bde005f,americana,SP,agro_industry_and_commerce,7,14.29,0.0,3.39
31ae0774c17fabd06ff707cc5bde005f,americana,SP,cool_stuff,3,33.33,0.0,1.28
31ae0774c17fabd06ff707cc5bde005f,americana,SP,industry_commerce_and_business,1,0.0,0.0,1.33
31be790e64fc99f8ff48ec2bd18a3104,sao bernardo do campo,SP,housewares,6,0.0,0.0,1.64
31da954dc0855f2495c6310f70a2f931,araras,SP,health_beauty,18,5.56,0.0,1.2
31da954dc0855f2495c6310f70a2f931,araras,SP,small_appliances,10,10.0,0.0,1.5
31e60bf8d103ce47932a85f5562deb16,goiania,GO,luggage_accessories,1,0.0,0.0,0.9
31eec405c9bb71dec8e2629a92e764fa,cachoeiro de itapemirim,ES,auto,1,0.0,0.0,1.48
31eec405c9bb71dec8e2629a92e764fa,cachoeiro de itapemirim,ES,construction_tools_construction,1,0.0,0.0,1.8
31eec405c9bb71dec8e2629a92e764fa,cachoeiro de itapemirim,ES,electronics,1,0.0,0.0,1.53
31eec405c9bb71dec8e2629a92e764fa,cachoeiro de itapemirim,ES,food,1,0.0,0.0,0.7
31eec405c9bb71dec8e2629a92e764fa,cachoeiro de itapemirim,ES,home_construction,1,0.0,0.0,1.08
323ce52b5b81df2cd804b017b7f09aa7,sao paulo,SP,stationery,26,7.69,0.0,1.34
324583d68897f5ddbaf38f6248322176,sao jose do rio preto,SP,furniture_decor,2,100.0,0.0,1.33
325f3178fb58e2a9778334621eecdbf9,taboao da serra,SP,health_beauty,10,10.0,0.0,1.2
325f3178fb58e2a9778334621eecdbf9,taboao da serra,SP,perfumery,14,0.0,0.0,0.72
327b89b872c14d1c0be7235ef4871685,manaus,AM,telephony,3,66.67,0.0,1.85
3289d8c3eef4873f91ce0b1343c0dd58,praia grande,SP,sports_leisure,1,0.0,0.0,1.2
328acb143b4a73aad6bee8e734f5d20d,foz do iguacu,PR,computers_accessories,1,0.0,0.0,1.89
328acb143b4a73aad6bee8e734f5d20d,foz do iguacu,PR,consoles_games,1,0.0,0.0,1.09
3296662b1331dea51e744505065ae889,catanduva,SP,portateis_cozinha_e_preparadores_de_alimentos,1,0.0,0.0,7.69
32b8764b4ef628b53608fc34011fcc13,lages,SC,housewares,35,5.71,0.0,1.64
32e5635e63cb374eb63afdd242fb6134,rio de janeiro,RJ,small_appliances,1,0.0,0.0,1.5
32f1bb9dfa65bc7df5c0d9d95a616be4,sao paulo,SP,baby,1,0.0,0.0,1.71
32f1bb9dfa65bc7df5c0d9d95a616be4,sao paulo,SP,cool_stuff,1,0.0,0.0,1.28
32f1bb9dfa65bc7df5c0d9d95a616be4,sao paulo,SP,housewares,2,50.0,50.0,1.64
32f83ffe11cd40f7adcf4eef171f52d9,uruguaiana,RS,health_beauty,1,0.0,0.0,1.2
32fdd5d44ecb43dfd6a24b9369eca144,carmo do cajuru,MG,stationery,5,0.0,0.0,1.34
333c4210e76a1aa2ab817b99437e3ff1,vargem grande do sul,SP,auto,2,0.0,0.0,1.48
3340ef1913fb70d28420f6ceb685c339,maringa,PR,computers_accessories,30,6.67,0.0,1.89
334cab711dee080b079fa5779b584783,santo andre,SP,furniture_decor,11,0.0,0.0,1.33
33576ec5412fb5905d876f12f33bfde6,curitiba,PR,fashion_bags_accessories,31,9.68,0.0,1.11
3361277dc30b7cccdb0c286b24219756,maringa,PR,costruction_tools_garden,3,0.0,33.33,1.09
3361277dc30b7cccdb0c286b24219756,maringa,PR,housewares,4,25.0,0.0,1.64
3361277dc30b7cccdb0c286b24219756,maringa,PR,pet_shop,22,4.55,4.55,1.67
3364a91ec4d56c98e44174de954b94f6,porto velho,RO,auto,5,40.0,0.0,1.48
33a17d60c64393351ebf1ef860f4e0f2,porto alegre,RS,housewares,42,2.38,2.38,1.64
33a6f4b1e7cdc205511e76ba1b6e0186,guarulhos,SP,baby,10,0.0,0.0,1.71
33a6f4b1e7cdc205511e76ba1b6e0186,guarulhos,SP,bed_bath_table,92,7.61,1.09,1.51
33ab10be054370c254ddfcf0a6253422,rio de janeiro,RJ,health_beauty,4,0.0,0.0,1.2
33ac3e28642ab8bda860a2f693000e78,cotia,SP,auto,2,50.0,0.0,1.48
33ac3e28642ab8bda860a2f693000e78,cotia,SP,sports_leisure,32,9.38,3.12,1.2
33c51922b6e3c16b24a8f28e5833c99d,londrina,PR,computers_accessories,1,100.0,100.0,1.89
33c51922b6e3c16b24a8f28e5833c99d,londrina,PR,electronics,1,0.0,0.0,1.53
33c51922b6e3c16b24a8f28e5833c99d,londrina,PR,perfumery,13,0.0,0.0,0.72
33c51922b6e3c16b24a8f28e5833c99d,londrina,PR,telephony,2,50.0,50.0,1.85
33cbbec1e7e1044aaf11d152172c776f,bento goncalves,RS,small_appliances,15,0.0,0.0,1.5
33cbda8716511e27e556dff9d8418bf2,blumenau,SC,bed_bath_table,2,0.0,0.0,1.51
33cbda8716511e27e556dff9d8418bf2,blumenau,SC,home_confort,2,0.0,0.0,2.17
33cbda8716511e27e556dff9d8418bf2,blumenau,SC,housewares,1,0.0,0.0,1.64
33d677f27a69b84051204ee4ae76eaca,joinville,SC,food_drink,5,20.0,0.0,0.0
33d677f27a69b84051204ee4ae76eaca,joinville,SC,furniture_decor,2,0.0,0.0,1.33
33d677f27a69b84051204ee4ae76eaca,joinville,SC,housewares,2,0.0,0.0,1.64
33dd941c27854f7625b968cc6195a552,vila velha,ES,housewares,5,20.0,0.0,1.64
33fd411ed63a7c2f9005e3f065d9f85d,condor,RS,health_beauty,1,0.0,0.0,1.2
34056b8b55c1775a22af2331670a799c,penapolis,SP,auto,77,14.29,1.3,1.48
340636a908b13bbe0f4fb63fbe1d0c03,sao jose dos campos,SP,pet_shop,3,0.0,0.0,1.67
343e716476e3748b069f980efbaa294e,campinas,SP,books_general_interest,15,13.33,0.0,0.41
3442033154be05bac582e173ef54fd12,sao paulo,SP,telephony,1,0.0,0.0,1.85
344223b2a90784f64136a8a5da012e7f,gaspar,SC,food_drink,1,100.0,0.0,0.0
3442f8959a84dea7ee197c632cb2df15,campinas,SP,sports_leisure,2,50.0,0.0,1.2
34675b28b826facfde119785bf287dc1,cascavael,PR,auto,1,0.0,0.0,1.48
3481aa57cd91f9f9d3fa1fa12d9a3bf7,capivari,SP,furniture_decor,14,35.71,7.14,1.33
3481aa57cd91f9f9d3fa1fa12d9a3bf7,capivari,SP,garden_tools,2,0.0,0.0,1.15
3492e68f37fd1df87f4f2f2ea247f445,salto,SP,art,1,100.0,0.0,1.59
3492e68f37fd1df87f4f2f2ea247f445,salto,SP,auto,6,16.67,0.0,1.48
3492e68f37fd1df87f4f2f2ea247f445,salto,SP,toys,1,0.0,0.0,1.49
34a557286ead8fe75c989e0afcf7d98c,franca,SP,health_beauty,4,0.0,0.0,1.2
34d1ca11b242c0fee2c834ae8d788566,congonhas,MG,computers_accessories,39,5.13,0.0,1.89
34f563c82a85b99ae9e6d60db5fc2e28,campo bom,RS,air_conditioning,1,0.0,0.0,1.66
34f563c82a85b99ae9e6d60db5fc2e28,campo bom,RS,construction_tools_lights,2,0.0,0.0,0.88
34f563c82a85b99ae9e6d60db5fc2e28,campo bom,RS,musical_instruments,5,0.0,0.0,1.83
3504c0cb71d7fa48d967e0e4c94d59d9,maua,SP,baby,5,20.0,20.0,1.71
3504c0cb71d7fa48d967e0e4c94d59d9,maua,SP,cool_stuff,33,0.0,0.0,1.28
3504c0cb71d7fa48d967e0e4c94d59d9,maua,SP,furniture_decor,2,0.0,0.0,1.33
3504c0cb71d7fa48d967e0e4c94d59d9,maua,SP,housewares,6,0.0,0.0,1.64
3504c0cb71d7fa48d967e0e4c94d59d9,maua,SP,sports_leisure,4,0.0,0.0,1.2
3504c0cb71d7fa48d967e0e4c94d59d9,maua,SP,toys,2,0.0,0.0,1.49
35281d148dcf7134bae913c57db4e6da,sao paulo,SP,housewares,1,0.0,0.0,1.64
353e21e8bf8de2722b4fae1636664b76,canoas,RS,auto,3,33.33,0.0,1.48
35857757f553273b1056c1cabdace7fb,ribeirao preto,SP,auto,6,16.67,0.0,1.48
3586b8580d9c917874e053a1bb37b5ff,araraquara,SP,office_furniture,3,0.0,0.0,3.4
3586b8580d9c917874e053a1bb37b5ff,araraquara,SP,stationery,33,6.06,0.0,1.34
35b96509602ec4b7da831b5cd73ff2c2,sao leopoldo,RS,sports_leisure,2,0.0,0.0,1.2
35ef5aa32949680f627efec3c23e705c,sombrio,SC,musical_instruments,3,0.0,0.0,1.83
35fb511489d9ee3ee27a76debce9df06,londrina,PR,pet_shop,7,14.29,0.0,1.67
3606774ec64634822d78dc2db6d37045,sao caetano do sul,SP,garden_tools,1,0.0,0.0,1.15
365e445f796710c3431557e85caa25db,sao paulo,SP,cool_stuff,1,0.0,0.0,1.28
365e4bce19bda0082c3d15d83fdb8bcd,sao caetano do sul,SP,bed_bath_table,1,0.0,0.0,1.51
365e4bce19bda0082c3d15d83fdb8bcd,sao caetano do sul,SP,sports_leisure,5,0.0,0.0,1.2
36890be00bbfc1cdb9a4a38a6af05a69,osasco,SP,auto,1,0.0,0.0,1.48
36890be00bbfc1cdb9a4a38a6af05a69,osasco,SP,baby,8,25.0,0.0,1.71
36890be00bbfc1cdb9a4a38a6af05a69,osasco,SP,toys,4,0.0,0.0,1.49
36a968b544695394e4e9d7572688598f,santos,SP,auto,17,5.88,0.0,1.48
36a968b544695394e4e9d7572688598f,santos,SP,computers_accessories,76,27.63,2.63,1.89
36a968b544695394e4e9d7572688598f,santos,SP,consoles_games,1,100.0,0.0,1.09
36a968b544695394e4e9d7572688598f,santos,SP,cool_stuff,5,20.0,0.0,1.28
36a968b544695394e4e9d7572688598f,santos,SP,furniture_decor,1,0.0,100.0,1.33
36a968b544695394e4e9d7572688598f,santos,SP,garden_tools,1,0.0,0.0,1.15
36a968b544695394e4e9d7572688598f,santos,SP,health_beauty,30,6.67,0.0,1.2
36a968b544695394e4e9d7572688598f,santos,SP,musical_instruments,5,80.0,20.0,1.83
36a968b544695394e4e9d7572688598f,santos,SP,tablets_printing_image,3,0.0,0.0,1.33
36a968b544695394e4e9d7572688598f,santos,SP,telephony,7,14.29,0.0,1.85
36f98ad67cc981f50ce8aed093d5783c,toledo,PR,electronics,2,0.0,0.0,1.53
37303482a42fb700d8d127e70a9cd6c8,campinas,SP,toys,1,0.0,0.0,1.49
373ee4a3a775a733770ca3f790b8b9ac,rio de janeiro,RJ,cool_stuff,3,66.67,0.0,1.28
373ee4a3a775a733770ca3f790b8b9ac,rio de janeiro,RJ,furniture_decor,2,0.0,0.0,1.33
373ee4a3a775a733770ca3f790b8b9ac,rio de janeiro,RJ,home_construction,1,0.0,0.0,1.08
373ee4a3a775a733770ca3f790b8b9ac,rio de janeiro,RJ,sports_leisure,6,16.67,0.0,1.2
373ee4a3a775a733770ca3f790b8b9ac,rio de janeiro,RJ,toys,1,0.0,0.0,1.49
37515688008a7a40ac93e3b2e4ab203f,dracena,SP,consoles_games,219,10.05,0.0,1.09
37515688008a7a40ac93e3b2e4ab203f,dracena,SP,home_appliances,1,0.0,0.0,1.08
376a891762bbdecbc02b4b6adec3fdda,goiania,GO,audio,1,0.0,0.0,3.23
376a891762bbdecbc02b4b6adec3fdda,goiania,GO,auto,1,0.0,0.0,1.48
376a891762bbdecbc02b4b6adec3fdda,goiania,GO,computers_accessories,1,0.0,0.0,1.89
376a891762bbdecbc02b4b6adec3fdda,goiania,GO,cool_stuff,3,0.0,0.0,1.28
376a891762bbdecbc02b4b6adec3fdda,goiania,GO,sports_leisure,51,1.96,0.0,1.2
376d67b61dce0c990155286e7ae486a4,sao paulo,SP,health_beauty,1,0.0,0.0,1.2
3771c85bac139d2344864ede5d9341e3,sorocaba,SP,bed_bath_table,8,0.0,0.0,1.51
377bc18334c78dd2f1535ef22a3ad225,sao jose dos pinhais,PR,garden_tools,1,0.0,0.0,1.15
3785b653b1b82de85ab47dd139938091,ampere,PR,housewares,21,0.0,0.0,1.64
37be5a7c751166fbc5f8ccba4119e043,sao paulo,SP,bed_bath_table,262,8.78,0.76,1.51
37be5a7c751166fbc5f8ccba4119e043,sao paulo,SP,perfumery,4,25.0,0.0,0.72
37dd29b36c458d82f74a953c40c43645,limeira,SP,home_construction,7,28.57,0.0,1.08
38102b031c2a15e54623d711bfc753d3,mucambo,CE,bed_bath_table,1,0.0,0.0,1.51
38102b031c2a15e54623d711bfc753d3,mucambo,CE,furniture_decor,4,0.0,0.0,1.33
38102b031c2a15e54623d711bfc753d3,mucambo,CE,housewares,2,0.0,0.0,1.64
381c83fdca332ea6afd896da20bf6e4a,curitiba,PR,electronics,3,0.0,0.0,1.53
381c83fdca332ea6afd896da20bf6e4a,curitiba,PR,watches_gifts,43,9.3,2.33,2.06
382229d1e840115ffe3dbf5ff460e417,rio de janeiro,RJ,art,1,0.0,0.0,1.59
382229d1e840115ffe3dbf5ff460e417,rio de janeiro,RJ,baby,1,0.0,0.0,1.71
382229d1e840115ffe3dbf5ff460e417,rio de janeiro,RJ,garden_tools,2,0.0,0.0,1.15
382229d1e840115ffe3dbf5ff460e417,rio de janeiro,RJ,health_beauty,9,22.22,0.0,1.2
382229d1e840115ffe3dbf5ff460e417,rio de janeiro,RJ,housewares,12,0.0,0.0,1.64
382229d1e840115ffe3dbf5ff460e417,rio de janeiro,RJ,perfumery,2,0.0,0.0,0.72
382229d1e840115ffe3dbf5ff460e417,rio de janeiro,RJ,pet_shop,10,10.0,0.0,1.67
382229d1e840115ffe3dbf5ff460e417,rio de janeiro,RJ,sports_leisure,5,40.0,0.0,1.2
382229d1e840115ffe3dbf5ff460e417,rio de janeiro,RJ,toys,2,0.0,0.0,1.49
385799a1cddbd26dfeb9157356a42282,sao paulo,SP,sports_leisure,4,0.0,0.0,1.2
38874e327ce94d11390b96eb42d61928,itaquaquecetuba,SP,office_furniture,6,0.0,0.0,3.4
389e45560e33d2d0747f949dcddbc08e,sao jose dos campos,SP,auto,1,0.0,0.0,1.48
38af8acfd46ac4a7bf754e8ca6736664,sao paulo,SP,cool_stuff,5,0.0,0.0,1.28
38e679b9e0064cd94c6f035707344dae,londrina,PR,housewares,11,9.09,0.0,1.64
38e679b9e0064cd94c6f035707344dae,londrina,PR,sports_leisure,15,20.0,6.67,1.2
38e6dada03429a47197d5d584d793b41,sao paulo,SP,stationery,2,0.0,0.0,1.34
3903c788ded8dc03b5ebab37a2f3e9a1,carapicuiba,SP,health_beauty,2,0.0,0.0,1.2
3903c788ded8dc03b5ebab37a2f3e9a1,carapicuiba,SP,housewares,2,0.0,0.0,1.64
391bbd13b6452244774beff1824006ed,campinas,SP,sports_leisure,1,100.0,100.0,1.2
391fc6631aebcf3004804e51b40bcf1e,ibitinga,SP,bed_bath_table,247,12.55,0.4,1.51
391fc6631aebcf3004804e51b40bcf1e,ibitinga,SP,furniture_decor,255,16.86,1.18,1.33
392353362d22cc2c236e1ee81ff19890,blumenau,SC,construction_tools_construction,4,0.0,0.0,1.8
392353362d22cc2c236e1ee81ff19890,blumenau,SC,home_construction,1,0.0,0.0,1.08
392e0502231ae2f8b29994ef6398cd77,cerqueira cesar,SP,health_beauty,17,5.88,0.0,1.2
392f7f2c797e4dc077e4311bde2ab8ce,rio de janeiro,RN,auto,2,0.0,0.0,1.48
3935fe5fe0f82787a9dcb8deb62be09d,sao paulo,SP,auto,1,0.0,0.0,1.48
3935fe5fe0f82787a9dcb8deb62be09d,sao paulo,SP,computers_accessories,11,9.09,9.09,1.89
3935fe5fe0f82787a9dcb8deb62be09d,sao paulo,SP,construction_tools_construction,4,0.0,0.0,1.8
3968920b9aa752ab98f7d5888c9252f2,bauru,SP,furniture_decor,1,0.0,0.0,1.33
3968920b9aa752ab98f7d5888c9252f2,bauru,SP,housewares,5,0.0,0.0,1.64
3968920b9aa752ab98f7d5888c9252f2,bauru,SP,perfumery,1,100.0,0.0,0.72
3968920b9aa752ab98f7d5888c9252f2,bauru,SP,stationery,1,100.0,0.0,1.34
3969863bb8af7f72580b3b1ffd3a17b3,sao paulo,SP,furniture_living_room,1,0.0,0.0,1.24
3969863bb8af7f72580b3b1ffd3a17b3,sao paulo,SP,garden_tools,2,0.0,0.0,1.15
3969863bb8af7f72580b3b1ffd3a17b3,sao paulo,SP,housewares,3,33.33,0.0,1.64
3969863bb8af7f72580b3b1ffd3a17b3,sao paulo,SP,sports_leisure,6,0.0,0.0,1.2
397c4d0c005b6f41f90098ac724e28cb,santo andre,SP,agro_industry_and_commerce,1,0.0,0.0,3.39
397c4d0c005b6f41f90098ac724e28cb,santo andre,SP,home_appliances,1,0.0,0.0,1.08
397c4d0c005b6f41f90098ac724e28cb,santo andre,SP,housewares,1,0.0,0.0,1.64
397c4d0c005b6f41f90098ac724e28cb,santo andre,SP,small_appliances,2,0.0,0.0,1.5
3985a3c45be355a4c57fde108bfabd1c,rolante,RS,consoles_games,7,14.29,0.0,1.09
3986c0b54f6b748b75e7bd4e092aa3e5,curitiba,PR,perfumery,1,0.0,0.0,0.72
398cb257329ef7af7f1943a8974a3cbc,salvador,BA,drinks,1,0.0,0.0,0.35
39a5005f2605cbdb4f9ac14485cabfd1,barretos,SP,auto,3,0.0,0.0,1.48
39c763cca83e654764b7a4a650fb9b7c,goiania,GO,fashion_bags_accessories,1,0.0,0.0,1.11
39c763cca83e654764b7a4a650fb9b7c,goiania,GO,sports_leisure,10,30.0,10.0,1.2
39d54ff918774174706fb065d7f9dc07,sao paulo,SP,auto,21,19.05,0.0,1.48
39d61be7a92eb77b7da367bd4845bc0e,sao paulo,SP,furniture_decor,7,14.29,0.0,1.33
39f776d2974049026ff531fc42ef2a3e,goiania,GO,construction_tools_safety,3,33.33,0.0,2.61
3a1a1fec38dd360f15fc912e821e169d,sao paulo,SP,auto,14,21.43,0.0,1.48
3a3c180dd702a725bd0ba4117689239e,uniao da vitoria,PR,pet_shop,1,0.0,0.0,1.67
3a3e46d10f74d8a6ca76e2b538f106a0,sao paulo,SP,food_drink,2,0.0,0.0,0.0
3a4127e1ba7208ea37044c5092aae170,sao paulo,SP,telephony,5,20.0,0.0,1.85
3a490ba60afa30ece0e7d50cfe74a4f0,belo horizonte,MG,fashion_bags_accessories,8,0.0,0.0,1.11
3a52d63a8f9daf5a28f3626d7eb9bd28,aguas claras df,SP,sports_leisure,1,100.0,0.0,1.2
3a734b715d333a2588a3d54a0c9b8746,osasco,SP,baby,1,0.0,100.0,1.71
3a734b715d333a2588a3d54a0c9b8746,osasco,SP,consoles_games,1,0.0,0.0,1.09
3a734b715d333a2588a3d54a0c9b8746,osasco,SP,cool_stuff,1,0.0,0.0,1.28
3a734b715d333a2588a3d54a0c9b8746,osasco,SP,electronics,1,0.0,0.0,1.53
3a734b715d333a2588a3d54a0c9b8746,osasco,SP,telephony,7,0.0,0.0,1.85
3a734b715d333a2588a3d54a0c9b8746,osasco,SP,watches_gifts,1,0.0,0.0,2.06
3aa3c89ae3cd482385568be76120f63c,goiania,GO,auto,1,0.0,0.0,1.48
3ab971ce71839580d2ae5b4e40fe8044,sao paulo,SP,housewares,27,14.81,7.41,1.64
3ab971ce71839580d2ae5b4e40fe8044,sao paulo,SP,sports_leisure,7,42.86,14.29,1.2
3ac588cd562971392504a9e17130c40b,limeira,SP,fashion_bags_accessories,1,0.0,0.0,1.11
3ade81dab5a172b88e1871c28ae05260,sao jose do rio preto,SP,furniture_bedroom,25,16.0,0.0,1.12
3ade81dab5a172b88e1871c28ae05260,sao jose do rio preto,SP,furniture_decor,2,0.0,0.0,1.33
3afc536624bc2e65bddfb5db33cc01f3,belo horizonte,MG,electronics,6,33.33,0.0,1.53
3b15288545f8928d3e65a8f949a28291,ibitinga,SP,bed_bath_table,94,11.7,1.06,1.51
3b15288545f8928d3e65a8f949a28291,ibitinga,SP,costruction_tools_garden,1,0.0,0.0,1.09
3b15288545f8928d3e65a8f949a28291,ibitinga,SP,home_comfort_2,2,0.0,0.0,0.0
3b18f9856c6eb2413eafedb58e9eecd9,santo andre,SP,construction_tools_lights,1,0.0,0.0,0.88
3b872fd4747f01cc56206f2934198618,ibitinga,SP,bed_bath_table,25,16.0,4.0,1.51
3bb32fedaa74e4ad20f4ce067733bd31,porto belo,SC,sports_leisure,2,0.0,0.0,1.2
3bb548e3cb7f70f28e3f11ee9dce0e59,maringa,PR,computers_accessories,45,11.11,0.0,1.89
3bdff180c7e1f6551a643b99c265a120,sao paulo,SP,computers_accessories,55,9.09,0.0,1.89
3be5841cdcc46de4ed3f9116f104b2c5,barueri,SP,construction_tools_construction,2,0.0,0.0,1.8
3be5841cdcc46de4ed3f9116f104b2c5,barueri,SP,garden_tools,1,0.0,0.0,1.15
3be5841cdcc46de4ed3f9116f104b2c5,barueri,SP,housewares,1,0.0,0.0,1.64
3be634553519fb6536a03e1358e9fdc7,sao paulo,SP,fashion_bags_accessories,3,66.67,0.0,1.11
3be634553519fb6536a03e1358e9fdc7,sao paulo,SP,furniture_decor,5,20.0,0.0,1.33
3be634553519fb6536a03e1358e9fdc7,sao paulo,SP,furniture_living_room,4,0.0,0.0,1.24
3be634553519fb6536a03e1358e9fdc7,sao paulo,SP,health_beauty,1,0.0,0.0,1.2
3be634553519fb6536a03e1358e9fdc7,sao paulo,SP,housewares,52,15.38,1.92,1.64
3be634553519fb6536a03e1358e9fdc7,sao paulo,SP,sports_leisure,13,7.69,7.69,1.2
3bfba5a77604f6dfae7e6dd7aaf65821,londrina,PR,health_beauty,4,0.0,0.0,1.2
3c010235b7345c92f125d14ee232a76b,mandirituba,PR,pet_shop,15,0.0,0.0,1.67
3c03b12bab54d8b37d79d914bfdb1aa0,sao joao de meriti,RJ,food,3,0.0,0.0,0.7
3c03b12bab54d8b37d79d914bfdb1aa0,sao joao de meriti,RJ,sports_leisure,32,21.88,3.12,1.2
3c3017960b2dbd72711a61f0400aab8f,jaragua do sul,SC,furniture_decor,6,0.0,0.0,1.33
3c3017960b2dbd72711a61f0400aab8f,jaragua do sul,SC,housewares,1,0.0,0.0,1.64
3c487ae8f8d7542beff5788e2e0aea83,gama,DF,fashion_bags_accessories,30,10.0,3.33,1.11
3c4e0452bff7a2a788179488d3d77032,colombo,PR,baby,1,100.0,0.0,1.71
3c4e0452bff7a2a788179488d3d77032,colombo,PR,toys,30,16.67,0.0,1.49
3c7c4a49ec3c6550809089c6a2ca9370,sao paulo,SP,perfumery,136,27.21,2.21,0.72
3c88ed2e76a2247933a15daa7161eb1c,cosmopolis,SP,pet_shop,1,0.0,0.0,1.67
3ca08eeb8d5595949fed424bd3677742,curitiba,PR,toys,13,0.0,7.69,1.49
3cfa1358a6caa965278721344c8d76f2,sao bernardo do campo,SP,construction_tools_construction,2,0.0,0.0,1.8
3cfa1358a6caa965278721344c8d76f2,sao bernardo do campo,SP,home_construction,3,0.0,0.0,1.08
3d01d1c414c44b5943a09619ff3853cb,campinas,SP,baby,4,0.0,0.0,1.71
3d0cd21d41671c46f82cd11176bf7277,joinville,SC,agro_industry_and_commerce,1,0.0,0.0,3.39
3d0cd21d41671c46f82cd11176bf7277,joinville,SC,books_general_interest,4,0.0,0.0,0.41
3d0cd21d41671c46f82cd11176bf7277,joinville,SC,cool_stuff,3,0.0,0.0,1.28
3d2400ac620cffa23ac81bd192f7f555,sao bernardo do campo,SP,costruction_tools_tools,1,0.0,0.0,5.32
3d2531eccfbde1d7c8db7a3a12fb267a,contagem,MG,health_beauty,9,11.11,0.0,1.2
3d290fe363c60a77498c1126fd3fb8d3,itapevi,SP,computers_accessories,3,0.0,0.0,1.89
3d39fbf22a665714baf62fae36029e23,campinas,SP,garden_tools,2,0.0,0.0,1.15
3d39fbf22a665714baf62fae36029e23,campinas,SP,sports_leisure,6,0.0,0.0,1.2
3d3ccf2b2f8134b10dce9dd446f0e075,ibitinga,SP,bed_bath_table,3,33.33,0.0,1.51
3d4824f20035949c710eaf111f869d39,sorocaba,SP,auto,1,100.0,0.0,1.48
3d4824f20035949c710eaf111f869d39,sorocaba,SP,computers_accessories,1,0.0,0.0,1.89
3d4824f20035949c710eaf111f869d39,sorocaba,SP,housewares,1,0.0,0.0,1.64
3d4824f20035949c710eaf111f869d39,sorocaba,SP,music,3,0.0,0.0,2.7
3d49bfdd1b43a7fe169b3740067acc61,montes claros,MG,construction_tools_construction,3,0.0,0.0,1.8
3d4b1ae7539303b5704493798893e82c,sao paulo,SP,computers_accessories,2,0.0,0.0,1.89
3d4b1ae7539303b5704493798893e82c,sao paulo,SP,musical_instruments,4,0.0,0.0,1.83
3d5d0dc7073a299e31fa718ce1bc00b6,rio de janeiro,RJ,health_beauty,13,7.69,0.0,1.2
3d5d0dc7073a299e31fa718ce1bc00b6,rio de janeiro,RJ,housewares,4,25.0,0.0,1.64
3d5d0dc7073a299e31fa718ce1bc00b6,rio de janeiro,RJ,perfumery,1,0.0,0.0,0.72
3d5d0dc7073a299e31fa718ce1bc00b6,rio de janeiro,RJ,small_appliances,2,50.0,0.0,1.5
3d5d0dc7073a299e31fa718ce1bc00b6,rio de janeiro,RJ,sports_leisure,1,0.0,0.0,1.2
3d621842b2ed28e2b474132480edac3c,sao paulo,SP,auto,8,0.0,0.0,1.48
3d62f86afa7c73be2628a3be1423f5a0,jacarei,SP,books_general_interest,2,0.0,0.0,0.41
3d68c634a99a1ba46dbca3967a69c623,nova trento,SC,cool_stuff,2,0.0,0.0,1.28
3d700782d7818f2c1e0d7a9e9d75fc00,sertanopolis,SP,pet_shop,3,33.33,0.0,1.67
3d871de0142ce09b7081e2b9d1733cb1,campo limpo paulista,SP,books_general_interest,1,0.0,0.0,0.41
3d871de0142ce09b7081e2b9d1733cb1,campo limpo paulista,SP,cool_stuff,3,0.0,0.0,1.28
3d871de0142ce09b7081e2b9d1733cb1,campo limpo paulista,SP,luggage_accessories,1,0.0,0.0,0.9
3d871de0142ce09b7081e2b9d1733cb1,campo limpo paulista,SP,stationery,767,10.04,1.56,1.34
3d871de0142ce09b7081e2b9d1733cb1,campo limpo paulista,SP,toys,221,12.22,1.36,1.49
3d871de0142ce09b7081e2b9d1733cb1,campo limpo paulista,SP,watches_gifts,48,4.17,0.0,2.06
3d8fa2f5b647373c8620330c4e077a9f,sao paulo,SP,auto,2,0.0,0.0,1.48
3d8fa2f5b647373c8620330c4e077a9f,sao paulo,SP,baby,1,0.0,0.0,1.71
3d8fa2f5b647373c8620330c4e077a9f,sao paulo,SP,garden_tools,14,14.29,0.0,1.15
3d8fa2f5b647373c8620330c4e077a9f,sao paulo,SP,health_beauty,12,8.33,8.33,1.2
3d8fa2f5b647373c8620330c4e077a9f,sao paulo,SP,housewares,9,22.22,0.0,1.64
3d8fa2f5b647373c8620330c4e077a9f,sao paulo,SP,sports_leisure,3,0.0,0.0,1.2
3da38366e7bd9baf6369071f782ecdf0,fortaleza,CE,auto,1,100.0,0.0,1.48
3db66a856d18a9cba7c9241fc5221c50,ponte nova,MG,auto,42,16.67,4.76,1.48
3db66a856d18a9cba7c9241fc5221c50,ponte nova,MG,furniture_decor,2,0.0,0.0,1.33
3db66a856d18a9cba7c9241fc5221c50,ponte nova,MG,housewares,2,0.0,0.0,1.64
3db66a856d18a9cba7c9241fc5221c50,ponte nova,MG,signaling_and_security,1,0.0,0.0,2.92
3db66a856d18a9cba7c9241fc5221c50,ponte nova,MG,sports_leisure,46,6.52,0.0,1.2
3dbbce181edfaa4a597ec858c382d2ec,curitiba,PR,books_general_interest,13,15.38,0.0,0.41
3dbbce181edfaa4a597ec858c382d2ec,curitiba,PR,stationery,3,0.0,0.0,1.34
3dc69bf2c42f0568a5c4791ec3fd3745,sao paulo,SP,health_beauty,1,0.0,0.0,1.2
3ded4e2d5f135cb103e5949d7263d2dd,pouso alegre,MG,computers_accessories,1,0.0,0.0,1.89
3df020b72d3d44b3af9d110fa3940b65,jales,SP,furniture_decor,54,14.81,1.85,1.33
3dfd3dc96f7f8598eca74e9ac8a2fa31,sao paulo,SP,home_confort,1,0.0,0.0,2.17
3dfd3dc96f7f8598eca74e9ac8a2fa31,sao paulo,SP,housewares,3,33.33,0.0,1.64
3dfd3dc96f7f8598eca74e9ac8a2fa31,sao paulo,SP,toys,1,0.0,0.0,1.49
3e35a8bb43569389d3cebef0ce820f69,sao paulo,SP,drinks,1,0.0,0.0,0.35
3e46a38ee171c503c3b4a3f23fe3bf0c,sorocaba,SP,health_beauty,1,0.0,0.0,1.2
3e51f9cbe317bc3a88f2c76583811ee4,sao paulo,SP,health_beauty,1,0.0,0.0,1.2
3e8bd881d92466e63ba9e3e809cd3c50,rio de janeiro,RJ,computers_accessories,1,0.0,0.0,1.89
3e8bd881d92466e63ba9e3e809cd3c50,rio de janeiro,RJ,consoles_games,2,0.0,0.0,1.09
3e8bd881d92466e63ba9e3e809cd3c50,rio de janeiro,RJ,cool_stuff,1,0.0,0.0,1.28
3e8bd881d92466e63ba9e3e809cd3c50,rio de janeiro,RJ,electronics,3,0.0,0.0,1.53
3ea00e1dea2b0659dbaf654735929220,curitiba,PR,cool_stuff,7,0.0,0.0,1.28
3ea08c48e851106d2f584349daba335f,barbacena,MG,baby,1,0.0,0.0,1.71
3ef37b7ca6dd2b80bd8af81a62504996,sao paulo,SP,cool_stuff,2,0.0,0.0,1.28
3f0e48d209018b466fcd3bb4ccfeb520,curitiba,PR,pet_shop,9,22.22,0.0,1.67
3f2af2670e104d1bcb54022274daeac5,terra boa,PR,furniture_decor,6,33.33,0.0,1.33
3f3486b61f45078d4f31ee5e43d8c5bb,sao paulo,SP,luggage_accessories,28,7.14,3.57,0.9
3f3486b61f45078d4f31ee5e43d8c5bb,sao paulo,SP,office_furniture,1,0.0,0.0,3.4
3f3486b61f45078d4f31ee5e43d8c5bb,sao paulo,SP,sports_leisure,10,10.0,0.0,1.2
3f8034bfc6b8b4135534975d49f04c63,curitiba,PR,baby,8,25.0,12.5,1.71
3f84fefc07dc159b268d4a77d3e8c425,fazenda rio grande,PR,health_beauty,3,0.0,0.0,1.2
3f995f07c49d0d55a99d5c54957f7d81,itapecerica da serra,SP,auto,41,9.76,0.0,1.48
3f995f07c49d0d55a99d5c54957f7d81,itapecerica da serra,SP,computers_accessories,2,0.0,0.0,1.89
3f9be91358837bff69df67edfa3e42e8,londrina,PR,pet_shop,6,0.0,0.0,1.67
3f9c56764fabca627406093dcb3ef0b4,rio de janeiro,RJ,sports_leisure,7,0.0,0.0,1.2
3fac58ce0ad699020c7944d53c41329c,sao paulo,SP,construction_tools_lights,6,0.0,0.0,0.88
3fac58ce0ad699020c7944d53c41329c,sao paulo,SP,furniture_decor,4,25.0,0.0,1.33
3fadb4cba4c35bce6a7eaf9872d5623a,caxias do sul,RS,health_beauty,3,33.33,0.0,1.2
3fd1e727ba94cfe122d165e176ce7967,araraquara,SP,sports_leisure,34,14.71,0.0,1.2
3fe7120d6257285ac6a3ce7cb071ccec,governador valadares,MG,health_beauty,2,0.0,0.0,1.2
3fefda3299e6dfaea3466ef346a3571a,curitiba,PR,electronics,1,0.0,0.0,1.53
4003520d80d0bad1d5623f7aa3c63cda,rio de janeiro,RJ,baby,1,100.0,100.0,1.71
402916f742e5c740cc751493d9cf5053,guanhaes,MG,food,1,0.0,0.0,0.7
402916f742e5c740cc751493d9cf5053,guanhaes,MG,health_beauty,6,0.0,0.0,1.2
402916f742e5c740cc751493d9cf5053,guanhaes,MG,sports_leisure,2,0.0,0.0,1.2
403aa86912527d730337ffcb0fb096ab,belo horizonte,MG,art,1,100.0,0.0,1.59
403aa86912527d730337ffcb0fb096ab,belo horizonte,MG,computers,1,0.0,0.0,1.73
403aa86912527d730337ffcb0fb096ab,belo horizonte,MG,computers_accessories,1,0.0,0.0,1.89
403aa86912527d730337ffcb0fb096ab,belo horizonte,MG,sports_leisure,1,0.0,0.0,1.2
403aa86912527d730337ffcb0fb096ab,belo horizonte,MG,telephony,6,0.0,0.0,1.85
4049512728d969bec69f84088b012416,belo horizonte,MG,cool_stuff,2,0.0,0.0,1.28
4049512728d969bec69f84088b012416,belo horizonte,MG,sports_leisure,5,0.0,0.0,1.2
404e1ba01358af4cd63f679b2c4d1fa1,juiz de fora,MG,housewares,3,0.0,0.0,1.64
404e1ba01358af4cd63f679b2c4d1fa1,juiz de fora,MG,pet_shop,4,0.0,0.0,1.67
404e1ba01358af4cd63f679b2c4d1fa1,juiz de fora,MG,signaling_and_security,1,0.0,0.0,2.92
406740ee611378a662d274c7d8c43c4a,vitoria,ES,computers_accessories,3,33.33,0.0,1.89
406740ee611378a662d274c7d8c43c4a,vitoria,ES,fixed_telephony,5,0.0,0.0,2.39
406822777a0b9eb5c50e442dd4cd3ec5,tatui,SP,cool_stuff,1,0.0,0.0,1.28
406822777a0b9eb5c50e442dd4cd3ec5,tatui,SP,toys,42,9.52,2.38,1.49
4091f77d8c768fc3e81c20761471761d,sao paulo,SP,baby,8,37.5,0.0,1.71
40d54b51e962dbe09cabbcfd33298dee,santo andre,SP,baby,4,25.0,0.0,1.71
40d54b51e962dbe09cabbcfd33298dee,santo andre,SP,health_beauty,24,16.67,4.17,1.2
40d54b51e962dbe09cabbcfd33298dee,santo andre,SP,sports_leisure,1,0.0,0.0,1.2
40db9e9aa57f7bb151bcda6b0f9bdbb7,recife,PE,auto,11,63.64,18.18,1.48
40ec8ab6cdafbcc4f544da38c67da39a,francisco beltrao,PR,housewares,2,0.0,0.0,1.64
411f3b52d857390502ee4e4d5ceabc2d,ribeirao pires,SP,construction_tools_construction,15,20.0,0.0,1.8
411f3b52d857390502ee4e4d5ceabc2d,ribeirao pires,SP,home_construction,2,0.0,0.0,1.08
411f3b52d857390502ee4e4d5ceabc2d,ribeirao pires,SP,housewares,1,0.0,0.0,1.64
4125d9385a25e82d2f72d3a0fd55bc3f,santos,SP,housewares,1,0.0,0.0,1.64
412a4720f3e9431b4afa1476a1acddbe,campinas,SP,home_construction,1,0.0,0.0,1.08
412a4720f3e9431b4afa1476a1acddbe,campinas,SP,housewares,6,16.67,16.67,1.64
412a4720f3e9431b4afa1476a1acddbe,campinas,SP,sports_leisure,14,7.14,0.0,1.2
4170f6a9367e6b5d6401d03ce6d54569,brasilia df,DF,computers_accessories,3,33.33,0.0,1.89
4170f6a9367e6b5d6401d03ce6d54569,brasilia df,DF,fixed_telephony,1,0.0,0.0,2.39
417a1e6c7321084d2a0ae0d023cfad93,imigrante,RS,housewares,1,0.0,0.0,1.64
41958cbd3335433c8740300e8cd600d5,sao paulo,SP,small_appliances,1,0.0,0.0,1.5
41ab63a91b8b264e8c8780368bf1dd5b,belo horizonte,MG,air_conditioning,1,0.0,0.0,1.66
41ab63a91b8b264e8c8780368bf1dd5b,belo horizonte,MG,luggage_accessories,1,0.0,0.0,0.9
41ab63a91b8b264e8c8780368bf1dd5b,belo horizonte,MG,small_appliances,5,0.0,0.0,1.5
41ab63a91b8b264e8c8780368bf1dd5b,belo horizonte,MG,stationery,1,0.0,0.0,1.34
41ab63a91b8b264e8c8780368bf1dd5b,belo horizonte,MG,telephony,1,0.0,0.0,1.85
41ab63a91b8b264e8c8780368bf1dd5b,belo horizonte,MG,toys,2,50.0,50.0,1.49
41b14765bd56c8ad10971074380f9c0c,santo andre,SP,computers_accessories,8,12.5,0.0,1.89
41b39e28db005d9731d9d485a83b4c38,santo andre,SP,baby,2,0.0,0.0,1.71
41b39e28db005d9731d9d485a83b4c38,santo andre,SP,bed_bath_table,141,13.48,2.13,1.51
41b39e28db005d9731d9d485a83b4c38,santo andre,SP,cool_stuff,14,7.14,0.0,1.28
41b39e28db005d9731d9d485a83b4c38,santo andre,SP,furniture_decor,22,13.64,0.0,1.33
41b39e28db005d9731d9d485a83b4c38,santo andre,SP,market_place,2,0.0,0.0,1.5
41b86b552e54e3a7009596125aa8b167,sao paulo,SP,sports_leisure,10,10.0,0.0,1.2
41c2bad7229b0c25e6becf179ebf63ff,natal,RN,books_general_interest,20,0.0,0.0,0.41
41c9d3997dd3c072c31139dc5bb5761f,araxa,MG,stationery,3,0.0,0.0,1.34
41da412d33e8da4f22baf55cb1bde82c,domingos martins,ES,sports_leisure,15,0.0,0.0,1.2
41e0fa5761c886a630994a55c12087e7,guaruja,SP,health_beauty,5,0.0,0.0,1.2
4200ddf1967c5e41e48db62bc6d4b5ac,sao bernardo do campo,SP,bed_bath_table,18,5.56,0.0,1.51
4221a7df464f1fe2955934e30ff3a5a1,bahia,BA,baby,5,0.0,0.0,1.71
422be4cc81a457fdb46f47edeb968ae5,ibitinga,SP,furniture_decor,1,0.0,0.0,1.33
427165bf50f8ca07efc7bdc2bfcf1688,americana,SP,health_beauty,5,40.0,20.0,1.2
42b6488f5b8246d9141712abd4b1b693,maringa,PR,health_beauty,1,0.0,0.0,1.2
42b6488f5b8246d9141712abd4b1b693,maringa,PR,perfumery,1,0.0,0.0,0.72
42b729f859728f5079499127a9c2ef37,sao paulo,SP,bed_bath_table,18,5.56,0.0,1.51
42b729f859728f5079499127a9c2ef37,sao paulo,SP,furniture_decor,5,0.0,0.0,1.33
42b729f859728f5079499127a9c2ef37,sao paulo,SP,health_beauty,74,6.76,1.35,1.2
42b729f859728f5079499127a9c2ef37,sao paulo,SP,perfumery,3,0.0,0.0,0.72
42bde9fef835393bb8a8849cb6b7f245,brasilia,DF,cool_stuff,1,0.0,0.0,1.28
42bde9fef835393bb8a8849cb6b7f245,brasilia,DF,telephony,13,0.0,0.0,1.85
42bde9fef835393bb8a8849cb6b7f245,brasilia,DF,toys,20,10.0,0.0,1.49
42d4b7e70819438f5ada61c965e92d7e,goiania,GO,auto,1,100.0,0.0,1.48
42ef3192a9ff87a22d1867b74b3ee205,santo andre,SP,books_general_interest,2,0.0,0.0,0.41
42ef3192a9ff87a22d1867b74b3ee205,santo andre,SP,dvds_blu_ray,2,0.0,0.0,0.0
42ef3192a9ff87a22d1867b74b3ee205,santo andre,SP,stationery,2,0.0,0.0,1.34
42ef3192a9ff87a22d1867b74b3ee205,santo andre,SP,toys,17,5.88,0.0,1.49
42fa4ee7240e9b8eb4576358ec142ba7,caxias do sul,RS,housewares,5,0.0,0.0,1.64
42fa4ee7240e9b8eb4576358ec142ba7,caxias do sul,RS,stationery,3,0.0,0.0,1.34
42fb44130ac3134cde8e35cf8ec7df25,pinhalzinho,SP,fashion_bags_accessories,2,0.0,0.0,1.11
430315b7bb4b6e4b3c978f9dfa9b0558,sao paulo,SP,auto,2,50.0,0.0,1.48
430315b7bb4b6e4b3c978f9dfa9b0558,sao paulo,SP,computers_accessories,1,0.0,0.0,1.89
430315b7bb4b6e4b3c978f9dfa9b0558,sao paulo,SP,electronics,1,0.0,0.0,1.53
430315b7bb4b6e4b3c978f9dfa9b0558,sao paulo,SP,health_beauty,3,0.0,0.0,1.2
430315b7bb4b6e4b3c978f9dfa9b0558,sao paulo,SP,housewares,5,0.0,0.0,1.64
430315b7bb4b6e4b3c978f9dfa9b0558,sao paulo,SP,signaling_and_security,1,100.0,0.0,2.92
430315b7bb4b6e4b3c978f9dfa9b0558,sao paulo,SP,small_appliances,3,33.33,0.0,1.5
430315b7bb4b6e4b3c978f9dfa9b0558,sao paulo,SP,telephony,3,33.33,0.0,1.85
4305fe92735c8a43d154ff6dd2b8d927,coronel fabriciano,MG,fashion_male_clothing,1,0.0,0.0,3.81
4305fe92735c8a43d154ff6dd2b8d927,coronel fabriciano,MG,garden_tools,1,0.0,0.0,1.15
4305fe92735c8a43d154ff6dd2b8d927,coronel fabriciano,MG,sports_leisure,15,13.33,0.0,1.2
431050a06a317f2b38168dec3dcd2b46,sao paulo,SP,health_beauty,10,0.0,0.0,1.2
431af27f296bc6519d890aa5a05fdb11,ribeirao preto,SP,health_beauty,114,22.81,0.0,1.2
4324dd16853115efb0fd9d0d131ba6f4,sao jose do rio pardo,SP,computers_accessories,12,16.67,0.0,1.89
432c37c9dfba871172ec162e20118b8c,brasilia,DF,auto,1,100.0,0.0,1.48
432c37c9dfba871172ec162e20118b8c,brasilia,DF,computers_accessories,1,0.0,0.0,1.89
432c37c9dfba871172ec162e20118b8c,brasilia,DF,cool_stuff,22,9.09,0.0,1.28
432c37c9dfba871172ec162e20118b8c,brasilia,DF,housewares,15,13.33,0.0,1.64
432c37c9dfba871172ec162e20118b8c,brasilia,DF,sports_leisure,2,0.0,0.0,1.2
432c37c9dfba871172ec162e20118b8c,brasilia,DF,watches_gifts,1,0.0,0.0,2.06
432c67955c0acd1fd6b0b5d678766a71,sao paulo,SP,health_beauty,1,0.0,0.0,1.2
43402bdf22aa2310e8f99e2f94f78628,ribeirao pires,SP,furniture_bedroom,2,0.0,0.0,1.12
43402bdf22aa2310e8f99e2f94f78628,ribeirao pires,SP,kitchen_dining_laundry_garden_furniture,2,100.0,0.0,1.69
4342d4b2ba6b161468c63a7e7cfce593,rio de janeiro,RJ,watches_gifts,2,100.0,50.0,2.06
436bf27f2f18474fc6047702e9f8a866,campinas,SP,baby,1,0.0,0.0,1.71
4371b634e0efc0e22b09b52907d9d469,sao paulo,SP,drinks,2,0.0,0.0,0.35
4371b634e0efc0e22b09b52907d9d469,sao paulo,SP,food,4,0.0,0.0,0.7
4371b634e0efc0e22b09b52907d9d469,sao paulo,SP,health_beauty,36,2.78,0.0,1.2
4371b634e0efc0e22b09b52907d9d469,sao paulo,SP,sports_leisure,58,10.34,1.72,1.2
43753b27d77860f1654aa72e251a7878,barro alto,BA,furniture_decor,1,0.0,0.0,1.33
4391ea5c5990502176a1dcda44a2373d,porto alegre,RS,air_conditioning,2,0.0,0.0,1.66
4391ea5c5990502176a1dcda44a2373d,porto alegre,RS,electronics,1,0.0,0.0,1.53
439a47cc365d6e3bd526812ea9de3c29,mogi das cruzes,SP,bed_bath_table,8,12.5,0.0,1.51
43a1d4bab73b816e44ef4e4facd9f9b5,maringa,PR,health_beauty,1,0.0,0.0,1.2
43a5d4a57af536fddc96d08be3afdfcb,varginha,MG,home_confort,1,100.0,0.0,2.17
43b2c864251aa0ce4030c746984e088a,brasilia,DF,housewares,1,0.0,0.0,1.64
43b2c864251aa0ce4030c746984e088a,brasilia,DF,luggage_accessories,1,100.0,0.0,0.9
43f8c9950d11ecd03a0304a49e010da6,carapicuiba,SP,consoles_games,41,2.44,2.44,1.09
44073f8b7e41514de3b7815dd0237f4f,brasilia,DF,auto,2,50.0,0.0,1.48
44073f8b7e41514de3b7815dd0237f4f,brasilia,DF,baby,4,75.0,25.0,1.71
44073f8b7e41514de3b7815dd0237f4f,brasilia,DF,computers_accessories,7,14.29,0.0,1.89
44073f8b7e41514de3b7815dd0237f4f,brasilia,DF,consoles_games,2,0.0,0.0,1.09
44073f8b7e41514de3b7815dd0237f4f,brasilia,DF,cool_stuff,30,33.33,6.67,1.28
44073f8b7e41514de3b7815dd0237f4f,brasilia,DF,electronics,2,0.0,0.0,1.53
44073f8b7e41514de3b7815dd0237f4f,brasilia,DF,fashion_shoes,2,0.0,0.0,0.87
44073f8b7e41514de3b7815dd0237f4f,brasilia,DF,furniture_decor,17,17.65,5.88,1.33
44073f8b7e41514de3b7815dd0237f4f,brasilia,DF,furniture_living_room,7,0.0,0.0,1.24
44073f8b7e41514de3b7815dd0237f4f,brasilia,DF,garden_tools,7,14.29,0.0,1.15
44073f8b7e41514de3b7815dd0237f4f,brasilia,DF,health_beauty,48,12.5,2.08,1.2
44073f8b7e41514de3b7815dd0237f4f,brasilia,DF,small_appliances,1,100.0,0.0,1.5
44073f8b7e41514de3b7815dd0237f4f,brasilia,DF,sports_leisure,1,0.0,0.0,1.2
44073f8b7e41514de3b7815dd0237f4f,brasilia,DF,toys,8,25.0,0.0,1.49
440dd6ab244315c632130ecfb63827b1,votuporanga,SP,housewares,3,0.0,0.0,1.64
440dd6ab244315c632130ecfb63827b1,votuporanga,SP,sports_leisure,88,15.91,2.27,1.2
443d880f15cbd3572885e1d44bf2c478,marilia,SP,furniture_decor,1,100.0,0.0,1.33
4450bd8327d471c4a11a83d1445b1b62,cotia,SP,health_beauty,1,0.0,0.0,1.2
446cc09cdbb130904da114e807dbec40,sao paulo,SP,party_supplies,3,0.0,0.0,0.0
44717f64ec2a457979cf83c429077666,santa rosa,RS,construction_tools_lights,2,0.0,0.0,0.88
447d377bdb757058acb569025ee18a93,carazinho,RS,stationery,1,0.0,0.0,1.34
44ed138eca6214d572ce1d813fb0049b,canoas,RS,health_beauty,1,0.0,0.0,1.2
44ed138eca6214d572ce1d813fb0049b,canoas,RS,sports_leisure,1,0.0,0.0,1.2
44f091b5abab8018f682fce8124b85e5,sao paulo,SP,sports_leisure,3,33.33,0.0,1.2
45213867cefbf2cd4c6177e10216a951,araras,SP,market_place,6,33.33,0.0,1.5
45213867cefbf2cd4c6177e10216a951,araras,SP,musical_instruments,8,12.5,0.0,1.83
4559697a8f7e637227c2eeaed843baff,presidente prudente,SP,auto,4,25.0,0.0,1.48
4559697a8f7e637227c2eeaed843baff,presidente prudente,SP,computers_accessories,2,50.0,0.0,1.89
4559697a8f7e637227c2eeaed843baff,presidente prudente,SP,home_appliances,33,9.09,0.0,1.08
455befea1bb853c75ccbca94cff26e5c,resende,RJ,health_beauty,1,0.0,0.0,1.2
455c5640e8c5bd1b2ee85c0158f85727,luiz alves,SC,auto,1,0.0,0.0,1.48
455c5640e8c5bd1b2ee85c0158f85727,luiz alves,SC,cool_stuff,1,0.0,0.0,1.28
455c5640e8c5bd1b2ee85c0158f85727,luiz alves,SC,musical_instruments,5,0.0,0.0,1.83
455c5640e8c5bd1b2ee85c0158f85727,luiz alves,SC,toys,1,0.0,0.0,1.49
455f46ef09a9e45667e2981df84b5cc2,sorocaba,SP,electronics,1,0.0,0.0,1.53
457fe919b032a3f7dadba6fb92cf7855,paulinia,SP,bed_bath_table,9,0.0,0.0,1.51
458c6fa920810ce2492da71bc26d9eec,catanduva,SP,health_beauty,2,50.0,0.0,1.2
458d868c9642f55f18f04e951a3fdde6,porto alegre,RS,health_beauty,2,0.0,0.0,1.2
45a3d05fb00435e52a28859dd03703b3,guarulhos,SP,toys,1,0.0,0.0,1.49
45ba18c210d42734ec52c0c1c574e9ee,sao roque,SP,auto,3,0.0,0.0,1.48
45ba18c210d42734ec52c0c1c574e9ee,sao roque,SP,baby,17,5.88,5.88,1.71
45ba18c210d42734ec52c0c1c574e9ee,sao roque,SP,construction_tools_construction,1,0.0,0.0,1.8
45ba18c210d42734ec52c0c1c574e9ee,sao roque,SP,costruction_tools_tools,1,0.0,0.0,5.32
45ba18c210d42734ec52c0c1c574e9ee,sao roque,SP,garden_tools,9,22.22,0.0,1.15
45ba18c210d42734ec52c0c1c574e9ee,sao roque,SP,housewares,1,100.0,0.0,1.64
45ba18c210d42734ec52c0c1c574e9ee,sao roque,SP,sports_leisure,1,0.0,0.0,1.2
45ba18c210d42734ec52c0c1c574e9ee,sao roque,SP,stationery,1,0.0,0.0,1.34
45c20d94d9171b0bcfab3c955e47d67b,cordeiropolis,SP,furniture_bedroom,1,0.0,0.0,1.12
45c20d94d9171b0bcfab3c955e47d67b,cordeiropolis,SP,housewares,2,0.0,0.0,1.64
45c20d94d9171b0bcfab3c955e47d67b,cordeiropolis,SP,toys,1,0.0,0.0,1.49
45d33f715e24d15a6ccf5c17b3a23e3c,sorocaba,SP,air_conditioning,1,0.0,0.0,1.66
45d33f715e24d15a6ccf5c17b3a23e3c,sorocaba,SP,auto,4,25.0,0.0,1.48
45d33f715e24d15a6ccf5c17b3a23e3c,sorocaba,SP,baby,13,7.69,0.0,1.71
45d33f715e24d15a6ccf5c17b3a23e3c,sorocaba,SP,bed_bath_table,1,0.0,0.0,1.51
45d33f715e24d15a6ccf5c17b3a23e3c,sorocaba,SP,computers_accessories,15,0.0,0.0,1.89
45d33f715e24d15a6ccf5c17b3a23e3c,sorocaba,SP,construction_tools_construction,1,0.0,0.0,1.8
45d33f715e24d15a6ccf5c17b3a23e3c,sorocaba,SP,cool_stuff,4,25.0,0.0,1.28
45d33f715e24d15a6ccf5c17b3a23e3c,sorocaba,SP,electronics,1,0.0,0.0,1.53
45d33f715e24d15a6ccf5c17b3a23e3c,sorocaba,SP,home_comfort_2,1,0.0,0.0,0.0
45d33f715e24d15a6ccf5c17b3a23e3c,sorocaba,SP,sports_leisure,8,12.5,0.0,1.2
45d33f715e24d15a6ccf5c17b3a23e3c,sorocaba,SP,telephony,1,0.0,0.0,1.85
45d33f715e24d15a6ccf5c17b3a23e3c,sorocaba,SP,toys,3,0.0,0.0,1.49
461ff5303b6c9c1a4a07f40c5aece516,pinhais,PR,health_beauty,2,0.0,0.0,1.2
466222e777149751370e7e98fb623b0c,rio de janeiro,RJ,auto,1,0.0,0.0,1.48
4677a5437afda5fa7140b927b07be1cc,japira,PR,auto,8,0.0,0.0,1.48
4677a5437afda5fa7140b927b07be1cc,japira,PR,pet_shop,1,0.0,0.0,1.67
4677a5437afda5fa7140b927b07be1cc,japira,PR,toys,2,0.0,0.0,1.49
46dc3b2cc0980fb8ec44634e21d2718e,rio de janeiro,RJ,baby,34,20.59,0.0,1.71
46dc3b2cc0980fb8ec44634e21d2718e,rio de janeiro,RJ,cool_stuff,23,8.7,8.7,1.28
46dc3b2cc0980fb8ec44634e21d2718e,rio de janeiro,RJ,market_place,3,0.0,0.0,1.5
46dc3b2cc0980fb8ec44634e21d2718e,rio de janeiro,RJ,sports_leisure,52,7.69,3.85,1.2
46dc3b2cc0980fb8ec44634e21d2718e,rio de janeiro,RJ,stationery,2,0.0,0.0,1.34
46dc3b2cc0980fb8ec44634e21d2718e,rio de janeiro,RJ,toys,346,10.69,1.16,1.49
46ef1a25845fc051c2998d878354810c,claudio,MG,garden_tools,1,0.0,0.0,1.15
46ef1a25845fc051c2998d878354810c,claudio,MG,housewares,4,0.0,0.0,1.64
4736e9d642ef4257cd7622516931eb51,piracicaba,SP,air_conditioning,4,25.0,25.0,1.66
4736e9d642ef4257cd7622516931eb51,piracicaba,SP,furniture_decor,3,0.0,0.0,1.33
4736e9d642ef4257cd7622516931eb51,piracicaba,SP,housewares,3,0.0,0.0,1.64
4736e9d642ef4257cd7622516931eb51,piracicaba,SP,sports_leisure,5,20.0,0.0,1.2
47648caee88ccfe951fbb27fbf7b4cbe,diadema,SP,auto,3,33.33,0.0,1.48
478bfe564db21eeb44386606aa30b650,pedro leopoldo,MG,pet_shop,3,0.0,0.0,1.67
47efca563408aae19bb7206c2d969ea9,teresina,PI,auto,11,9.09,9.09,1.48
48162d548f5b1b11b9d29d1e01f75a61,piracicaba,SP,computers_accessories,2,50.0,0.0,1.89
48162d548f5b1b11b9d29d1e01f75a61,piracicaba,SP,construction_tools_safety,3,33.33,0.0,2.61
48162d548f5b1b11b9d29d1e01f75a61,piracicaba,SP,electronics,2,0.0,0.0,1.53
48162d548f5b1b11b9d29d1e01f75a61,piracicaba,SP,fixed_telephony,6,0.0,0.0,2.39
48162d548f5b1b11b9d29d1e01f75a61,piracicaba,SP,garden_tools,33,6.06,0.0,1.15
48162d548f5b1b11b9d29d1e01f75a61,piracicaba,SP,home_construction,18,33.33,0.0,1.08
48162d548f5b1b11b9d29d1e01f75a61,piracicaba,SP,security_and_services,1,0.0,0.0,0.0
4830e40640734fc1c52cd21127c341d4,sao paulo,SP,food,1,0.0,0.0,0.7
4830e40640734fc1c52cd21127c341d4,sao paulo,SP,furniture_decor,17,17.65,11.76,1.33
4830e40640734fc1c52cd21127c341d4,sao paulo,SP,health_beauty,3,0.0,0.0,1.2
4830e40640734fc1c52cd21127c341d4,sao paulo,SP,housewares,111,8.11,1.8,1.64
4830e40640734fc1c52cd21127c341d4,sao paulo,SP,luggage_accessories,17,17.65,0.0,0.9
4830e40640734fc1c52cd21127c341d4,sao paulo,SP,small_appliances,11,18.18,0.0,1.5
4830e40640734fc1c52cd21127c341d4,sao paulo,SP,sports_leisure,19,5.26,0.0,1.2
4830e40640734fc1c52cd21127c341d4,sao paulo,SP,stationery,18,16.67,0.0,1.34
4830e40640734fc1c52cd21127c341d4,sao paulo,SP,watches_gifts,5,0.0,0.0,2.06
48328ec9a579151d9cc6a86d4a59336c,canoas,RS,cool_stuff,1,100.0,0.0,1.28
483ca627d131e18f988349b1655c0acd,mogi mirim,SP,health_beauty,1,0.0,0.0,1.2
48436dade18ac8b2bce089ec2a041202,volta redonda,SP,cool_stuff,111,13.51,0.9,1.28
48436dade18ac8b2bce089ec2a041202,volta redonda,SP,toys,23,8.7,0.0,1.49
485452467ff670447e84a8370c3fc898,taio,SC,garden_tools,1,0.0,0.0,1.15
4867209cb29b56b92893d7bde3ce8012,jau,SP,health_beauty,1,0.0,0.0,1.2
4869f7a5dfa277a7dca6462dcf3b52b2,guariba,SP,audio,54,18.52,0.0,3.23
4869f7a5dfa277a7dca6462dcf3b52b2,guariba,SP,auto,1,0.0,0.0,1.48
4869f7a5dfa277a7dca6462dcf3b52b2,guariba,SP,computers_accessories,2,0.0,0.0,1.89
4869f7a5dfa277a7dca6462dcf3b52b2,guariba,SP,consoles_games,6,0.0,0.0,1.09
4869f7a5dfa277a7dca6462dcf3b52b2,guariba,SP,cool_stuff,53,15.09,3.77,1.28
4869f7a5dfa277a7dca6462dcf3b52b2,guariba,SP,electronics,10,0.0,0.0,1.53
4869f7a5dfa277a7dca6462dcf3b52b2,guariba,SP,health_beauty,20,15.0,0.0,1.2
4869f7a5dfa277a7dca6462dcf3b52b2,guariba,SP,sports_leisure,1,0.0,0.0,1.2
4869f7a5dfa277a7dca6462dcf3b52b2,guariba,SP,telephony,3,0.0,33.33,1.85
4869f7a5dfa277a7dca6462dcf3b52b2,guariba,SP,watches_gifts,959,12.41,1.98,2.06
48985c61529077fa4f1e38bcff0f2ed3,porto alegre,RS,health_beauty,7,0.0,0.0,1.2
48b6c3f4c6a93171da04b75313f2130f,osvaldo cruz,SP,signaling_and_security,2,0.0,0.0,2.92
48bad451945f5227341793478d6353ea,sao paulo,SP,books_general_interest,2,0.0,0.0,0.41
48bad451945f5227341793478d6353ea,sao paulo,SP,books_technical,1,0.0,0.0,0.79
48e5ee06fb2dc74df1c711a9b6dfac2a,oliveira,MG,construction_tools_construction,1,0.0,0.0,1.8
48e954b2da4f6a750c844173b347ed40,porto alegre,RS,drinks,2,0.0,0.0,0.35
48efc9d94a9834137efd9ea76b065a38,curitiba,PR,auto,2,0.0,0.0,1.48
48efc9d94a9834137efd9ea76b065a38,curitiba,PR,baby,2,0.0,0.0,1.71
48efc9d94a9834137efd9ea76b065a38,curitiba,PR,fashion_bags_accessories,11,0.0,0.0,1.11
48efc9d94a9834137efd9ea76b065a38,curitiba,PR,furniture_bedroom,8,0.0,0.0,1.12
48efc9d94a9834137efd9ea76b065a38,curitiba,PR,music,2,0.0,0.0,2.7
48efc9d94a9834137efd9ea76b065a38,curitiba,PR,pet_shop,6,0.0,0.0,1.67
48efc9d94a9834137efd9ea76b065a38,curitiba,PR,stationery,1,0.0,0.0,1.34
48efc9d94a9834137efd9ea76b065a38,curitiba,PR,toys,1,0.0,0.0,1.49
48fb026ed7455a42f5d3e9390ed5088e,barra mansa,RJ,auto,9,44.44,0.0,1.48
49067458c68f7701fd334ce326accbe0,juiz de fora,MG,costruction_tools_garden,14,28.57,0.0,1.09
4917cee8d902e13428c3ec4b1ca6f315,blumenau,SC,home_appliances_2,27,11.11,0.0,4.0
4917cee8d902e13428c3ec4b1ca6f315,blumenau,SC,kitchen_dining_laundry_garden_furniture,4,25.0,0.0,1.69
491a5ada3aa1678414e990262c4bbdc1,sao paulo,SP,dvds_blu_ray,1,0.0,0.0,0.0
49383af7ab774e4e8f3000f49c83dc4b,taubate,SP,bed_bath_table,7,0.0,0.0,1.51
4965a7002cca77301c82d3f91b82e1a9,sorocaba,SP,pet_shop,1,0.0,0.0,1.67
497709c2976a8fa308730a2dec5b0726,diadema,SP,stationery,1,0.0,0.0,1.34
4978a02ea9c8be7a9b5480680f40334e,sao paulo,SP,air_conditioning,1,0.0,0.0,1.66
4978a02ea9c8be7a9b5480680f40334e,sao paulo,SP,construction_tools_construction,7,14.29,14.29,1.8
4978a02ea9c8be7a9b5480680f40334e,sao paulo,SP,garden_tools,5,20.0,0.0,1.15
4978a02ea9c8be7a9b5480680f40334e,sao paulo,SP,home_construction,4,75.0,0.0,1.08
499185655c29ecfdbfe776ef7cf875b5,porto alegre,RS,bed_bath_table,1,0.0,0.0,1.51
4992e76a42cb3aad7a7047e0d3d7e729,sao paulo,SP,housewares,49,14.29,2.04,1.64
4992e76a42cb3aad7a7047e0d3d7e729,sao paulo,SP,pet_shop,5,40.0,0.0,1.67
499ec63c58e51296c9cf57edcfe1c8a8,sao paulo,SP,computers_accessories,5,0.0,0.0,1.89
49cdc90518a4f82676b38b3c1aa43ff6,sao paulo,SP,auto,2,0.0,0.0,1.48
49cdc90518a4f82676b38b3c1aa43ff6,sao paulo,SP,computers_accessories,2,0.0,0.0,1.89
49cdc90518a4f82676b38b3c1aa43ff6,sao paulo,SP,electronics,1,100.0,0.0,1.53
49e7217cfe4e427191c378ec626d8737,formiga,MG,furniture_decor,1,100.0,0.0,1.33
49e7217cfe4e427191c378ec626d8737,formiga,MG,housewares,11,0.0,0.0,1.64
49f8d2ea7b718d0ce587d34207caf2b4,sao bernardo do campo,SP,pet_shop,1,0.0,0.0,1.67
4a1917ef994878940e1fb03eeb787ad7,brasilia,DF,fixed_telephony,2,50.0,0.0,2.39
4a1f694197d05fe70026b016a7316b41,pedreira,SP,furniture_decor,12,0.0,0.0,1.33
4a1f694197d05fe70026b016a7316b41,pedreira,SP,housewares,2,50.0,0.0,1.64
4a23adac87cf538689fa600d976f78b2,sao paulo,SP,furniture_decor,3,0.0,0.0,1.33
4a3ca9315b744ce9f8e9374361493884,ibitinga,SP,baby,5,0.0,0.0,1.71
4a3ca9315b744ce9f8e9374361493884,ibitinga,SP,bed_bath_table,1364,16.64,1.69,1.51
4a3ca9315b744ce9f8e9374361493884,ibitinga,SP,cool_stuff,1,0.0,0.0,1.28
4a3ca9315b744ce9f8e9374361493884,ibitinga,SP,furniture_decor,69,23.19,0.0,1.33
4a3ca9315b744ce9f8e9374361493884,ibitinga,SP,home_comfort_2,17,23.53,0.0,0.0
4a3ca9315b744ce9f8e9374361493884,ibitinga,SP,home_confort,204,19.61,1.96,2.17
4a3ca9315b744ce9f8e9374361493884,ibitinga,SP,toys,47,23.4,4.26,1.49
4a3ccda38b2129705f3fb522db62ca31,marilia,SP,construction_tools_construction,1,0.0,0.0,1.8
4a3ccda38b2129705f3fb522db62ca31,marilia,SP,construction_tools_safety,46,19.57,2.17,2.61
4a3ccda38b2129705f3fb522db62ca31,marilia,SP,electronics,2,50.0,0.0,1.53
4a3ccda38b2129705f3fb522db62ca31,marilia,SP,garden_tools,3,33.33,0.0,1.15
4a3ccda38b2129705f3fb522db62ca31,marilia,SP,home_construction,10,10.0,0.0,1.08
4a5b36211b1f51bf7eaa5c10a57fa483,sao goncalo,RJ,auto,1,0.0,0.0,1.48
4a82168aaef173cbb6e46ae88728f919,irati,PR,health_beauty,3,0.0,0.0,1.2
4a82168aaef173cbb6e46ae88728f919,irati,PR,perfumery,1,100.0,0.0,0.72
4a82c4af97ffc0fb2dc26bfdc03b1842,lagoa da prata,MG,health_beauty,1,0.0,0.0,1.2
4aba391bc3b88717ce08eb11e44937b2,arraial d'ajuda (porto seguro),BA,fashion_bags_accessories,1,0.0,0.0,1.11
4aba391bc3b88717ce08eb11e44937b2,arraial d'ajuda (porto seguro),BA,sports_leisure,26,19.23,3.85,1.2
4aba6a02a788d3ec81c03137144d9a80,canoinhas,SC,health_beauty,1,0.0,0.0,1.2
4b0fdb526525f9890eb145bf1534640e,ibitinga,SP,baby,1,0.0,0.0,1.71
4b0fdb526525f9890eb145bf1534640e,ibitinga,SP,bed_bath_table,17,17.65,0.0,1.51
4b1eaadf791bdbbad8c4a35b65236d52,ribeirao preto,SP,consoles_games,5,60.0,20.0,1.09
4b39558c138930b9e5489c93b6df5fe3,aracaju,SE,computers_accessories,3,0.0,0.0,1.89
4b39558c138930b9e5489c93b6df5fe3,aracaju,SE,industry_commerce_and_business,1,0.0,0.0,1.33
4b5f66b7adcf57f1ecc0d3c07dd6b177,vendas@creditparts.com.br,PR,computers_accessories,22,13.64,0.0,1.89
4b90495391ac0bd181a80a459df1e718,bage,RS,furniture_decor,1,0.0,0.0,1.33
4b9750c8ad28220fe6702d4ecb7c898f,limeira,SP,baby,206,6.8,0.49,1.71
4b9750c8ad28220fe6702d4ecb7c898f,limeira,SP,cool_stuff,11,9.09,0.0,1.28
4ba52dfeba874da5b9ee7b17c7494f04,mogi das cruzes,SP,books_technical,11,9.09,0.0,0.79
4bcec44888b30ba9001234c534716d3f,santo andre,SP,health_beauty,5,0.0,0.0,1.2
4bde6149c15cf7e177b36fa060dd6de8,carazinho,RS,food,1,0.0,0.0,0.7
4bde6149c15cf7e177b36fa060dd6de8,carazinho,RS,toys,1,0.0,0.0,1.49
4be6b962d83299498bae2190f95d6566,sao carlos,SP,small_appliances,9,11.11,11.11,1.5
4be9ae93c4fc0f41713d71a4194ee1b3,divinopolis,MG,sports_leisure,1,0.0,0.0,1.2
4bf2f4ee540798a61f9636d12cd9cc80,assis,SP,baby,1,0.0,0.0,1.71
4bf2f4ee540798a61f9636d12cd9cc80,assis,SP,fashion_underwear_beach,26,11.54,0.0,0.86
4bf2f4ee540798a61f9636d12cd9cc80,assis,SP,health_beauty,2,0.0,0.0,1.2
4bf658053d453036c70976bccb2c31b2,sao jose do rio preto,SP,watches_gifts,1,0.0,0.0,2.06
4bfc7a4a1cf8d4d2121c27422d9e50b5,sao paulo,SP,housewares,25,8.0,0.0,1.64
4c03b9dd4c11ee2cb35c96c49efc9420,campo limpo paulista,SP,toys,47,14.89,4.26,1.49
4c18691b6037662be2df78a765d98ab5,sao paulo,SP,construction_tools_construction,1,100.0,0.0,1.8
4c18691b6037662be2df78a765d98ab5,sao paulo,SP,costruction_tools_tools,2,50.0,0.0,5.32
4c18691b6037662be2df78a765d98ab5,sao paulo,SP,garden_tools,2,0.0,0.0,1.15
4c18691b6037662be2df78a765d98ab5,sao paulo,SP,health_beauty,2,0.0,0.0,1.2
4c18691b6037662be2df78a765d98ab5,sao paulo,SP,housewares,54,16.67,1.85,1.64
4c18691b6037662be2df78a765d98ab5,sao paulo,SP,small_appliances,1,0.0,0.0,1.5
4c1c7281388a33dd06daac44f9fadbd1,marilia,SP,baby,1,0.0,0.0,1.71
4c1c7281388a33dd06daac44f9fadbd1,marilia,SP,stationery,1,0.0,0.0,1.34
4c1c7281388a33dd06daac44f9fadbd1,marilia,SP,toys,3,0.0,0.0,1.49
4c2b230173bb36f9b240f2b8ac11786e,sao paulo,SP,sports_leisure,251,17.53,1.2,1.2
4c498c7345e89aebad651544829beca0,carapicuiba,SP,health_beauty,26,7.69,0.0,1.2
4c498c7345e89aebad651544829beca0,carapicuiba,SP,perfumery,19,5.26,0.0,0.72
4c4d546adf3c3868fe19c9ec6e9ffda9,maringa,PR,pet_shop,2,0.0,50.0,1.67
4c60877808f4318ef1107fbeb8f89afa,atibaia,SP,computers_accessories,2,0.0,0.0,1.89
4c61e37f664c3c88aff092aa5ac779d7,niteroi,RJ,computers_accessories,1,0.0,0.0,1.89
4c61e37f664c3c88aff092aa5ac779d7,niteroi,RJ,consoles_games,5,20.0,20.0,1.09
4c8545742faaf58fafd5fd14d25d75cf,fernandopolis,SP,auto,2,0.0,0.0,1.48
4c8545742faaf58fafd5fd14d25d75cf,fernandopolis,SP,toys,2,0.0,0.0,1.49
4c8b8048e33af2bf94f2eb547746a916,ibitinga,SP,baby,1,0.0,0.0,1.71
4c8b8048e33af2bf94f2eb547746a916,ibitinga,SP,bed_bath_table,14,21.43,7.14,1.51
4c8b8048e33af2bf94f2eb547746a916,ibitinga,SP,cool_stuff,1,0.0,0.0,1.28
4c8b8048e33af2bf94f2eb547746a916,ibitinga,SP,furniture_living_room,1,100.0,0.0,1.24
4c8b8048e33af2bf94f2eb547746a916,ibitinga,SP,toys,1,100.0,0.0,1.49
4cc43a222a0f94910728b62b97a8c5f8,ribeirao preto,SP,perfumery,1,0.0,0.0,0.72
4cc4fd4fdd406a85bbdc1f824b731bd7,toledo,PR,auto,1,0.0,0.0,1.48
4ce8b55b4bfa4659184e7becc1fba3f2,fazenda rio grande,PR,auto,2,50.0,0.0,1.48
4cf490a58259286ada5ba8525ba9e84a,tabatinga,SP,cool_stuff,7,28.57,0.0,1.28
4d0041cdbe51b4617d95c70b19decc74,juiz de fora,MG,auto,8,0.0,0.0,1.48
4d232b78ab7ef10393dc3807d827bc0d,belo horizonte,MG,auto,4,0.0,0.0,1.48
4d232b78ab7ef10393dc3807d827bc0d,belo horizonte,MG,electronics,1,0.0,0.0,1.53
4d600e08ecbe08258c79e536c5a42fee,entre rios do oeste,PR,market_place,1,0.0,0.0,1.5
4d600e08ecbe08258c79e536c5a42fee,entre rios do oeste,PR,watches_gifts,6,16.67,0.0,2.06
4d6d651bd7684af3fffabd5f08d12e5a,jau,SP,health_beauty,6,0.0,0.0,1.2
4d6d651bd7684af3fffabd5f08d12e5a,jau,SP,perfumery,1,0.0,0.0,0.72
4d6d651bd7684af3fffabd5f08d12e5a,jau,SP,sports_leisure,350,11.43,0.86,1.2
4d9fea3499bdc22aa4da4e339365f215,sao paulo,SP,perfumery,2,0.0,0.0,0.72
4da0e408c99d2fdc2126dc9fce518060,cornelio procopio,PR,market_place,5,0.0,0.0,1.5
4da0e408c99d2fdc2126dc9fce518060,cornelio procopio,PR,sports_leisure,39,7.69,0.0,1.2
4dab98ca6cd6d3df586203cefd28a042,porto alegre,RS,fashion_bags_accessories,1,0.0,0.0,1.11
4dbd95a08b31ede5c82d3f861cb1ce1a,curitiba,PR,books_general_interest,3,0.0,0.0,0.41
4dbd95a08b31ede5c82d3f861cb1ce1a,curitiba,PR,books_technical,1,0.0,0.0,0.79
4dc2e811a1760953cb7c6a590b498943,itapui,SP,luggage_accessories,1,0.0,0.0,0.9
4dc646b9b9e8e411ef48ba000ea3ac6f,valinhos,SP,perfumery,4,50.0,0.0,0.72
4ddeb3e828550cddc8d45c8bc36ab2d1,sao paulo,SP,cool_stuff,1,0.0,0.0,1.28
4de6e4ba574aa9dfdc824bc44dc47fdd,colombo,PR,health_beauty,9,22.22,0.0,1.2
4de6e4ba574aa9dfdc824bc44dc47fdd,colombo,PR,perfumery,5,20.0,0.0,0.72
4deebb3199eeafb282ae33229144f94b,sao paulo,SP,signaling_and_security,4,25.0,25.0,2.92
4e06067cc08b3f41d837768d392c3ee3,betim,MG,perfumery,31,19.35,0.0,0.72
4e0d109ccfba9a1151c103049880c857,sao joao de meriti,RJ,watches_gifts,2,50.0,0.0,2.06
4e17c65a516f69d023a2ae78b84f28d6,suzano,SP,bed_bath_table,1,0.0,0.0,1.51
4e17c65a516f69d023a2ae78b84f28d6,suzano,SP,furniture_decor,1,0.0,0.0,1.33
4e17c65a516f69d023a2ae78b84f28d6,suzano,SP,health_beauty,26,23.08,0.0,1.2
4e17c65a516f69d023a2ae78b84f28d6,suzano,SP,housewares,4,0.0,0.0,1.64
4e17c65a516f69d023a2ae78b84f28d6,suzano,SP,perfumery,29,17.24,0.0,0.72
4e326052e5dbba8adcd512f3450a307e,sao paulo,SP,christmas_supplies,3,66.67,33.33,1.63
4e42581f08e8cfc7c090f930bac4552a,portoferreira,SP,kitchen_dining_laundry_garden_furniture,1,100.0,0.0,1.69
4e480be820e37de1444325ff358c9296,tres coracoes,MG,auto,1,0.0,0.0,1.48
4e5725ba188db8252977a4f0227bd462,ribeirao preto,SP,computers_accessories,19,31.58,5.26,1.89
4e5725ba188db8252977a4f0227bd462,ribeirao preto,SP,cool_stuff,2,50.0,0.0,1.28
4e6015589b781adaa5ce7f1892d06bb1,guaruja,SP,sports_leisure,3,0.0,0.0,1.2
4e7c18b98d84e05cbae3ff0ff03846c2,jaboticabal,SP,furniture_decor,7,14.29,0.0,1.33
4e7c18b98d84e05cbae3ff0ff03846c2,jaboticabal,SP,market_place,4,0.0,0.0,1.5
4e7c18b98d84e05cbae3ff0ff03846c2,jaboticabal,SP,small_appliances,68,19.12,1.47,1.5
4e85b538b0dad58852641540686d0e14,sao jose dos campos,SP,garden_tools,3,33.33,0.0,1.15
4e85b538b0dad58852641540686d0e14,sao jose dos campos,SP,signaling_and_security,1,0.0,0.0,2.92
4e8dacf3d38f281ae26c3e0321d92d88,sao paulo,SP,housewares,2,50.0,0.0,1.64
4e922959ae960d389249c378d1c939f5,jacarei,SP,agro_industry_and_commerce,4,0.0,0.0,3.39
4e922959ae960d389249c378d1c939f5,jacarei,SP,audio,11,18.18,0.0,3.23
4e922959ae960d389249c378d1c939f5,jacarei,SP,auto,27,22.22,3.7,1.48
4e922959ae960d389249c378d1c939f5,jacarei,SP,cds_dvds_musicals,12,0.0,0.0,0.0
4e922959ae960d389249c378d1c939f5,jacarei,SP,christmas_supplies,1,0.0,0.0,1.63
4e922959ae960d389249c378d1c939f5,jacarei,SP,computers_accessories,137,14.6,0.73,1.89
4e922959ae960d389249c378d1c939f5,jacarei,SP,consoles_games,20,10.0,0.0,1.09
4e922959ae960d389249c378d1c939f5,jacarei,SP,cool_stuff,21,28.57,0.0,1.28
4e922959ae960d389249c378d1c939f5,jacarei,SP,electronics,50,32.0,8.0,1.53
4e922959ae960d389249c378d1c939f5,jacarei,SP,fixed_telephony,10,20.0,20.0,2.39
4e922959ae960d389249c378d1c939f5,jacarei,SP,food,1,0.0,0.0,0.7
4e922959ae960d389249c378d1c939f5,jacarei,SP,furniture_decor,3,33.33,0.0,1.33
4e922959ae960d389249c378d1c939f5,jacarei,SP,garden_tools,2,0.0,0.0,1.15
4e922959ae960d389249c378d1c939f5,jacarei,SP,health_beauty,18,16.67,0.0,1.2
4e922959ae960d389249c378d1c939f5,jacarei,SP,home_appliances,1,0.0,0.0,1.08
4e922959ae960d389249c378d1c939f5,jacarei,SP,housewares,2,50.0,0.0,1.64
4e922959ae960d389249c378d1c939f5,jacarei,SP,musical_instruments,2,0.0,0.0,1.83
4e922959ae960d389249c378d1c939f5,jacarei,SP,pet_shop,19,10.53,0.0,1.67
4e922959ae960d389249c378d1c939f5,jacarei,SP,security_and_services,1,100.0,0.0,0.0
4e922959ae960d389249c378d1c939f5,jacarei,SP,signaling_and_security,2,50.0,0.0,2.92
4e922959ae960d389249c378d1c939f5,jacarei,SP,sports_leisure,5,0.0,0.0,1.2
4e922959ae960d389249c378d1c939f5,jacarei,SP,telephony,43,18.6,4.65,1.85
4e922959ae960d389249c378d1c939f5,jacarei,SP,watches_gifts,1,0.0,0.0,2.06
4e92348462c75b6c842b994ce84a0ed4,cachoeirinha,RS,health_beauty,1,0.0,0.0,1.2
4ea2f12dbe91deeacd2c1e74f069a6e6,sao paulo,SP,perfumery,4,0.0,0.0,0.72
4eb61f060e7dcc1d5a80d806c35cc541,sao paulo,SP,home_appliances_2,7,14.29,14.29,4.0
4ebdc7e6cd6102a022dadc49156d4ea8,sao paulo,SP,bed_bath_table,1,0.0,0.0,1.51
4ebdc7e6cd6102a022dadc49156d4ea8,sao paulo,SP,furniture_decor,16,18.75,0.0,1.33
4ebdc7e6cd6102a022dadc49156d4ea8,sao paulo,SP,housewares,5,0.0,0.0,1.64
4ebdc7e6cd6102a022dadc49156d4ea8,sao paulo,SP,sports_leisure,1,100.0,0.0,1.2
4eeb99008a0f59d2c7759c59f9a346eb,embu das artes,SP,telephony,2,0.0,0.0,1.85
4ef4c39cf3c24f326434cf0b2e48046a,sao paulo,SP,sports_leisure,7,28.57,0.0,1.2
4f0d637c1197fd65405ebd755ac9f86b,taboao da serra,SP,health_beauty,2,0.0,0.0,1.2
4f1f1c8666cdb6442f775c4e8caed465,belo horizonte,MG,toys,2,0.0,0.0,1.49
4fae87d32467e18eb46e4a76a0a0b9ce,ronda alta,RS,construction_tools_safety,1,0.0,0.0,2.61
4fb41dff7c50136976d1a5cf004a42e2,feira de santana,BA,watches_gifts,3,0.0,0.0,2.06
4fe2f67634d00c021aa01f96b6f2d68e,maringa,PR,health_beauty,1,0.0,0.0,1.2
4fe2f67634d00c021aa01f96b6f2d68e,maringa,PR,sports_leisure,1,0.0,0.0,1.2
5011f0d93373a4c5753adf58ca77af8d,santos,SP,food,3,0.0,0.0,0.7
5011f0d93373a4c5753adf58ca77af8d,santos,SP,food_drink,7,14.29,0.0,0.0
503c1de08ae81a2d86f17951b204db55,sao paulo,SP,baby,22,4.55,0.0,1.71
5058e8c1e82653974541e83690655b4a,itaquaquecetuba,SP,furniture_decor,3,66.67,33.33,1.33
5058e8c1e82653974541e83690655b4a,itaquaquecetuba,SP,furniture_living_room,13,23.08,0.0,1.24
5058e8c1e82653974541e83690655b4a,itaquaquecetuba,SP,kitchen_dining_laundry_garden_furniture,1,0.0,0.0,1.69
5058e8c1e82653974541e83690655b4a,itaquaquecetuba,SP,office_furniture,43,30.23,4.65,3.4
5075aaa8404020ae6aa8bf4792099b41,pocos de caldas,MG,drinks,7,14.29,0.0,0.35
5075aaa8404020ae6aa8bf4792099b41,pocos de caldas,MG,housewares,1,0.0,0.0,1.64
50770d25768b0486d89be26afca3108f,santo andre,SP,books_general_interest,6,16.67,0.0,0.41
508808d438fe2ff972ed13bb8f4a82e2,sao paulo,SP,baby,1,0.0,0.0,1.71
508808d438fe2ff972ed13bb8f4a82e2,sao paulo,SP,construction_tools_construction,1,0.0,0.0,1.8
508808d438fe2ff972ed13bb8f4a82e2,sao paulo,SP,construction_tools_lights,2,0.0,0.0,0.88
508808d438fe2ff972ed13bb8f4a82e2,sao paulo,SP,furniture_decor,1,0.0,0.0,1.33
508808d438fe2ff972ed13bb8f4a82e2,sao paulo,SP,health_beauty,1,0.0,0.0,1.2
508808d438fe2ff972ed13bb8f4a82e2,sao paulo,SP,housewares,2,0.0,0.0,1.64
508808d438fe2ff972ed13bb8f4a82e2,sao paulo,SP,party_supplies,1,0.0,0.0,0.0
50a7e551a7b3f8d37cd6e32d8bfbe5ea,sao caetano do sul,SP,drinks,1,0.0,0.0,0.35
50bf89f1349bc0409a268c3a49678009,jaci,SP,furniture_decor,1,0.0,0.0,1.33
50c9975695009e5e6473912e83a6d1da,claudio,MG,sports_leisure,49,18.37,0.0,1.2
51209b446b2073894bdc0face6c73ffc,vila velha,ES,furniture_decor,1,0.0,0.0,1.33
512d298ac2a96d1931b6bd30aa21f61d,rio de janeiro,RJ,electronics,1,100.0,0.0,1.53
512d298ac2a96d1931b6bd30aa21f61d,rio de janeiro,RJ,musical_instruments,8,0.0,0.0,1.83
512d298ac2a96d1931b6bd30aa21f61d,rio de janeiro,RJ,toys,1,0.0,0.0,1.49
513a54369b6a8a6602fcb0e129c6d78d,sao bernardo do campo,SP,computers_accessories,2,0.0,0.0,1.89
5145090ab595c0d0b8557199f5701fbf,curitiba,PR,bed_bath_table,4,0.0,0.0,1.51
5151aea44289d6c6b090ee31c2132508,marilia,SP,air_conditioning,6,66.67,50.0,1.66
515d781150feed28a6ac091bb0e3cb8c,campo grande,MS,air_conditioning,1,0.0,0.0,1.66
515d781150feed28a6ac091bb0e3cb8c,campo grande,MS,cool_stuff,5,0.0,0.0,1.28
5160d23075764e18e07c1f4a87fad743,sao bernardo do campo,SP,toys,32,6.25,0.0,1.49
516e7738bd8f735ac19a010ee5450d8d,rio de janeiro,RJ,health_beauty,65,0.0,0.0,1.2
516e7738bd8f735ac19a010ee5450d8d,rio de janeiro,RJ,perfumery,8,25.0,0.0,0.72
51702dc2a3e106c76dbff722b5bf0726,conchal,SP,furniture_bedroom,2,0.0,0.0,1.12
51702dc2a3e106c76dbff722b5bf0726,conchal,SP,furniture_decor,10,0.0,0.0,1.33
5194c22ed1f616ec0c0f33c571542879,santa rita do sapucai,MG,agro_industry_and_commerce,1,0.0,0.0,3.39
5194c22ed1f616ec0c0f33c571542879,santa rita do sapucai,MG,home_appliances_2,2,0.0,0.0,4.0
5194c22ed1f616ec0c0f33c571542879,santa rita do sapucai,MG,small_appliances_home_oven_and_coffee,1,0.0,0.0,2.78
519a7aa428f18d125a283cf8c014fdd6,rio do oeste,SC,furniture_living_room,3,0.0,0.0,1.24
51a04a8a6bdcb23deccc82b0b80742cf,braganca paulista,SP,electronics,1,100.0,0.0,1.53
51e0557bc7b86de13e946c60ee91ce39,belo horizonte,MG,health_beauty,1,0.0,0.0,1.2
51e4e89242cbb846c2deff3dc015650e,rio grande,RS,construction_tools_construction,2,0.0,0.0,1.8
51e4e89242cbb846c2deff3dc015650e,rio grande,RS,garden_tools,14,0.0,0.0,1.15
51ed72984a04e5dd35c2b27e77179038,sao jose do rio preto,SP,cool_stuff,2,0.0,0.0,1.28
51ed72984a04e5dd35c2b27e77179038,sao jose do rio preto,SP,home_appliances_2,5,40.0,20.0,4.0
51f108f62cb87d61918159902c8f8583,cascavel,PR,books_technical,3,0.0,0.0,0.79
52092ddbd3a58c450a4459bf051b2287,dois corregos,SP,sports_leisure,5,20.0,20.0,1.2
520b493b57809f446cb0a233bb3e25c7,santos,SP,bed_bath_table,2,0.0,0.0,1.51
520b493b57809f446cb0a233bb3e25c7,santos,SP,home_confort,16,6.25,0.0,2.17
520b493b57809f446cb0a233bb3e25c7,santos,SP,housewares,26,11.54,3.85,1.64
522620dcb18a6b31cd7bdf73665113a9,cascavel,PR,audio,1,0.0,0.0,3.23
522620dcb18a6b31cd7bdf73665113a9,cascavel,PR,auto,1,0.0,0.0,1.48
522620dcb18a6b31cd7bdf73665113a9,cascavel,PR,computers_accessories,42,11.9,0.0,1.89
522620dcb18a6b31cd7bdf73665113a9,cascavel,PR,consoles_games,88,21.59,3.41,1.09
522620dcb18a6b31cd7bdf73665113a9,cascavel,PR,dvds_blu_ray,1,100.0,0.0,0.0
522620dcb18a6b31cd7bdf73665113a9,cascavel,PR,fixed_telephony,1,100.0,0.0,2.39
522620dcb18a6b31cd7bdf73665113a9,cascavel,PR,music,4,0.0,25.0,2.7
522620dcb18a6b31cd7bdf73665113a9,cascavel,PR,musical_instruments,3,33.33,33.33,1.83
522620dcb18a6b31cd7bdf73665113a9,cascavel,PR,sports_leisure,4,50.0,25.0,1.2
522620dcb18a6b31cd7bdf73665113a9,cascavel,PR,toys,3,0.0,0.0,1.49
522620dcb18a6b31cd7bdf73665113a9,cascavel,PR,watches_gifts,20,10.0,0.0,2.06
5236605f4d4b0b3e4df85b850393fca0,sao paulo,SP,sports_leisure,5,0.0,0.0,1.2
52454f90d4c30c016768db02f88c1a74,campinas,SP,pet_shop,3,33.33,0.0,1.67
52562a9f449c3dc3d53f5f5b9ed74903,parnamirim,RN,costruction_tools_garden,4,0.0,0.0,1.09
52562a9f449c3dc3d53f5f5b9ed74903,parnamirim,RN,fixed_telephony,1,0.0,0.0,2.39
52562a9f449c3dc3d53f5f5b9ed74903,parnamirim,RN,health_beauty,1,0.0,0.0,1.2
52562a9f449c3dc3d53f5f5b9ed74903,parnamirim,RN,sports_leisure,8,0.0,0.0,1.2
525e75a6fb1454a2325ab1734bcec221,barueri,SP,auto,9,11.11,0.0,1.48
5275ca25d0358ca73864e0ae41be1320,guarulhos,SP,stationery,4,0.0,0.0,1.34
527801b552d0077ffd170872eb49683b,garca,SP,books_general_interest,84,7.14,1.19,0.41
527801b552d0077ffd170872eb49683b,garca,SP,dvds_blu_ray,1,0.0,0.0,0.0
527801b552d0077ffd170872eb49683b,garca,SP,musical_instruments,1,0.0,0.0,1.83
527801b552d0077ffd170872eb49683b,garca,SP,stationery,3,33.33,0.0,1.34
52831e5990d0771cb4951d6f12928167,tupa,SP,sports_leisure,1,0.0,0.0,1.2
528bcf6680c36dddf07620bd35b33a6f,sao paulo,SP,health_beauty,2,0.0,0.0,1.2
52956b80ae65fda598f06f6b9943e7a9,maringa,PR,perfumery,3,0.0,0.0,0.72
52a50b42accf164f9f019941e5759d9b,monte alegre do sul,SP,food_drink,4,0.0,0.0,0.0
52a52b9f656520e99716f5bc40f661c8,sao carlos,SP,furniture_decor,7,28.57,14.29,1.33
52ac6f920b7280e4c6d30dd94de6259b,pinhais,PR,office_furniture,5,20.0,0.0,3.4
52b53f7061969fe471d119b6195da864,itajai,SP,perfumery,1,0.0,0.0,0.72
52bb00821bcdd358a5a5a27e1f6be5a1,osasco,SP,musical_instruments,2,0.0,0.0,1.83
52d76513f0c4d97f3b99570e2c94ee31,novo hamburgo,RS,air_conditioning,1,0.0,0.0,1.66
52d76513f0c4d97f3b99570e2c94ee31,novo hamburgo,RS,electronics,1,0.0,0.0,1.53
52d76513f0c4d97f3b99570e2c94ee31,novo hamburgo,RS,home_appliances_2,5,40.0,0.0,4.0
52d76513f0c4d97f3b99570e2c94ee31,novo hamburgo,RS,home_construction,2,0.0,0.0,1.08
52d76513f0c4d97f3b99570e2c94ee31,novo hamburgo,RS,industry_commerce_and_business,7,14.29,0.0,1.33
52d76513f0c4d97f3b99570e2c94ee31,novo hamburgo,RS,signaling_and_security,1,0.0,0.0,2.92
52f0fe436a347ddad7ed5f9aa4e27eaa,sao paulo,SP,auto,1,0.0,0.0,1.48
52f0fe436a347ddad7ed5f9aa4e27eaa,sao paulo,SP,baby,1,0.0,0.0,1.71
52f0fe436a347ddad7ed5f9aa4e27eaa,sao paulo,SP,computers_accessories,6,33.33,0.0,1.89
52f0fe436a347ddad7ed5f9aa4e27eaa,sao paulo,SP,garden_tools,1,0.0,0.0,1.15
52f0fe436a347ddad7ed5f9aa4e27eaa,sao paulo,SP,sports_leisure,4,0.0,0.0,1.2
52f0fe436a347ddad7ed5f9aa4e27eaa,sao paulo,SP,telephony,5,20.0,20.0,1.85
52f6f9f13ba19504c02781132a049e75,curitiba,PR,furniture_decor,1,100.0,0.0,1.33
52f976b17ea7f2f087f56dcc419328f6,california,PR,sports_leisure,6,33.33,0.0,1.2
52f9db5cfb423382a2fa5c9e39303202,echapora,SP,health_beauty,3,33.33,0.0,1.2
52f9db5cfb423382a2fa5c9e39303202,echapora,SP,home_appliances,10,10.0,0.0,1.08
52f9db5cfb423382a2fa5c9e39303202,echapora,SP,home_appliances_2,1,0.0,0.0,4.0
52f9db5cfb423382a2fa5c9e39303202,echapora,SP,small_appliances,7,0.0,0.0,1.5
53088c75f948b48a7ece173ac17f0c12,triunfo,RS,drinks,1,0.0,0.0,0.35
53088c75f948b48a7ece173ac17f0c12,triunfo,RS,health_beauty,2,0.0,0.0,1.2
530ec6109d11eaaf87999465c6afee01,cascavel,PR,computers_accessories,1,0.0,0.0,1.89
530ec6109d11eaaf87999465c6afee01,cascavel,PR,cool_stuff,2,50.0,0.0,1.28
530ec6109d11eaaf87999465c6afee01,cascavel,PR,health_beauty,1,0.0,0.0,1.2
530ec6109d11eaaf87999465c6afee01,cascavel,PR,housewares,7,0.0,0.0,1.64
530ec6109d11eaaf87999465c6afee01,cascavel,PR,sports_leisure,83,8.43,1.2,1.2
53243585a1d6dc2643021fd1853d8905,lauro de freitas,BA,computers,141,10.64,2.13,1.73
53243585a1d6dc2643021fd1853d8905,lauro de freitas,BA,telephony,205,10.24,3.41,1.85
53336f97ddbe53e2a617d07b17447b95,sao paulo,SP,home_appliances_2,1,0.0,0.0,4.0
533d46c1b06970e99f09523a61df4972,itapetininga,SP,electronics,2,0.0,0.0,1.53
5343d0649eca2a983820bfe93fc4d17e,santo andre,SP,furniture_decor,67,20.9,1.49,1.33
534a01cc6df1e034e05c32028a291fa2,jundiai,SP,bed_bath_table,1,0.0,0.0,1.51
534a01cc6df1e034e05c32028a291fa2,jundiai,SP,housewares,4,0.0,0.0,1.64
535bf14f36346c7f59d87cece104d70c,rio de janeiro,RJ,construction_tools_lights,1,0.0,0.0,0.88
537eb890efff034a88679788b647c564,rio de janeiro,RJ,baby,9,11.11,0.0,1.71
537eb890efff034a88679788b647c564,rio de janeiro,RJ,bed_bath_table,12,0.0,0.0,1.51
537eb890efff034a88679788b647c564,rio de janeiro,RJ,christmas_supplies,5,0.0,0.0,1.63
537eb890efff034a88679788b647c564,rio de janeiro,RJ,cool_stuff,32,3.12,0.0,1.28
537eb890efff034a88679788b647c564,rio de janeiro,RJ,fashion_bags_accessories,20,10.0,0.0,1.11
537eb890efff034a88679788b647c564,rio de janeiro,RJ,furniture_decor,52,5.77,0.0,1.33
537eb890efff034a88679788b647c564,rio de janeiro,RJ,housewares,5,20.0,0.0,1.64
537eb890efff034a88679788b647c564,rio de janeiro,RJ,party_supplies,5,40.0,0.0,0.0
537eb890efff034a88679788b647c564,rio de janeiro,RJ,sports_leisure,7,14.29,0.0,1.2
537eb890efff034a88679788b647c564,rio de janeiro,RJ,stationery,5,0.0,0.0,1.34
538caafddff204241cecbf3a02e6b3cf,sao paulo,SP,baby,8,50.0,0.0,1.71
539ed9e19811677513447759be5eccfc,belo horizonte,MG,construction_tools_construction,2,50.0,0.0,1.8
53b0300ca793f9834cd69c0678d35ee8,indaiatuba,SP,construction_tools_construction,5,0.0,0.0,1.8
53d00c40e32aeb924a84ce72b1af869d,ibitinga,SP,bed_bath_table,16,6.25,0.0,1.51
53e4c6e0f4312d4d2107a8c9cddf45cd,pedreira,SP,bed_bath_table,2,100.0,50.0,1.51
53e4c6e0f4312d4d2107a8c9cddf45cd,pedreira,SP,furniture_decor,27,29.63,0.0,1.33
53e4c6e0f4312d4d2107a8c9cddf45cd,pedreira,SP,furniture_living_room,1,0.0,0.0,1.24
53e4c6e0f4312d4d2107a8c9cddf45cd,pedreira,SP,garden_tools,2,50.0,0.0,1.15
53e4c6e0f4312d4d2107a8c9cddf45cd,pedreira,SP,housewares,415,10.84,1.45,1.64
53e4c6e0f4312d4d2107a8c9cddf45cd,pedreira,SP,signaling_and_security,3,0.0,0.0,2.92
54065e9aef7e9e9c2dc23b7594db021a,rio de janeiro,RJ,computers_accessories,1,0.0,0.0,1.89
54065e9aef7e9e9c2dc23b7594db021a,rio de janeiro,RJ,cool_stuff,7,14.29,14.29,1.28
54065e9aef7e9e9c2dc23b7594db021a,rio de janeiro,RJ,musical_instruments,1,0.0,0.0,1.83
54065e9aef7e9e9c2dc23b7594db021a,rio de janeiro,RJ,sports_leisure,1,0.0,0.0,1.2
54219883e72aad869adfb2a54b7bfa0f,sorocaba,SP,musical_instruments,2,50.0,0.0,1.83
54219883e72aad869adfb2a54b7bfa0f,sorocaba,SP,toys,3,33.33,33.33,1.49
542917da124346b47ea1ac79a93ce454,curitiba,PR,health_beauty,13,15.38,0.0,1.2
542917da124346b47ea1ac79a93ce454,curitiba,PR,perfumery,7,14.29,0.0,0.72
544863df86ed3b78a04e0820d41430ee,serra,ES,stationery,1,0.0,0.0,1.34
54583ab379489add547fe47b628db589,sao bernardo do campo,SP,baby,8,0.0,0.0,1.71
54583ab379489add547fe47b628db589,sao bernardo do campo,SP,watches_gifts,2,0.0,0.0,2.06
54965bbe3e4f07ae045b90b0b8541f52,foz do iguacu,PR,bed_bath_table,68,39.71,2.94,1.51
54a1852d1b8f10312c55e906355666ee,santa barbara d'oeste,SP,fashion_bags_accessories,5,20.0,0.0,1.11
54a1852d1b8f10312c55e906355666ee,santa barbara d'oeste,SP,garden_tools,1,0.0,0.0,1.15
54a1852d1b8f10312c55e906355666ee,santa barbara d'oeste,SP,housewares,2,0.0,0.0,1.64
54a1852d1b8f10312c55e906355666ee,santa barbara d'oeste,SP,luggage_accessories,3,0.0,0.0,0.9
54a1852d1b8f10312c55e906355666ee,santa barbara d'oeste,SP,market_place,5,0.0,0.0,1.5
54a1852d1b8f10312c55e906355666ee,santa barbara d'oeste,SP,pet_shop,10,0.0,0.0,1.67
54a1852d1b8f10312c55e906355666ee,santa barbara d'oeste,SP,sports_leisure,170,8.24,0.59,1.2
54aa8463e87776b5612f4bdc4bd5d4de,belo horizonte,MG,auto,2,0.0,0.0,1.48
54aa8463e87776b5612f4bdc4bd5d4de,belo horizonte,MG,fixed_telephony,3,0.0,0.0,2.39
54aa8463e87776b5612f4bdc4bd5d4de,belo horizonte,MG,furniture_decor,2,50.0,0.0,1.33
54c04bdb5ec46762f8f08c7e8f86ed4a,florianopolis,SC,sports_leisure,17,11.76,0.0,1.2
55029529919c0123526150bd26ca8f20,contagem,MG,auto,1,0.0,0.0,1.48
55029529919c0123526150bd26ca8f20,contagem,MG,housewares,1,0.0,0.0,1.64
55029529919c0123526150bd26ca8f20,contagem,MG,sports_leisure,5,0.0,0.0,1.2
553a440137d6e0cf776aee0bb83ac9f5,limeira,SP,musical_instruments,1,100.0,0.0,1.83
553a440137d6e0cf776aee0bb83ac9f5,limeira,SP,toys,1,100.0,0.0,1.49
5563732abe64c3036cb97ad924128dd1,guarulhos,SP,health_beauty,1,0.0,0.0,1.2
5566627eab3fe93fd6ee08798226101a,sao jose dos pinhais,PR,perfumery,5,0.0,0.0,0.72
556a6409838156ea299c9d1f9e2dde43,curitiba,PR,housewares,4,50.0,50.0,1.64
557f22c76691849db52d2abccf0015d0,morrinhos,GO,computers_accessories,10,30.0,0.0,1.89
557f22c76691849db52d2abccf0015d0,morrinhos,GO,garden_tools,1,0.0,0.0,1.15
5587130f9850696ed7fafbc91c2cee44,sao paulo,SP,housewares,2,0.0,0.0,1.64
559d56f3b8f0bc2e5a9a62fe2ce2a39f,joinville,SC,baby,2,50.0,0.0,1.71
55a5b51f93f2b70ea513f5a047b0262a,sao joao del rei,MG,sports_leisure,38,2.63,0.0,1.2
55bb6fe5bebe5012e2d7d9928e1128ff,bauru,SP,agro_industry_and_commerce,2,0.0,0.0,3.39
55bb6fe5bebe5012e2d7d9928e1128ff,bauru,SP,auto,2,50.0,50.0,1.48
55bb6fe5bebe5012e2d7d9928e1128ff,bauru,SP,housewares,3,66.67,0.0,1.64
55bb6fe5bebe5012e2d7d9928e1128ff,bauru,SP,sports_leisure,1,100.0,0.0,1.2
55bb6fe5bebe5012e2d7d9928e1128ff,bauru,SP,stationery,7,28.57,0.0,1.34
55c26bcb609f480eb7868594245febb5,tabatinga,SP,baby,1,0.0,0.0,1.71
55c26bcb609f480eb7868594245febb5,tabatinga,SP,stationery,4,25.0,0.0,1.34
55c96925041a14097b6a7825554f4ad5,sao paulo,SP,furniture_decor,5,0.0,0.0,1.33
55d3daac7c404d59e51c2aa2f4dc5a23,sao paulo,SP,health_beauty,2,0.0,0.0,1.2
55d3daac7c404d59e51c2aa2f4dc5a23,sao paulo,SP,housewares,1,0.0,0.0,1.64
55d3daac7c404d59e51c2aa2f4dc5a23,sao paulo,SP,signaling_and_security,18,11.11,0.0,2.92
55dedd83e501d8248880557d9073cbfd,rio de janeiro,RJ,health_beauty,8,0.0,0.0,1.2
55f7a3319d80f7fdf078b8f03e6725fe,osasco,SP,arts_and_craftmanship,6,33.33,33.33,9.09
55f7a3319d80f7fdf078b8f03e6725fe,osasco,SP,auto,16,12.5,0.0,1.48
562f8cfc51f265411f487d07e9c40e7f,belo horizonte,MG,cool_stuff,11,0.0,0.0,1.28
562f8cfc51f265411f487d07e9c40e7f,belo horizonte,MG,home_confort,2,0.0,0.0,2.17
562fc2f2c2863ab7e79a9e4388a58a14,campinas,SP,telephony,250,10.0,1.2,1.85
5656537e588803a555b8eb41f07a944b,brasilia,DF,audio,9,11.11,0.0,3.23
5656537e588803a555b8eb41f07a944b,brasilia,DF,auto,2,0.0,0.0,1.48
5656537e588803a555b8eb41f07a944b,brasilia,DF,baby,1,100.0,0.0,1.71
5656537e588803a555b8eb41f07a944b,brasilia,DF,computers_accessories,36,19.44,5.56,1.89
5656537e588803a555b8eb41f07a944b,brasilia,DF,consoles_games,3,0.0,0.0,1.09
5656537e588803a555b8eb41f07a944b,brasilia,DF,construction_tools_safety,4,25.0,0.0,2.61
5656537e588803a555b8eb41f07a944b,brasilia,DF,cool_stuff,3,0.0,0.0,1.28
5656537e588803a555b8eb41f07a944b,brasilia,DF,electronics,83,19.28,0.0,1.53
5656537e588803a555b8eb41f07a944b,brasilia,DF,garden_tools,5,0.0,0.0,1.15
5656537e588803a555b8eb41f07a944b,brasilia,DF,sports_leisure,1,100.0,0.0,1.2
5656537e588803a555b8eb41f07a944b,brasilia,DF,telephony,22,18.18,0.0,1.85
5659d77e8d90378e39b960ad5956f64e,taubate,SP,health_beauty,1,0.0,0.0,1.2
5659d77e8d90378e39b960ad5956f64e,taubate,SP,perfumery,1,100.0,0.0,0.72
56642bcb79900e777d68e91915cb4267,sao paulo,SP,garden_tools,18,22.22,0.0,1.15
56642bcb79900e777d68e91915cb4267,sao paulo,SP,health_beauty,29,10.34,3.45,1.2
56642bcb79900e777d68e91915cb4267,sao paulo,SP,market_place,1,0.0,0.0,1.5
5670f4db5b62c43d542e1b2d56b0cf7c,sao paulo,SP,perfumery,22,9.09,9.09,0.72
56db5c0782e8f7ddc9343f9576ff6d16,palhoca,SC,air_conditioning,2,50.0,0.0,1.66
56e361f411e38dcef17cdc2a3d99628b,guarulhos,SP,computers_accessories,4,25.0,0.0,1.89
56e361f411e38dcef17cdc2a3d99628b,guarulhos,SP,signaling_and_security,1,0.0,0.0,2.92
56f413900b5166ab4d730e9ac0b12cb0,sorocaba,SP,computers_accessories,1,0.0,0.0,1.89
56f413900b5166ab4d730e9ac0b12cb0,sorocaba,SP,sports_leisure,2,0.0,0.0,1.2
570d4583587a5fe2d47c7be89b91ad27,sao paulo,SP,health_beauty,2,0.0,0.0,1.2
5721089ba9214e80074f27d5a03fc0eb,sao paulo,SP,cool_stuff,3,0.0,0.0,1.28
5721089ba9214e80074f27d5a03fc0eb,sao paulo,SP,housewares,2,0.0,0.0,1.64
5733d806668f8712c24b9abaefbfa642,chapeco,SP,construction_tools_safety,1,0.0,0.0,2.61
5733d806668f8712c24b9abaefbfa642,chapeco,SP,home_construction,1,0.0,0.0,1.08
5741dc2bf5044c34d0698681c5081bed,sao jose dos campos,SP,perfumery,3,0.0,0.0,0.72
575df70bde3f9f2b30bf8d2e9910d725,sao jose do rio preto,SP,construction_tools_construction,5,20.0,20.0,1.8
575df70bde3f9f2b30bf8d2e9910d725,sao jose do rio preto,SP,furniture_decor,19,15.79,5.26,1.33
575df70bde3f9f2b30bf8d2e9910d725,sao jose do rio preto,SP,home_construction,1,0.0,0.0,1.08
575df70bde3f9f2b30bf8d2e9910d725,sao jose do rio preto,SP,housewares,1,0.0,0.0,1.64
577719699805dd125d5b6fdde5943bba,nova petropolis,RS,construction_tools_construction,1,100.0,0.0,1.8
577719699805dd125d5b6fdde5943bba,nova petropolis,RS,drinks,1,0.0,0.0,0.35
577719699805dd125d5b6fdde5943bba,nova petropolis,RS,housewares,6,0.0,0.0,1.64
578fa3a9cb6b6dceab39231ad59cdaca,fortaleza,CE,books_technical,3,33.33,0.0,0.79
5795aebfe331fbcd02a2c4b679fb7952,palhoca,SC,cool_stuff,1,0.0,0.0,1.28
5795aebfe331fbcd02a2c4b679fb7952,palhoca,SC,health_beauty,4,0.0,0.0,1.2
579891617139df7d8671d373f0669622,rio de janeiro,RJ,books_general_interest,7,14.29,0.0,0.41
579891617139df7d8671d373f0669622,rio de janeiro,RJ,books_technical,1,0.0,0.0,0.79
57a834594e1e9e9219603bfec184eadc,santa rosa,RS,pet_shop,1,0.0,0.0,1.67
57c764b4a836300be881e2ff86e449f9,ribeirao preto,SP,cool_stuff,4,0.0,0.0,1.28
57c764b4a836300be881e2ff86e449f9,ribeirao preto,SP,garden_tools,2,0.0,0.0,1.15
57c764b4a836300be881e2ff86e449f9,ribeirao preto,SP,housewares,21,14.29,0.0,1.64
57d2ba47f7a3209aa347532ae75c1165,sao bento do sul,SC,sports_leisure,2,0.0,0.0,1.2
57df9869a600bd6b7c405f2a862eccfb,santa rita do sapucai,MG,housewares,5,0.0,0.0,1.64
57e632711dec9ec14ca7546769483e7e,navegantes,SC,health_beauty,54,5.56,0.0,1.2
57e632711dec9ec14ca7546769483e7e,navegantes,SC,perfumery,7,0.0,0.0,0.72
57fe6232e67823593374a2281d7a8af8,capivari,SP,books_general_interest,6,0.0,0.0,0.41
582d4f8675b945722eda7c0cb61ba4c7,bertioga,SP,computers_accessories,1,100.0,0.0,1.89
582d4f8675b945722eda7c0cb61ba4c7,bertioga,SP,electronics,48,10.42,2.08,1.53
582d4f8675b945722eda7c0cb61ba4c7,bertioga,SP,fixed_telephony,1,0.0,0.0,2.39
582d4f8675b945722eda7c0cb61ba4c7,bertioga,SP,garden_tools,5,20.0,0.0,1.15
582d4f8675b945722eda7c0cb61ba4c7,bertioga,SP,telephony,1,0.0,0.0,1.85
585175ec331ea177fa47199e39a6170a,montes claros,MG,computers,1,0.0,0.0,1.73
586a871d4f1221763fddb6ceefdeb95e,porto alegre,RS,furniture_decor,1,100.0,0.0,1.33
5882820ef11c4c068eea0677a7a879b4,caxias do sul,RS,furniture_decor,8,0.0,0.0,1.33
5882820ef11c4c068eea0677a7a879b4,caxias do sul,RS,garden_tools,5,0.0,0.0,1.15
58c851d1a3c7cd3da329eb59453fed44,rio claro,SP,pet_shop,2,0.0,0.0,1.67
58e4b302b54937e55a678c4d15111da4,colombo,PR,health_beauty,1,0.0,0.0,1.2
58f1a6197ed863543e0136bdedb3fce2,conselheiro lafaiete,MG,cool_stuff,1,0.0,0.0,1.28
58f1a6197ed863543e0136bdedb3fce2,conselheiro lafaiete,MG,toys,13,15.38,7.69,1.49
58f1a6197ed863543e0136bdedb3fce2,conselheiro lafaiete,MG,watches_gifts,27,11.11,0.0,2.06
59417c56835dd8e2e72f91f809cd4092,limeira,SP,small_appliances,18,11.11,0.0,1.5
594f9aaa48e5bf431f011ddc5669b0d5,contagem,MG,baby,1,0.0,0.0,1.71
594f9aaa48e5bf431f011ddc5669b0d5,contagem,MG,housewares,14,0.0,0.0,1.64
594f9aaa48e5bf431f011ddc5669b0d5,contagem,MG,luggage_accessories,4,0.0,0.0,0.9
594f9aaa48e5bf431f011ddc5669b0d5,contagem,MG,stationery,16,6.25,0.0,1.34
594f9aaa48e5bf431f011ddc5669b0d5,contagem,MG,toys,2,0.0,0.0,1.49
5962468f885ea01a1b6a97a218797b0a,curitiba,PR,stationery,6,0.0,0.0,1.34
596849622429351f47b32e6cae1055ff,mogi das cruses,SP,electronics,3,0.0,0.0,1.53
596849622429351f47b32e6cae1055ff,mogi das cruses,SP,telephony,6,0.0,0.0,1.85
596849622429351f47b32e6cae1055ff,mogi das cruses,SP,toys,1,0.0,0.0,1.49
5996cddab893a4652a15592fb58ab8db,presidente prudente,SP,garden_tools,1,0.0,0.0,1.15
59b22a78efb79a4797979612b885db36,uberlandia,MG,construction_tools_construction,39,12.82,5.13,1.8
59b22a78efb79a4797979612b885db36,uberlandia,MG,housewares,82,23.17,6.1,1.64
59b22a78efb79a4797979612b885db36,uberlandia,MG,telephony,1,0.0,0.0,1.85
59b22a78efb79a4797979612b885db36,uberlandia,MG,toys,1,100.0,0.0,1.49
59bbc819b99a733f02f0d6b49d1c253d,campinas,SP,housewares,2,0.0,0.0,1.64
59cd88080b93f3c18508673122d26169,praia grande,SP,pet_shop,5,0.0,0.0,1.67
59cea8e446d3834393058e7e0666b6fb,maringa,PR,auto,1,0.0,0.0,1.48
59cea8e446d3834393058e7e0666b6fb,maringa,PR,computers_accessories,4,0.0,0.0,1.89
59cea8e446d3834393058e7e0666b6fb,maringa,PR,health_beauty,4,0.0,0.0,1.2
59cea8e446d3834393058e7e0666b6fb,maringa,PR,stationery,1,0.0,0.0,1.34
59de1d4c8c057c2a53acd4ca66531af2,curitiba,PR,computers_accessories,1,0.0,0.0,1.89
59fb871bf6f4522a87ba567b42dafecf,sao paulo,SP,cool_stuff,11,9.09,9.09,1.28
59fb871bf6f4522a87ba567b42dafecf,sao paulo,SP,health_beauty,93,6.45,2.15,1.2
59fb871bf6f4522a87ba567b42dafecf,sao paulo,SP,small_appliances,8,12.5,0.0,1.5
59fb871bf6f4522a87ba567b42dafecf,sao paulo,SP,stationery,5,20.0,0.0,1.34
59fb871bf6f4522a87ba567b42dafecf,sao paulo,SP,telephony,3,0.0,0.0,1.85
59fb871bf6f4522a87ba567b42dafecf,sao paulo,SP,toys,3,0.0,0.0,1.49
5a05a16bb50629ee31afab8a6d4c2674,caxias do sul,RS,housewares,14,7.14,0.0,1.64
5a32c398a06c345440bf2a683b017ad3,rio de janeiro,RJ,books_general_interest,1,0.0,0.0,0.41
5a413ade68e8f8d93071a7f52a64cb9e,sao paulo,SP,health_beauty,14,7.14,0.0,1.2
5a4236931428800e9d9cc04af0987118,sao paulo,SP,housewares,1,0.0,0.0,1.64
5a425cc503b39b262a847fd6212bf53b,londrina,PR,toys,13,7.69,0.0,1.49
5a6a02f419701fc8c605af71d4fc57a4,americana,SP,books_general_interest,10,0.0,0.0,0.41
5a8e7d5003a1f221f9e1d6e411de7c23,campinas,SP,baby,17,23.53,0.0,1.71
5a8e7d5003a1f221f9e1d6e411de7c23,campinas,SP,furniture_decor,110,10.0,0.91,1.33
5a8e7d5003a1f221f9e1d6e411de7c23,campinas,SP,stationery,1,0.0,0.0,1.34
5a93f3ab0ef4c84ed5e1b5dbf23978bc,monteiro lobato,SP,baby,27,3.7,0.0,1.71
5a93f3ab0ef4c84ed5e1b5dbf23978bc,monteiro lobato,SP,food_drink,11,0.0,0.0,0.0
5a9b3bcab695173c820e53934574ae80,salto,SP,furniture_decor,1,0.0,0.0,1.33
5a9c0859cb00fd8aa4db443837f0a700,treze tilias,SC,health_beauty,2,0.0,0.0,1.2
5ab05b6d86d417796c69ffd6774ec832,assis,SP,health_beauty,10,20.0,0.0,1.2
5abb8ea023c77787f2c15da891c8d384,joinville,SC,cine_photo,7,0.0,0.0,1.59
5abb8ea023c77787f2c15da891c8d384,joinville,SC,construction_tools_construction,1,100.0,0.0,1.8
5abb8ea023c77787f2c15da891c8d384,joinville,SC,furniture_decor,3,33.33,0.0,1.33
5abb8ea023c77787f2c15da891c8d384,joinville,SC,furniture_living_room,2,0.0,0.0,1.24
5acd070dd3fe441bbb2ec1f1ede515ee,jundiai,SP,electronics,3,66.67,0.0,1.53
5b07547f10dd980738a1a27f685af669,guarulhos,SP,electronics,1,0.0,0.0,1.53
5b07547f10dd980738a1a27f685af669,guarulhos,SP,health_beauty,12,8.33,8.33,1.2
5b0cc932433fa5184b5b94bfe6bcc256,ibitinga,SP,furniture_bedroom,6,33.33,0.0,1.12
5b0cc932433fa5184b5b94bfe6bcc256,ibitinga,SP,furniture_living_room,6,33.33,0.0,1.24
5b179e9e8cc7ab6fd113a46ca584da81,sao paulo,SP,auto,1,0.0,100.0,1.48
5b179e9e8cc7ab6fd113a46ca584da81,sao paulo,SP,furniture_decor,3,33.33,0.0,1.33
5b179e9e8cc7ab6fd113a46ca584da81,sao paulo,SP,housewares,25,24.0,4.0,1.64
5b179e9e8cc7ab6fd113a46ca584da81,sao paulo,SP,kitchen_dining_laundry_garden_furniture,4,0.0,0.0,1.69
5b2e94f2c22b39ccc24d34ad0f669672,sao paulo,SP,auto,10,0.0,0.0,1.48
5b33b527da3c5b969cc99dc435cad09a,paranavai,PR,computers_accessories,1,0.0,0.0,1.89
5b33b527da3c5b969cc99dc435cad09a,paranavai,PR,consoles_games,1,0.0,0.0,1.09
5b33b527da3c5b969cc99dc435cad09a,paranavai,PR,electronics,12,16.67,8.33,1.53
5b33b527da3c5b969cc99dc435cad09a,paranavai,PR,garden_tools,1,0.0,0.0,1.15
5b33b527da3c5b969cc99dc435cad09a,paranavai,PR,health_beauty,1,0.0,0.0,1.2
5b35136197710e16ac5e7b7c2bd4ea85,rio de janeiro,RJ,housewares,7,57.14,14.29,1.64
5b51032eddd242adc84c38acab88f23d,borda da mata,MG,bed_bath_table,3,0.0,0.0,1.51
5b51032eddd242adc84c38acab88f23d,borda da mata,MG,furniture_decor,8,0.0,0.0,1.33
5b581417df4480f632484ba681e53944,florianopolis,SC,cool_stuff,3,33.33,0.0,1.28
5b581417df4480f632484ba681e53944,florianopolis,SC,toys,8,12.5,0.0,1.49
5b664594895aefb418afaee6d40a9a23,petropolis,RJ,air_conditioning,4,0.0,0.0,1.66
5b664594895aefb418afaee6d40a9a23,petropolis,RJ,construction_tools_construction,10,30.0,10.0,1.8
5b664594895aefb418afaee6d40a9a23,petropolis,RJ,cool_stuff,2,0.0,0.0,1.28
5b67882648febfb6e1225e6ad7164f6b,umuarama,PR,garden_tools,2,0.0,0.0,1.15
5b67882648febfb6e1225e6ad7164f6b,umuarama,PR,sports_leisure,25,16.0,0.0,1.2
5b8154610ebb21fb90eb587365e673df,sao jose dos campos,SP,auto,1,100.0,0.0,1.48
5b8154610ebb21fb90eb587365e673df,sao jose dos campos,SP,computers_accessories,20,15.0,0.0,1.89
5b8154610ebb21fb90eb587365e673df,sao jose dos campos,SP,construction_tools_construction,5,20.0,0.0,1.8
5b8154610ebb21fb90eb587365e673df,sao jose dos campos,SP,health_beauty,10,0.0,0.0,1.2
5b8154610ebb21fb90eb587365e673df,sao jose dos campos,SP,home_appliances,1,0.0,0.0,1.08
5b85809efd0d0e4dea1a9544e1280ed9,presidente prudente,SP,health_beauty,11,9.09,0.0,1.2
5b85809efd0d0e4dea1a9544e1280ed9,presidente prudente,SP,pet_shop,1,0.0,0.0,1.67
5b925e1d006e9476d738aa200751b73b,sao paulo,SP,sports_leisure,63,4.76,3.17,1.2
5b92bfa4120daa27c574daa2e386c693,sorocaba,SP,auto,1,0.0,0.0,1.48
5b97c06a046398e7005b2b7c0d707a92,joao pinheiro,MG,musical_instruments,3,0.0,0.0,1.83
5bba18b40e8c973b0f32e748004775b0,itajobi,SP,furniture_decor,1,0.0,0.0,1.33
5bc237df65098fe211bb4818f4d26d78,uberlandia,MG,computers_accessories,2,0.0,0.0,1.89
5bc24d989e71e93c33e50a7782431b0e,campo do meio,MG,auto,17,11.76,5.88,1.48
5bc55dbe2f12b6af6d83ed46023e0dc8,coronel fabriciano,MG,sports_leisure,14,57.14,7.14,1.2
5bc55dbe2f12b6af6d83ed46023e0dc8,coronel fabriciano,MG,toys,2,50.0,0.0,1.49
5bf397d04035b5f45cc41e82ec106803,sao paulo,SP,health_beauty,1,0.0,0.0,1.2
5bf397d04035b5f45cc41e82ec106803,sao paulo,SP,small_appliances,2,0.0,0.0,1.5
5bffbafbb22daf6d3bfc216a46db8708,nilopolis,RJ,auto,4,0.0,0.0,1.48
5bffbafbb22daf6d3bfc216a46db8708,nilopolis,RJ,computers_accessories,13,0.0,0.0,1.89
5bffbafbb22daf6d3bfc216a46db8708,nilopolis,RJ,food,4,0.0,0.0,0.7
5c030029b5916fed0986310385ec9009,sao jose,SC,housewares,7,0.0,0.0,1.64
5c243662ce92d84573bfaff24c3e3700,sao paulo,SP,cool_stuff,3,0.0,0.0,1.28
5c243662ce92d84573bfaff24c3e3700,sao paulo,SP,health_beauty,94,10.64,2.13,1.2
5c3460cd3e8a984382ae254e7dd20d9f,sao jose do rio preto,SP,baby,9,0.0,0.0,1.71
5c6d4016c2a288f074fa0848a2b653d2,sao paulo,SP,computers_accessories,17,17.65,0.0,1.89
5c6d4016c2a288f074fa0848a2b653d2,sao paulo,SP,consoles_games,2,0.0,0.0,1.09
5c6d4016c2a288f074fa0848a2b653d2,sao paulo,SP,electronics,4,0.0,0.0,1.53
5c6d4016c2a288f074fa0848a2b653d2,sao paulo,SP,fixed_telephony,7,14.29,0.0,2.39
5c853bb56f70f4d14218944bae111d7a,cotia,SP,furniture_decor,13,30.77,0.0,1.33
5ca5d579b5857ee8709479b1047cecc3,sao paulo,SP,consoles_games,1,100.0,0.0,1.09
5cbbd5a299cab112b7bf23862255e43e,pinhais,PR,computers_accessories,1,0.0,0.0,1.89
5cbbd5a299cab112b7bf23862255e43e,pinhais,PR,housewares,17,17.65,0.0,1.64
5cbbd5a299cab112b7bf23862255e43e,pinhais,PR,luggage_accessories,8,0.0,0.0,0.9
5cbbd5a299cab112b7bf23862255e43e,pinhais,PR,sports_leisure,1,0.0,0.0,1.2
5cbbd5a299cab112b7bf23862255e43e,pinhais,PR,stationery,8,0.0,0.0,1.34
5cf13accae3222c70a9cac40818ae839,patos de minas,MG,pet_shop,142,6.34,0.7,1.67
5cf13accae3222c70a9cac40818ae839,patos de minas,MG,small_appliances,1,0.0,0.0,1.5
5d0363b33554b373851fc1622e4d5f3c,atibaia,SP,auto,86,11.63,0.0,1.48
5d0363b33554b373851fc1622e4d5f3c,atibaia,SP,electronics,2,0.0,0.0,1.53
5d0363b33554b373851fc1622e4d5f3c,atibaia,SP,housewares,2,0.0,0.0,1.64
5d0363b33554b373851fc1622e4d5f3c,atibaia,SP,small_appliances,1,0.0,0.0,1.5
5d043cd5512d4bd2f88e5ccdd5736c38,sao paulo,SP,sports_leisure,1,100.0,0.0,1.2
5d3bb11474a06bdc23fb9e89f1164ee0,assis,SP,cool_stuff,1,0.0,0.0,1.28
5d3bb11474a06bdc23fb9e89f1164ee0,assis,SP,furniture_decor,15,13.33,0.0,1.33
5d3bb11474a06bdc23fb9e89f1164ee0,assis,SP,garden_tools,1,0.0,0.0,1.15
5d3bb11474a06bdc23fb9e89f1164ee0,assis,SP,home_appliances_2,3,0.0,0.0,4.0
5d3bb11474a06bdc23fb9e89f1164ee0,assis,SP,housewares,10,20.0,0.0,1.64
5d3bb11474a06bdc23fb9e89f1164ee0,assis,SP,industry_commerce_and_business,1,100.0,0.0,1.33
5d505d2298ad549e4e4e835562fa0c1e,birigui,SP,sports_leisure,2,0.0,0.0,1.2
5d76d80a2f5f39c891b996a1bf4c9853,sao paulo,SP,electronics,1,0.0,0.0,1.53
5d76d80a2f5f39c891b996a1bf4c9853,sao paulo,SP,perfumery,2,0.0,0.0,0.72
5d76d80a2f5f39c891b996a1bf4c9853,sao paulo,SP,watches_gifts,2,0.0,0.0,2.06
5d9dc90a686a8fddacffab6bab5653a3,santana de parnaiba,SP,sports_leisure,12,8.33,0.0,1.2
5d9f3746e112e696f98ea22c56b3e912,sao paulo,SP,garden_tools,1,0.0,0.0,1.15
5db42a6cd9bf1bf0d3aab9582767f168,vitoria,ES,housewares,1,0.0,0.0,1.64
5dc203c7b84a0e71e878a179de05fb9a,pompeia,SP,electronics,1,100.0,0.0,1.53
5dc203c7b84a0e71e878a179de05fb9a,pompeia,SP,garden_tools,3,0.0,0.0,1.15
5dc203c7b84a0e71e878a179de05fb9a,pompeia,SP,telephony,1,0.0,0.0,1.85
5dceca129747e92ff8ef7a997dc4f8ca,santa barbara d´oeste,SP,baby,102,41.18,0.98,1.71
5dceca129747e92ff8ef7a997dc4f8ca,santa barbara d´oeste,SP,bed_bath_table,16,12.5,0.0,1.51
5dceca129747e92ff8ef7a997dc4f8ca,santa barbara d´oeste,SP,cool_stuff,7,14.29,14.29,1.28
5dceca129747e92ff8ef7a997dc4f8ca,santa barbara d´oeste,SP,fashion_sport,2,0.0,0.0,0.0
5dceca129747e92ff8ef7a997dc4f8ca,santa barbara d´oeste,SP,home_confort,9,22.22,0.0,2.17
5dceca129747e92ff8ef7a997dc4f8ca,santa barbara d´oeste,SP,luggage_accessories,181,7.73,1.66,0.9
5de1c80811ce7007f62f00d971236c09,florianopolis,SC,housewares,1,0.0,0.0,1.64
5debea795b07621e1f90532e18f96145,apucarana,PR,cool_stuff,1,0.0,0.0,1.28
5debea795b07621e1f90532e18f96145,apucarana,PR,health_beauty,24,8.33,4.17,1.2
5def4c3732941a971cba8fdee992ede1,sao paulo,SP,auto,1,0.0,0.0,1.48
5def4c3732941a971cba8fdee992ede1,sao paulo,SP,costruction_tools_tools,2,0.0,0.0,5.32
5def4c3732941a971cba8fdee992ede1,sao paulo,SP,housewares,1,0.0,0.0,1.64
5def4c3732941a971cba8fdee992ede1,sao paulo,SP,stationery,1,0.0,0.0,1.34
5e063e85d44b0f5c3e6ec3131103a57e,sao paulo,SP,health_beauty,1,0.0,0.0,1.2
5e105f5c9f63f5f1fd75d6cb942e55b1,sao jose do rio preto,SP,housewares,8,12.5,0.0,1.64
5e106d93b717c2682b9383da480364a1,santa terezinha de itaipu,PR,computers_accessories,1,0.0,0.0,1.89
5e25c632f9db6cfb8bc100421c2737b6,chapeco,SC,sports_leisure,1,0.0,0.0,1.2
5e49e3a44bdeb5aab2684258bbd4f525,balenario camboriu,SC,sports_leisure,3,0.0,0.0,1.2
5e9f5bd34e0830569f05c9d4f56e04a8,porto alegre,RS,luggage_accessories,2,0.0,0.0,0.9
5ee7fd217d08dfe5d3e2f51f96a12c9a,vargem grande do sul,SP,auto,7,42.86,14.29,1.48
5ee7fd217d08dfe5d3e2f51f96a12c9a,vargem grande do sul,SP,pet_shop,2,0.0,0.0,1.67
5eeb9c756d9780b96283e5a2ac6da334,ribeirao preto,SP,sports_leisure,9,11.11,0.0,1.2
5ef131ac72773e5b3f6c0d63cf424657,ribeirao preto,SP,toys,9,11.11,11.11,1.49
5f0057b677eb963672bf05dfa3f16c34,sao paulo,SP,audio,3,0.0,0.0,3.23
5f0057b677eb963672bf05dfa3f16c34,sao paulo,SP,computers_accessories,1,0.0,0.0,1.89
5f06030071324cc52bf0304014ac7234,marilia,SP,bed_bath_table,4,25.0,0.0,1.51
5f1dc28029d2c244352a68107ec2b542,sao paulo,SP,cool_stuff,2,0.0,0.0,1.28
5f1dc28029d2c244352a68107ec2b542,sao paulo,SP,fashion_shoes,2,0.0,0.0,0.87
5f1dc28029d2c244352a68107ec2b542,sao paulo,SP,fashion_underwear_beach,4,0.0,0.0,0.86
5f1dc28029d2c244352a68107ec2b542,sao paulo,SP,fixed_telephony,1,0.0,0.0,2.39
5f1dc28029d2c244352a68107ec2b542,sao paulo,SP,health_beauty,20,10.0,0.0,1.2
5f1dc28029d2c244352a68107ec2b542,sao paulo,SP,housewares,13,7.69,0.0,1.64
5f1dc28029d2c244352a68107ec2b542,sao paulo,SP,perfumery,6,0.0,0.0,0.72
5f1dc28029d2c244352a68107ec2b542,sao paulo,SP,sports_leisure,3,0.0,0.0,1.2
5f1dc28029d2c244352a68107ec2b542,sao paulo,SP,toys,9,11.11,0.0,1.49
5f2684dab12e59f83bef73ae57724e45,sao paulo,SP,construction_tools_safety,1,100.0,100.0,2.61
5f2684dab12e59f83bef73ae57724e45,sao paulo,SP,cool_stuff,1,0.0,0.0,1.28
5f2684dab12e59f83bef73ae57724e45,sao paulo,SP,fashion_bags_accessories,2,0.0,0.0,1.11
5f2684dab12e59f83bef73ae57724e45,sao paulo,SP,luggage_accessories,1,100.0,0.0,0.9
5f2684dab12e59f83bef73ae57724e45,sao paulo,SP,toys,62,22.58,4.84,1.49
5f26c1408a65b42a7224cd463bdf3292,arapongas,PR,food,2,0.0,0.0,0.7
5f26c1408a65b42a7224cd463bdf3292,arapongas,PR,health_beauty,8,0.0,0.0,1.2
5f3ae9136c875522250f8184f253413a,sao paulo,SP,books_general_interest,3,0.0,0.0,0.41
5f3ae9136c875522250f8184f253413a,sao paulo,SP,books_technical,39,2.56,0.0,0.79
5f57db27027655e6c6a391601daa0258,viana,ES,auto,1,0.0,0.0,1.48
5f5a58930c3c35f3b5af264f34fb8c85,ribeirao preto,SP,construction_tools_construction,1,0.0,0.0,1.8
5f5a58930c3c35f3b5af264f34fb8c85,ribeirao preto,SP,home_appliances_2,2,0.0,0.0,4.0
5f5b43b2bffa8656e4bc6efeb13cc649,sao paulo,SP,fashion_bags_accessories,1,0.0,0.0,1.11
5f5b43b2bffa8656e4bc6efeb13cc649,sao paulo,SP,luggage_accessories,1,100.0,0.0,0.9
5f5b43b2bffa8656e4bc6efeb13cc649,sao paulo,SP,sports_leisure,1,0.0,0.0,1.2
5f5b43b2bffa8656e4bc6efeb13cc649,sao paulo,SP,stationery,24,4.17,0.0,1.34
5f67c6082caacb26e431a7b17940cece,maringa,PR,computers_accessories,13,23.08,0.0,1.89
5f7300535881cef3b625fd683cf7d145,canoas,RS,bed_bath_table,1,0.0,0.0,1.51
5fd924b4836098a5be0ecf81ba054ce0,sao paulo,SP,garden_tools,7,14.29,0.0,1.15
602044f2c16190c2c6e45eb35c2e21cb,ibitinga,SP,bed_bath_table,45,35.56,6.67,1.51
6025c79c035c3d772133b8b8238463b2,pinhais/pr,PR,auto,2,0.0,0.0,1.48
6039e27294dc75811c0d8a39069f52c0,osasco,SP,computers_accessories,5,40.0,0.0,1.89
6039e27294dc75811c0d8a39069f52c0,osasco,SP,electronics,35,20.0,0.0,1.53
6039e27294dc75811c0d8a39069f52c0,osasco,SP,market_place,22,13.64,0.0,1.5
60562ab00b8054280520d390c8c0045c,sao paulo,SP,auto,17,0.0,0.0,1.48
6061155addc1e54b4cfb51c1c2a32ad8,campinas,SP,health_beauty,4,0.0,0.0,1.2
6061155addc1e54b4cfb51c1c2a32ad8,campinas,SP,pet_shop,23,0.0,0.0,1.67
606ce7768feac12c5e8bd58db8b08f0f,campinas,SP,watches_gifts,5,0.0,0.0,2.06
609e1a9a6c2539919b8205cf7c4e6ff0,brusque,SC,baby,1,0.0,0.0,1.71
609e1a9a6c2539919b8205cf7c4e6ff0,brusque,SC,bed_bath_table,80,20.0,1.25,1.51
609e1a9a6c2539919b8205cf7c4e6ff0,brusque,SC,pet_shop,1,0.0,0.0,1.67
60da8bfa7eebe230b7d66ac4082d79b3,fernando prestes,SP,computers_accessories,2,0.0,0.0,1.89
610f72e407cdd7caaa2f8167b0163fd8,sao paulo,SP,bed_bath_table,15,26.67,6.67,1.51
612170e34b97004b3ba37eae81836b4c,novo hamburgo,RS,baby,3,0.0,0.0,1.71
612170e34b97004b3ba37eae81836b4c,novo hamburgo,RS,computers_accessories,10,10.0,10.0,1.89
612170e34b97004b3ba37eae81836b4c,novo hamburgo,RS,consoles_games,13,0.0,0.0,1.09
612170e34b97004b3ba37eae81836b4c,novo hamburgo,RS,cool_stuff,13,0.0,0.0,1.28
612170e34b97004b3ba37eae81836b4c,novo hamburgo,RS,electronics,17,11.76,0.0,1.53
612170e34b97004b3ba37eae81836b4c,novo hamburgo,RS,fixed_telephony,7,14.29,14.29,2.39
612170e34b97004b3ba37eae81836b4c,novo hamburgo,RS,perfumery,1,0.0,0.0,0.72
612170e34b97004b3ba37eae81836b4c,novo hamburgo,RS,signaling_and_security,6,0.0,0.0,2.92
612170e34b97004b3ba37eae81836b4c,novo hamburgo,RS,sports_leisure,1,0.0,0.0,1.2
612170e34b97004b3ba37eae81836b4c,novo hamburgo,RS,stationery,2,0.0,0.0,1.34
612170e34b97004b3ba37eae81836b4c,novo hamburgo,RS,telephony,9,11.11,11.11,1.85
612170e34b97004b3ba37eae81836b4c,novo hamburgo,RS,watches_gifts,25,12.0,4.0,2.06
612a743d294c27884fb7b80d2b19ba35,curitiba,PR,furniture_decor,1,0.0,0.0,1.33
612a743d294c27884fb7b80d2b19ba35,curitiba,PR,sports_leisure,1,0.0,0.0,1.2
615005a3ef192c00c6f0e977cee3d2bc,itu,SP,sports_leisure,10,30.0,0.0,1.2
615c3462099ffa940d37b17dfda19594,rio de janeiro,RJ,health_beauty,2,0.0,0.0,1.2
6179a28a13a726c29b3bf54c070dccab,varginha,MG,luggage_accessories,1,0.0,0.0,0.9
6187a137b2af59dfdbad8d9f8c373c14,osasco,SP,bed_bath_table,2,50.0,0.0,1.51
61b18775be84fb700a6b2d0ba097bf66,araraquara,SP,pet_shop,4,0.0,0.0,1.67
61c36f0fc4a47f9532e5512b66668e62,guarulhos,SP,watches_gifts,1,100.0,100.0,2.06
620c87c171fb2a6dd6e8bb4dec959fc6,petropolis,RJ,health_beauty,359,13.37,1.11,1.2
620c87c171fb2a6dd6e8bb4dec959fc6,petropolis,RJ,perfumery,355,9.01,0.28,0.72
6219ba2359cfb97f2e38fd4c321eb309,sao paulo,SP,housewares,4,25.0,0.0,1.64
6235903333ba7de1928c869e268e5964,treze tilias,SC,drinks,1,0.0,0.0,0.35
624f4ece8da4aafb77699233d480f8ef,sao paulo,SP,furniture_decor,49,12.24,2.04,1.33
624f4ece8da4aafb77699233d480f8ef,sao paulo,SP,market_place,1,0.0,0.0,1.5
626ab1cd96932367f0eeec2e47046c12,sao paulo,SP,garden_tools,2,0.0,0.0,1.15
626ab1cd96932367f0eeec2e47046c12,sao paulo,SP,housewares,1,0.0,0.0,1.64
62760d278921b5f352461620d68a9cee,salto,SP,furniture_decor,3,33.33,0.0,1.33
6288c69c4ce638e59925e59193f98b16,santo andre,SP,electronics,8,0.0,0.0,1.53
6288c69c4ce638e59925e59193f98b16,santo andre,SP,garden_tools,3,0.0,0.0,1.15
6288c69c4ce638e59925e59193f98b16,santo andre,SP,toys,9,11.11,0.0,1.49
62c50c1af4dfdc4149d25c5222043d39,sao paulo,SP,fixed_telephony,6,16.67,0.0,2.39
62c50c1af4dfdc4149d25c5222043d39,sao paulo,SP,furniture_decor,2,0.0,0.0,1.33
62c50c1af4dfdc4149d25c5222043d39,sao paulo,SP,garden_tools,1,100.0,0.0,1.15
62c50c1af4dfdc4149d25c5222043d39,sao paulo,SP,home_construction,3,0.0,0.0,1.08
62de60d81c55c29d76a6bce418b31cef,ibitinga,SP,auto,1,0.0,0.0,1.48
630008e0f062605a415d694489f6f82e,sao paulo,SP,electronics,1,0.0,100.0,1.53
63191ead8d3b2f937cd1996fdcbbad20,jundiai,SP,musical_instruments,1,0.0,0.0,1.83
63272377184e969942f7fff221be858d,sao paulo,SP,housewares,2,0.0,0.0,1.64
6338ea67c41078a46ad99cc009654956,farroupilha,RS,auto,34,5.88,0.0,1.48
633ecdf879b94b5337cca303328e4a25,sao paulo,SP,health_beauty,5,80.0,20.0,1.2
634964b17796e64304cadf1ad3050fb7,rio de janeiro,RJ,agro_industry_and_commerce,1,0.0,0.0,3.39
634964b17796e64304cadf1ad3050fb7,rio de janeiro,RJ,auto,19,31.58,5.26,1.48
634964b17796e64304cadf1ad3050fb7,rio de janeiro,RJ,electronics,6,16.67,0.0,1.53
634964b17796e64304cadf1ad3050fb7,rio de janeiro,RJ,food,1,100.0,0.0,0.7
634964b17796e64304cadf1ad3050fb7,rio de janeiro,RJ,furniture_decor,1,0.0,0.0,1.33
634964b17796e64304cadf1ad3050fb7,rio de janeiro,RJ,housewares,1,0.0,0.0,1.64
634964b17796e64304cadf1ad3050fb7,rio de janeiro,RJ,sports_leisure,5,40.0,0.0,1.2
634964b17796e64304cadf1ad3050fb7,rio de janeiro,RJ,stationery,2,0.0,0.0,1.34
634964b17796e64304cadf1ad3050fb7,rio de janeiro,RJ,telephony,8,12.5,0.0,1.85
634964b17796e64304cadf1ad3050fb7,rio de janeiro,RJ,toys,1,0.0,0.0,1.49
634964b17796e64304cadf1ad3050fb7,rio de janeiro,RJ,watches_gifts,217,12.44,1.38,2.06
63704069d9bd3a75c1cf59babe56004a,jundiai,SP,drinks,1,100.0,0.0,0.35
638cba8be1fb599bbb76fd6948351eb3,sao jose dos campos,SP,food_drink,3,0.0,0.0,0.0
638cba8be1fb599bbb76fd6948351eb3,sao jose dos campos,SP,sports_leisure,13,7.69,0.0,1.2
63a79f5a7eb5cb48a7e5787b141c7993,patos de minas,MG,baby,1,0.0,0.0,1.71
63a79f5a7eb5cb48a7e5787b141c7993,patos de minas,MG,toys,10,0.0,0.0,1.49
63b464dbf392c7b80d12d932fa7cafed,sao paulo,SP,furniture_decor,36,16.67,5.56,1.33
63b9ae557efed31d1f7687917d248a8d,sao jose do rio pardo,SP,auto,2,0.0,0.0,1.48
63b9ae557efed31d1f7687917d248a8d,sao jose do rio pardo,SP,furniture_decor,3,33.33,0.0,1.33
63ffcb71394dd8ea3872ed9ffda17c74,itaborai,RJ,sports_leisure,3,0.0,0.0,1.2
640e21a7d01df7614a3b4923e990d40c,ibitinga,SP,bed_bath_table,111,6.31,0.9,1.51
6426d21aca402a131fc0a5d0960a3c90,ribeirao preto,SP,bed_bath_table,12,8.33,0.0,1.51
6426d21aca402a131fc0a5d0960a3c90,ribeirao preto,SP,housewares,8,12.5,0.0,1.64
6426d21aca402a131fc0a5d0960a3c90,ribeirao preto,SP,sports_leisure,1,0.0,0.0,1.2
6426d21aca402a131fc0a5d0960a3c90,ribeirao preto,SP,toys,2,0.0,0.0,1.49
643214e62b870443ccbe55ab29a4dccf,sao paulo,SP,fashion_bags_accessories,64,4.69,0.0,1.11
643214e62b870443ccbe55ab29a4dccf,sao paulo,SP,perfumery,1,0.0,0.0,0.72
643c01d7c56a724bec0454f4780e8a3e,joinville,SC,garden_tools,2,0.0,0.0,1.15
6481e96574816ead57975da2c0f6d80d,sorocaba,SP,agro_industry_and_commerce,13,7.69,0.0,3.39
6481e96574816ead57975da2c0f6d80d,sorocaba,SP,bed_bath_table,2,0.0,0.0,1.51
6481e96574816ead57975da2c0f6d80d,sorocaba,SP,garden_tools,1,0.0,0.0,1.15
6481e96574816ead57975da2c0f6d80d,sorocaba,SP,housewares,1,0.0,0.0,1.64
6481e96574816ead57975da2c0f6d80d,sorocaba,SP,signaling_and_security,14,7.14,0.0,2.92
64c9a1db4e73e19aaafd3286dc448c96,curitiba,PR,housewares,1,0.0,0.0,1.64
64cc804291f90c81f02bfc2bb58ff55a,curitiba,PR,furniture_decor,2,0.0,0.0,1.33
651530bf5c607240ccdd89a30c9c9712,ipira,BA,fashion_bags_accessories,1,0.0,100.0,1.11
651fe66032c9520ee5587f694908040d,alvorada,RS,electronics,1,100.0,100.0,1.53
651fe66032c9520ee5587f694908040d,alvorada,RS,fashion_bags_accessories,6,0.0,0.0,1.11
6524b847b982cd56bb5d4b02b776ee42,campinas,SP,computers_accessories,1,0.0,0.0,1.89
6548c2550b6e2d8f18053216e1c7b6f3,diadema,SP,housewares,3,0.0,0.0,1.64
655220df33262c7e0c4949a147366f94,diadema,SP,luggage_accessories,10,20.0,0.0,0.9
655220df33262c7e0c4949a147366f94,diadema,SP,pet_shop,3,0.0,0.0,1.67
6560211a19b47992c3666cc44a7e94c0,sao paulo,SP,audio,30,23.33,6.67,3.23
6560211a19b47992c3666cc44a7e94c0,sao paulo,SP,computers_accessories,12,8.33,0.0,1.89
6560211a19b47992c3666cc44a7e94c0,sao paulo,SP,construction_tools_safety,1,0.0,0.0,2.61
6560211a19b47992c3666cc44a7e94c0,sao paulo,SP,fashion_bags_accessories,318,12.58,1.57,1.11
6560211a19b47992c3666cc44a7e94c0,sao paulo,SP,perfumery,11,9.09,0.0,0.72
6560211a19b47992c3666cc44a7e94c0,sao paulo,SP,sports_leisure,6,16.67,0.0,1.2
6560211a19b47992c3666cc44a7e94c0,sao paulo,SP,watches_gifts,1417,16.58,2.05,2.06
6561d6bf844e464b4019442692b40e02,franco da rocha,SP,sports_leisure,1,0.0,0.0,1.2
6562efe88ce0826a4ca4f189f03b4b84,maringa,PR,furniture_decor,8,12.5,0.0,1.33
656591be56071d4c9ef4e5fee78a578a,santo andre,SP,office_furniture,7,0.0,0.0,3.4
657969cca82e884d272385ec0ef06edd,estancia velha,RS,sports_leisure,3,0.0,0.0,1.2
659e8466eb3ff1b0e8740d74fb7bbedd,eunapolis,BA,health_beauty,11,9.09,0.0,1.2
65a7c0788e4d632ccb5e1b594b87f0bb,sao paulo,SP,drinks,3,0.0,0.0,0.35
65b081a070633e057c462abdd6fb9dd8,morrinhos,GO,perfumery,19,10.53,0.0,0.72
65c255b299faf2d12050937cc219c46c,sao paulo,SP,perfumery,2,0.0,0.0,0.72
65febd49fd28ec955651299159b1f527,sao paulo,SP,housewares,33,9.09,6.06,1.64
6601ee6383e7f452be71929f8de48bbb,ribeirao pretp,SP,perfumery,2,0.0,0.0,0.72
6614814a00d344b846ae209f95ee7e3f,macatuba,SP,art,1,100.0,0.0,1.59
661ad5fcc28cdfb8bcadb12bb2272475,balneario camboriu,SC,pet_shop,4,0.0,0.0,1.67
6624bc09786f0e41ae48dfc5eeb1a9e2,belo horizonte,MG,garden_tools,1,0.0,0.0,1.15
6650fcccd8cd2f7e55ffa524f30c4c59,sao paulo,SP,luggage_accessories,2,50.0,0.0,0.9
668bf321538e5072858eaef6087ce027,pinhais,PR,housewares,1,0.0,0.0,1.64
66922902710d126a0e7d26b0e3805106,belo horizonte,MG,pet_shop,149,5.37,0.67,1.67
669ae81880e08f269a64487cfb287169,rio do sul,SC,books_general_interest,53,15.09,0.0,0.41
669ae81880e08f269a64487cfb287169,rio do sul,SC,drinks,1,0.0,0.0,0.35
669ae81880e08f269a64487cfb287169,rio do sul,SC,sports_leisure,106,10.38,0.0,1.2
66dc1b1632bd6a3e508510c5b3492107,jau,SP,auto,7,14.29,0.0,1.48
66dc1b1632bd6a3e508510c5b3492107,jau,SP,computers_accessories,3,66.67,0.0,1.89
66dc1b1632bd6a3e508510c5b3492107,jau,SP,health_beauty,3,33.33,0.0,1.2
66dc1b1632bd6a3e508510c5b3492107,jau,SP,sports_leisure,11,27.27,18.18,1.2
66dc1b1632bd6a3e508510c5b3492107,jau,SP,telephony,8,12.5,12.5,1.85
66dc1b1632bd6a3e508510c5b3492107,jau,SP,toys,1,0.0,0.0,1.49
66dc1b1632bd6a3e508510c5b3492107,jau,SP,watches_gifts,3,33.33,33.33,2.06
66e0557ecc2b4dbea057e93f215f68d8,sao paulo,SP,consoles_games,30,13.33,0.0,1.09
66fd84ee7528c0c0de85d0f44a73d5ab,campina das missoes,RS,computers_accessories,9,33.33,0.0,1.89
670a9dda115b5a88b18cfadee8de2332,ribeirao preto,SP,fashion_bags_accessories,9,0.0,0.0,1.11
670a9dda115b5a88b18cfadee8de2332,ribeirao preto,SP,furniture_decor,1,0.0,0.0,1.33
670a9dda115b5a88b18cfadee8de2332,ribeirao preto,SP,stationery,1,0.0,0.0,1.34
670c26e0f1bf8d0576271d5cfaec6d2b,maringa,PR,health_beauty,5,0.0,0.0,1.2
670c26e0f1bf8d0576271d5cfaec6d2b,maringa,PR,sports_leisure,71,7.04,1.41,1.2
671585f5a2af58b6e276bc01003c0d2b,curitiba,PR,housewares,27,3.7,0.0,1.64
67225bff54a172ff67579aaf583efd78,marechal candido rondon,PA,sports_leisure,8,0.0,0.0,1.2
674207551483fec113276b67b0d871ff,sorocaba,SP,housewares,1,0.0,0.0,1.64
6750d71153f00fc58829af2a8ef1bcf1,rio bonito,RJ,sports_leisure,6,16.67,0.0,1.2
67883baaae6134ee81b271a542613728,sao paulo,SP,sports_leisure,1,0.0,0.0,1.2
67883baaae6134ee81b271a542613728,sao paulo,SP,watches_gifts,18,11.11,0.0,2.06
679769a98cfcc6da877c8486ff1c13f3,ipatinga,MG,health_beauty,21,4.76,0.0,1.2
67bf6941ba2f1fa1d02c375766bc3e53,curitiba,PR,furniture_living_room,1,0.0,100.0,1.24
67bf6941ba2f1fa1d02c375766bc3e53,curitiba,PR,kitchen_dining_laundry_garden_furniture,2,0.0,0.0,1.69
67bf6941ba2f1fa1d02c375766bc3e53,curitiba,PR,office_furniture,12,8.33,0.0,3.4
6806dad1da97bfb5a9038eac6881f706,guaratuba,PR,auto,6,16.67,0.0,1.48
6806dad1da97bfb5a9038eac6881f706,guaratuba,PR,furniture_decor,1,0.0,0.0,1.33
6806dad1da97bfb5a9038eac6881f706,guaratuba,PR,housewares,1,0.0,0.0,1.64
6806dad1da97bfb5a9038eac6881f706,guaratuba,PR,sports_leisure,2,50.0,0.0,1.2
681fce914360217db47784ae28905a96,araucaria,PR,health_beauty,2,50.0,0.0,1.2
681fce914360217db47784ae28905a96,araucaria,PR,housewares,1,0.0,0.0,1.64
681fce914360217db47784ae28905a96,araucaria,PR,perfumery,17,11.76,0.0,0.72
6824a69c9ea0313eba299dd4a2dba09a,formiga,MG,construction_tools_construction,4,0.0,0.0,1.8
6824a69c9ea0313eba299dd4a2dba09a,formiga,MG,costruction_tools_garden,1,0.0,0.0,1.09
6824a69c9ea0313eba299dd4a2dba09a,formiga,MG,sports_leisure,1,0.0,0.0,1.2
685b870da5b52a710782c9c0fefbeb5b,sao bernardo do campo,SP,musical_instruments,2,50.0,0.0,1.83
6860153b69cc696d5dcfe1cdaaafcf62,capivari,SP,auto,1,100.0,0.0,1.48
6860153b69cc696d5dcfe1cdaaafcf62,capivari,SP,construction_tools_construction,71,14.08,1.41,1.8
6860153b69cc696d5dcfe1cdaaafcf62,capivari,SP,electronics,1,0.0,0.0,1.53
6861de0f40cacb0602e473c51639f980,curitiba,PR,office_furniture,5,20.0,0.0,3.4
686886775c8f6b1191c7b953fb52708c,pedreira,SP,furniture_decor,1,0.0,0.0,1.33
6879c4d287a8dd06b11f54ea8f78e4da,osasco,SP,health_beauty,2,0.0,0.0,1.2
6879c4d287a8dd06b11f54ea8f78e4da,osasco,SP,office_furniture,1,0.0,0.0,3.4
6879c4d287a8dd06b11f54ea8f78e4da,osasco,SP,stationery,2,0.0,0.0,1.34
688756f717c462a206ad854c5027a64a,guarulhos,SP,auto,1,0.0,0.0,1.48
688756f717c462a206ad854c5027a64a,guarulhos,SP,baby,2,50.0,0.0,1.71
688756f717c462a206ad854c5027a64a,guarulhos,SP,garden_tools,3,0.0,0.0,1.15
688756f717c462a206ad854c5027a64a,guarulhos,SP,housewares,68,16.18,5.88,1.64
688756f717c462a206ad854c5027a64a,guarulhos,SP,stationery,2,50.0,0.0,1.34
68ca56ce86830f3d31b1b7ec6a54da3e,guaratuba,PR,housewares,1,0.0,0.0,1.64
68ca56ce86830f3d31b1b7ec6a54da3e,guaratuba,PR,sports_leisure,1,0.0,0.0,1.2
68ca56ce86830f3d31b1b7ec6a54da3e,guaratuba,PR,stationery,2,0.0,0.0,1.34
68f86ba270525243e68ae74044f992b9,rio de janeiro,RJ,health_beauty,10,0.0,0.0,1.2
6902157ee16728322d61a1321fa79e58,sao paulo,SP,telephony,2,50.0,0.0,1.85
693660429f9dc4ff704eb3d88dad54d7,santo andre,SP,electronics,2,0.0,0.0,1.53
6973a06f484aacf400ece213dbf3d946,sao jose dos campos,SP,computers_accessories,81,19.75,2.47,1.89
6989574bd97d9773f10d232b6c07da59,curitiba,PR,garden_tools,1,0.0,0.0,1.15
6989574bd97d9773f10d232b6c07da59,curitiba,PR,luggage_accessories,6,0.0,0.0,0.9
698f5fa55a5f73d0740e9d9a773e8093,rio de janeiro,RJ,health_beauty,4,0.0,0.0,1.2
69a43819c758c65a5befb0b471c954d7,apucarana,PR,fashion_bags_accessories,2,0.0,0.0,1.11
69b5eaa096c3f9d1e5c398c597f567d6,birigui,SP,housewares,2,0.0,0.0,1.64
6a0cbc8af2e8abd1bdfb777943d174c6,batatais,SP,auto,4,0.0,0.0,1.48
6a0cbc8af2e8abd1bdfb777943d174c6,batatais,SP,sports_leisure,29,13.79,0.0,1.2
6a3139c7bf09ece22a4713d956acbe5e,sao sebastiao da grama/sp,SP,sports_leisure,1,0.0,0.0,1.2
6a38087bc8ad4f89ff453561005f6dea,anapolis,GO,computers_accessories,11,0.0,0.0,1.89
6a38087bc8ad4f89ff453561005f6dea,anapolis,GO,consoles_games,4,0.0,0.0,1.09
6a51fc556dab5f766ced6fbc860bc613,marilia,SP,air_conditioning,18,11.11,0.0,1.66
6a51fc556dab5f766ced6fbc860bc613,marilia,SP,costruction_tools_garden,2,0.0,0.0,1.09
6a51fc556dab5f766ced6fbc860bc613,marilia,SP,furniture_decor,2,50.0,0.0,1.33
6a51fc556dab5f766ced6fbc860bc613,marilia,SP,garden_tools,1,0.0,0.0,1.15
6a51fc556dab5f766ced6fbc860bc613,marilia,SP,housewares,1,100.0,0.0,1.64
6a53b90c3ad9e0b56d9fe5c69165fff5,curitiba,PR,baby,1,0.0,0.0,1.71
6a53b90c3ad9e0b56d9fe5c69165fff5,curitiba,PR,telephony,1,0.0,0.0,1.85
6a8a889bde935bafa76d7848782dfaf9,sao paulo,SP,home_appliances,6,0.0,0.0,1.08
6a8a889bde935bafa76d7848782dfaf9,sao paulo,SP,small_appliances,20,15.0,5.0,1.5
6a8b085f816a1f75f92dbac6eb545f8f,bebedouro,SP,auto,124,9.68,0.81,1.48
6aa3928696eab49a19a466e665a649fd,nova iguacu,RJ,health_beauty,17,5.88,0.0,1.2
6b15924333bd1a741595fe981ea04822,sao caetano do sul,SP,health_beauty,21,0.0,0.0,1.2
6b1c4d4d9ccf0be3d8544eb0e71e5318,porto alegre,RS,computers_accessories,1,0.0,0.0,1.89
6b243f80ed07b10f0e8aa0f21a205f3c,curitiba,PR,sports_leisure,78,10.26,1.28,1.2
6b2612338467c08c9b25f0cc55b1578d,marialva,PR,agro_industry_and_commerce,1,0.0,0.0,3.39
6b333a05bf188ef3e1f1662a86bd9855,brasilia,DF,air_conditioning,2,50.0,0.0,1.66
6b333a05bf188ef3e1f1662a86bd9855,brasilia,DF,auto,2,0.0,0.0,1.48
6b333a05bf188ef3e1f1662a86bd9855,brasilia,DF,cool_stuff,1,0.0,0.0,1.28
6b333a05bf188ef3e1f1662a86bd9855,brasilia,DF,home_appliances,1,0.0,0.0,1.08
6b333a05bf188ef3e1f1662a86bd9855,brasilia,DF,home_appliances_2,3,0.0,0.0,4.0
6b333a05bf188ef3e1f1662a86bd9855,brasilia,DF,small_appliances,3,0.0,0.0,1.5
6b3bd31ad8fcda4b2635ec9f3ff2ecdf,rio de janeiro,RJ,auto,1,0.0,0.0,1.48
6b3bd31ad8fcda4b2635ec9f3ff2ecdf,rio de janeiro,RJ,sports_leisure,33,15.15,0.0,1.2
6b536a23086fba0d58c08d68814397f6,niteroi,RJ,sports_leisure,15,6.67,0.0,1.2
6b536a23086fba0d58c08d68814397f6,niteroi,RJ,watches_gifts,3,66.67,66.67,2.06
6b803197e03abd5056b4313306b4f29d,sao paulo,SP,food,5,0.0,0.0,0.7
6b803197e03abd5056b4313306b4f29d,sao paulo,SP,health_beauty,2,0.0,0.0,1.2
6b90f847357d8981edd79a1eb1bf0acb,guarulhos,SP,cine_photo,9,0.0,0.0,1.59
6b90f847357d8981edd79a1eb1bf0acb,guarulhos,SP,consoles_games,8,12.5,0.0,1.09
6b90f847357d8981edd79a1eb1bf0acb,guarulhos,SP,food,5,20.0,20.0,0.7
6b90f847357d8981edd79a1eb1bf0acb,guarulhos,SP,health_beauty,16,6.25,0.0,1.2
6b90f847357d8981edd79a1eb1bf0acb,guarulhos,SP,sports_leisure,5,0.0,0.0,1.2
6b90f847357d8981edd79a1eb1bf0acb,guarulhos,SP,toys,2,0.0,0.0,1.49
6b9b80d53ba3676eafe60268a810b5a1,belo horizonte,SP,sports_leisure,9,11.11,0.0,1.2
6ba4733aa33f6386e9fb0c0fd3993b38,torres,RS,toys,1,0.0,0.0,1.49
6bb0724edf0b62fb91ac404873a97241,cotia,SP,electronics,15,6.67,0.0,1.53
6bb62a4912377c7bfe7cb17b406bc7e6,jundiai,SP,construction_tools_safety,2,0.0,0.0,2.61
6bb62a4912377c7bfe7cb17b406bc7e6,jundiai,SP,electronics,1,100.0,0.0,1.53
6bb62a4912377c7bfe7cb17b406bc7e6,jundiai,SP,home_construction,1,0.0,0.0,1.08
6bbcb8924baf70b7fe2fe2097e8cd407,blumenau,SC,party_supplies,8,12.5,0.0,0.0
6bbcb8924baf70b7fe2fe2097e8cd407,blumenau,SC,stationery,2,0.0,0.0,1.34
6bcb2352a2a0c38b845f598298ab9d26,maringa,PR,computers_accessories,1,0.0,0.0,1.89
6bd503a8230299c9316fb0f726933927,morrinhos,GO,health_beauty,2,0.0,0.0,1.2
6bd503a8230299c9316fb0f726933927,morrinhos,GO,perfumery,2,0.0,0.0,0.72
6bd69102ab48df500790a8cecfc285c2,sao paulo,SP,agro_industry_and_commerce,5,60.0,0.0,3.39
6bef34c5be6f2bbd70aa5165f6df94b1,timbo,SC,consoles_games,2,50.0,0.0,1.09
6c12e40690c335dbc2f68a4134d30dc1,castro,PR,garden_tools,6,33.33,0.0,1.15
6c12e40690c335dbc2f68a4134d30dc1,castro,PR,health_beauty,3,0.0,0.0,1.2
6c12e40690c335dbc2f68a4134d30dc1,castro,PR,sports_leisure,5,0.0,0.0,1.2
6c177e38df6d3f34182b1f1d427231bf,curitiba,PR,auto,1,0.0,0.0,1.48
6c177e38df6d3f34182b1f1d427231bf,curitiba,PR,consoles_games,1,100.0,0.0,1.09
6c177e38df6d3f34182b1f1d427231bf,curitiba,PR,dvds_blu_ray,1,100.0,0.0,0.0
6c177e38df6d3f34182b1f1d427231bf,curitiba,PR,electronics,5,0.0,0.0,1.53
6c177e38df6d3f34182b1f1d427231bf,curitiba,PR,housewares,1,0.0,0.0,1.64
6c177e38df6d3f34182b1f1d427231bf,curitiba,PR,telephony,44,11.36,4.55,1.85
6c17baf138731a4aaacc3210adf2037b,franca,SP,perfumery,4,0.0,0.0,0.72
6c1b6d0c604b776f844125f911eb7377,sao paulo,SP,auto,2,0.0,0.0,1.48
6c1b6d0c604b776f844125f911eb7377,sao paulo,SP,baby,1,0.0,0.0,1.71
6c1b6d0c604b776f844125f911eb7377,sao paulo,SP,computers_accessories,1,0.0,0.0,1.89
6c6cc59a5c00cacc5054ca06d65cc282,santa maria,RS,pet_shop,1,0.0,0.0,1.67
6c6e3d67f969468f3bfd33f827a31222,maringa,PR,computers_accessories,5,0.0,0.0,1.89
6c77cd583b36a13aacccf2b3ee23e233,marilia,SP,furniture_decor,1,0.0,0.0,1.33
6c7d50c24b3ccd2fd83b44d8bb34e073,presidente prudente,SP,furniture_decor,90,4.44,0.0,1.33
6c7d50c24b3ccd2fd83b44d8bb34e073,presidente prudente,SP,kitchen_dining_laundry_garden_furniture,18,5.56,0.0,1.69
6c9875b2f94ba781186f0c1aed8d1687,brotas,SP,pet_shop,2,0.0,0.0,1.67
6c99c983ce3b6ba0ab813e6790e81691,uberlandia,MG,baby,1,0.0,0.0,1.71
6c99c983ce3b6ba0ab813e6790e81691,uberlandia,MG,toys,8,25.0,12.5,1.49
6cd68b3ed6d59aaa9fece558ad360c0a,belo horizonte,MG,housewares,5,0.0,0.0,1.64
6cd68b3ed6d59aaa9fece558ad360c0a,belo horizonte,MG,luggage_accessories,96,2.08,1.04,0.9
6cd68b3ed6d59aaa9fece558ad360c0a,belo horizonte,MG,sports_leisure,3,0.0,0.0,1.2
6cd68b3ed6d59aaa9fece558ad360c0a,belo horizonte,MG,stationery,33,6.06,0.0,1.34
6cf476a4ca74498db55cbccdaa9dcfb6,sao paulo,SP,auto,1,0.0,0.0,1.48
6cf476a4ca74498db55cbccdaa9dcfb6,sao paulo,SP,fashion_underwear_beach,4,50.0,0.0,0.86
6d04126aba80df143fd038e711b8fd96,rio de janeiro,RJ,sports_leisure,1,100.0,0.0,1.2
6d1b9c9579132c87d2703ec38c30f2c5,curitiba,PR,baby,2,0.0,0.0,1.71
6d1b9c9579132c87d2703ec38c30f2c5,curitiba,PR,toys,2,0.0,0.0,1.49
6d22a1fcebb6dd08c9cd90b92a93e8d0,joinville,SC,health_beauty,8,0.0,0.0,1.2
6d22a1fcebb6dd08c9cd90b92a93e8d0,joinville,SC,perfumery,4,25.0,0.0,0.72
6d2f2e3b539480db1e0842b3a4e32e6e,guarulhos,SP,furniture_decor,3,33.33,0.0,1.33
6d66611d7c44cc30ce351abc49a68421,sao paulo,SP,auto,16,18.75,0.0,1.48
6d66611d7c44cc30ce351abc49a68421,sao paulo,SP,baby,4,25.0,0.0,1.71
6d66611d7c44cc30ce351abc49a68421,sao paulo,SP,market_place,4,25.0,0.0,1.5
6d66611d7c44cc30ce351abc49a68421,sao paulo,SP,musical_instruments,92,13.04,3.26,1.83
6d66611d7c44cc30ce351abc49a68421,sao paulo,SP,pet_shop,16,12.5,0.0,1.67
6d66611d7c44cc30ce351abc49a68421,sao paulo,SP,sports_leisure,28,17.86,3.57,1.2
6d7f8d9d594e28796b6b3205b00f459c,curitiba,PR,furniture_decor,3,33.33,0.0,1.33
6d803cb79cc31c41c4c789a75933b3c7,sao joaquim da barra,SP,sports_leisure,58,8.62,0.0,1.2
6d988d6174a2c27441597174f8905515,maringa,PR,health_beauty,3,0.0,0.0,1.2
6d988d6174a2c27441597174f8905515,maringa,PR,housewares,16,18.75,0.0,1.64
6dd7dce75cd55c1ce255dc38d9f0cd46,palhoca,SC,cool_stuff,1,0.0,0.0,1.28
6ddc28b61be28373b4503a1f61cf98a9,sao paulo,SP,stationery,1,0.0,0.0,1.34
6ddc28b61be28373b4503a1f61cf98a9,sao paulo,SP,toys,9,11.11,0.0,1.49
6df688df543f90e9b38f4319e75a9d88,belo horizonte,MG,health_beauty,35,2.86,0.0,1.2
6e0908ef4d4efadbc3cc2b74ea477cb0,rio de janeiro,RJ,furniture_decor,4,0.0,0.0,1.33
6e13dd869aa7185f601c941423abcc8f,sao paulo,SP,health_beauty,5,0.0,0.0,1.2
6e1862e15f33d9994bc25922a85e1efc,rio claro,SP,perfumery,2,0.0,0.0,0.72
6e1862e15f33d9994bc25922a85e1efc,rio claro,SP,signaling_and_security,5,20.0,0.0,2.92
6e386f64c84e482f0b9abf960797ee1b,sao paulo,SP,health_beauty,28,3.57,0.0,1.2
6e4a902d1054e4e17aa6eab87fac1c75,sorocaba,SP,food,2,50.0,0.0,0.7
6e4a902d1054e4e17aa6eab87fac1c75,sorocaba,SP,home_appliances,4,0.0,0.0,1.08
6e4a902d1054e4e17aa6eab87fac1c75,sorocaba,SP,small_appliances,1,0.0,0.0,1.5
6e4f5ff6b086632ba8dcb558fb10249e,flores da cunha,RS,bed_bath_table,1,0.0,0.0,1.51
6e4f5ff6b086632ba8dcb558fb10249e,flores da cunha,RS,furniture_living_room,1,100.0,0.0,1.24
6e4f5ff6b086632ba8dcb558fb10249e,flores da cunha,RS,home_appliances_2,3,33.33,0.0,4.0
6e864f5c4669eff3d98140a07cc50202,sao paulo,SP,books_general_interest,5,20.0,0.0,0.41
6e864f5c4669eff3d98140a07cc50202,sao paulo,SP,books_technical,5,0.0,0.0,0.79
6e864f5c4669eff3d98140a07cc50202,sao paulo,SP,consoles_games,3,0.0,0.0,1.09
6eb94e1466490d327a09abf8f3552a50,jundiai,SP,health_beauty,5,0.0,0.0,1.2
6eb94e1466490d327a09abf8f3552a50,jundiai,SP,stationery,3,0.0,0.0,1.34
6ebf4eceee4dd9847201c82e77ef8123,rio de janeiro,RJ,health_beauty,1,0.0,0.0,1.2
6ec1a01e866584bb679eb9b098345919,santos,SP,health_beauty,26,15.38,0.0,1.2
6ec1a01e866584bb679eb9b098345919,santos,SP,housewares,3,0.0,0.0,1.64
6edacfd9f9074789dad6d62ba7950b9c,guarulhos,SP,auto,6,0.0,0.0,1.48
6edacfd9f9074789dad6d62ba7950b9c,guarulhos,SP,baby,1,0.0,0.0,1.71
6edacfd9f9074789dad6d62ba7950b9c,guarulhos,SP,bed_bath_table,1,0.0,0.0,1.51
6edacfd9f9074789dad6d62ba7950b9c,guarulhos,SP,computers_accessories,1,0.0,0.0,1.89
6edacfd9f9074789dad6d62ba7950b9c,guarulhos,SP,cool_stuff,6,0.0,0.0,1.28
6edacfd9f9074789dad6d62ba7950b9c,guarulhos,SP,fashion_bags_accessories,1,0.0,0.0,1.11
6edacfd9f9074789dad6d62ba7950b9c,guarulhos,SP,furniture_decor,113,6.19,0.0,1.33
6edacfd9f9074789dad6d62ba7950b9c,guarulhos,SP,housewares,51,7.84,0.0,1.64
6edacfd9f9074789dad6d62ba7950b9c,guarulhos,SP,luggage_accessories,2,0.0,0.0,0.9
6edacfd9f9074789dad6d62ba7950b9c,guarulhos,SP,market_place,4,25.0,0.0,1.5
6edacfd9f9074789dad6d62ba7950b9c,guarulhos,SP,perfumery,2,0.0,0.0,0.72
6edacfd9f9074789dad6d62ba7950b9c,guarulhos,SP,sports_leisure,3,0.0,0.0,1.2
6edacfd9f9074789dad6d62ba7950b9c,guarulhos,SP,stationery,4,0.0,0.0,1.34
6edacfd9f9074789dad6d62ba7950b9c,guarulhos,SP,telephony,2,50.0,50.0,1.85
6edacfd9f9074789dad6d62ba7950b9c,guarulhos,SP,toys,1,0.0,0.0,1.49
6ee85be3693ed79a8e80718743d80655,sao paulo,SP,electronics,5,40.0,0.0,1.53
6eeed17989b0ae47c9f11ece6f38ea90,sao paulo,SP,auto,3,33.33,0.0,1.48
6f1a1263039c76e68f40a8e536b1da6a,sao paulop,SP,food,2,50.0,0.0,0.7
6f229cc508fc6915ed5c499efd93baa4,rio de janeiro,RJ,sports_leisure,13,15.38,0.0,1.2
6f835fd4be26989b1b064399da346143,curitiba,PR,health_beauty,2,0.0,0.0,1.2
6f83d9e4da896daae20b9b6b2d3ff8d2,pinhalao,PR,housewares,9,11.11,0.0,1.64
6f892e20a171e98efe17fdb971ff319b,sao paulo,SP,fixed_telephony,1,0.0,0.0,2.39
6f892e20a171e98efe17fdb971ff319b,sao paulo,SP,stationery,2,0.0,0.0,1.34
6f892e20a171e98efe17fdb971ff319b,sao paulo,SP,telephony,37,10.81,0.0,1.85
6fa9202c10491e472dffd59a3e82b2a3,sorocaba,SP,housewares,3,0.0,33.33,1.64
6fc26fe110feebd80a433e1f012a84f9,fernandopolis,SP,furniture_decor,34,14.71,0.0,1.33
6fd52c528dcb38be2eea044946b811f8,sao paulo,SP,bed_bath_table,66,36.36,7.58,1.51
7008613ea464bad5cb9b83456e1e6a8f,canoinhas,SC,sports_leisure,122,7.38,1.64,1.2
700f03c207639c22d933381ff60b35c2,barretos,SP,pet_shop,4,25.0,0.0,1.67
70125af26c2d6d4ef401a1d02ae7701f,goiania,GO,sports_leisure,5,0.0,0.0,1.2
70126eecc6aa1274392a1743866e9678,barueri,SP,arts_and_craftmanship,1,0.0,0.0,9.09
70126eecc6aa1274392a1743866e9678,barueri,SP,toys,2,0.0,0.0,1.49
701938c450705b8ae65fc923b70f35c7,s jose do rio preto,SP,furniture_living_room,68,13.24,0.0,1.24
701938c450705b8ae65fc923b70f35c7,s jose do rio preto,SP,office_furniture,5,0.0,0.0,3.4
7040e82f899a04d1b434b795a43b4617,sao paulo,SP,audio,90,30.0,5.56,3.23
7040e82f899a04d1b434b795a43b4617,sao paulo,SP,baby,1,0.0,0.0,1.71
7040e82f899a04d1b434b795a43b4617,sao paulo,SP,computers_accessories,6,33.33,0.0,1.89
7040e82f899a04d1b434b795a43b4617,sao paulo,SP,costruction_tools_garden,5,40.0,0.0,1.09
7040e82f899a04d1b434b795a43b4617,sao paulo,SP,furniture_decor,2,50.0,50.0,1.33
7040e82f899a04d1b434b795a43b4617,sao paulo,SP,health_beauty,2,100.0,0.0,1.2
7040e82f899a04d1b434b795a43b4617,sao paulo,SP,housewares,31,16.13,3.23,1.64
7040e82f899a04d1b434b795a43b4617,sao paulo,SP,perfumery,19,10.53,0.0,0.72
7040e82f899a04d1b434b795a43b4617,sao paulo,SP,telephony,39,20.51,0.0,1.85
7040e82f899a04d1b434b795a43b4617,sao paulo,SP,toys,8,37.5,0.0,1.49
70849ca4f400aaabb62cb7462a6f1428,belo horizonte,MG,auto,1,0.0,0.0,1.48
70849ca4f400aaabb62cb7462a6f1428,belo horizonte,MG,electronics,1,0.0,0.0,1.53
70849ca4f400aaabb62cb7462a6f1428,belo horizonte,MG,furniture_living_room,3,33.33,0.0,1.24
70849ca4f400aaabb62cb7462a6f1428,belo horizonte,MG,musical_instruments,6,0.0,0.0,1.83
70849ca4f400aaabb62cb7462a6f1428,belo horizonte,MG,toys,1,0.0,0.0,1.49
709e16e2b25c7474d980076c6bfc4806,birigui,SP,bed_bath_table,3,0.0,0.0,1.51
709e16e2b25c7474d980076c6bfc4806,birigui,SP,health_beauty,44,2.27,0.0,1.2
709e16e2b25c7474d980076c6bfc4806,birigui,SP,housewares,3,0.0,0.0,1.64
709e16e2b25c7474d980076c6bfc4806,birigui,SP,perfumery,5,0.0,0.0,0.72
709e16e2b25c7474d980076c6bfc4806,birigui,SP,sports_leisure,4,0.0,0.0,1.2
70a12e78e608ac31179aea7f8422044b,jacarei,SP,audio,12,25.0,0.0,3.23
70a12e78e608ac31179aea7f8422044b,jacarei,SP,auto,17,17.65,5.88,1.48
70a12e78e608ac31179aea7f8422044b,jacarei,SP,baby,7,14.29,0.0,1.71
70a12e78e608ac31179aea7f8422044b,jacarei,SP,computers_accessories,105,18.1,2.86,1.89
70a12e78e608ac31179aea7f8422044b,jacarei,SP,consoles_games,8,12.5,0.0,1.09
70a12e78e608ac31179aea7f8422044b,jacarei,SP,construction_tools_construction,1,0.0,0.0,1.8
70a12e78e608ac31179aea7f8422044b,jacarei,SP,cool_stuff,4,0.0,0.0,1.28
70a12e78e608ac31179aea7f8422044b,jacarei,SP,electronics,30,20.0,3.33,1.53
70a12e78e608ac31179aea7f8422044b,jacarei,SP,fixed_telephony,3,66.67,0.0,2.39
70a12e78e608ac31179aea7f8422044b,jacarei,SP,health_beauty,42,19.05,0.0,1.2
70a12e78e608ac31179aea7f8422044b,jacarei,SP,housewares,4,0.0,0.0,1.64
70a12e78e608ac31179aea7f8422044b,jacarei,SP,perfumery,2,0.0,0.0,0.72
70a12e78e608ac31179aea7f8422044b,jacarei,SP,signaling_and_security,1,100.0,0.0,2.92
70a12e78e608ac31179aea7f8422044b,jacarei,SP,sports_leisure,5,40.0,0.0,1.2
70a12e78e608ac31179aea7f8422044b,jacarei,SP,telephony,66,22.73,1.52,1.85
70b52a4cfc823994561b00bad161b4ed,sao paulo,SP,auto,8,0.0,0.0,1.48
70bf57d811208f8923b41bbd499a67a4,franco da rocha,SP,cool_stuff,6,16.67,0.0,1.28
70bf57d811208f8923b41bbd499a67a4,franco da rocha,SP,health_beauty,1,0.0,0.0,1.2
70c0fda4c313d87115644d39e62eec60,caruaru,PE,housewares,1,0.0,0.0,1.64
70c27847eca8195c983ed7e798c56743,rio de janeiro,RJ,pet_shop,77,18.18,0.0,1.67
70c4eedec9cb4a85cda2f3f9673557b4,sao paulo,SP,computers_accessories,1,0.0,0.0,1.89
70ee69419916dc13e3aed619061f996c,mogi das cruzes,SP,furniture_decor,1,0.0,0.0,1.33
70eea00b476a314817cefde4aad4f89a,itatiba,SP,construction_tools_lights,1,0.0,0.0,0.88
70eea00b476a314817cefde4aad4f89a,itatiba,SP,cool_stuff,1,0.0,0.0,1.28
70eea00b476a314817cefde4aad4f89a,itatiba,SP,garden_tools,4,25.0,0.0,1.15
70eea00b476a314817cefde4aad4f89a,itatiba,SP,housewares,6,16.67,0.0,1.64
70eea00b476a314817cefde4aad4f89a,itatiba,SP,kitchen_dining_laundry_garden_furniture,5,0.0,0.0,1.69
70eea00b476a314817cefde4aad4f89a,itatiba,SP,sports_leisure,86,5.81,0.0,1.2
70f7e8018e3d46c748c92f026aa2585a,sao paulo,SP,health_beauty,1,0.0,0.0,1.2
70f84699be677ec988d1fa824aef7d90,sete lagoas,MG,musical_instruments,5,0.0,20.0,1.83
71039d19d4303bf9054d69e9a9236699,sao paulo,SP,cool_stuff,6,33.33,0.0,1.28
71039d19d4303bf9054d69e9a9236699,sao paulo,SP,sports_leisure,7,0.0,0.0,1.2
71039d19d4303bf9054d69e9a9236699,sao paulo,SP,toys,22,22.73,0.0,1.49
710e3548e02bc1d2831dfc4f1b5b14d4,rolandia,PR,auto,9,33.33,11.11,1.48
710e3548e02bc1d2831dfc4f1b5b14d4,rolandia,PR,computers_accessories,28,82.14,17.86,1.89
710e3548e02bc1d2831dfc4f1b5b14d4,rolandia,PR,costruction_tools_garden,1,0.0,0.0,1.09
710e3548e02bc1d2831dfc4f1b5b14d4,rolandia,PR,electronics,2,0.0,0.0,1.53
710e3548e02bc1d2831dfc4f1b5b14d4,rolandia,PR,furniture_decor,68,13.24,2.94,1.33
710e3548e02bc1d2831dfc4f1b5b14d4,rolandia,PR,market_place,2,0.0,0.0,1.5
710e3548e02bc1d2831dfc4f1b5b14d4,rolandia,PR,pet_shop,11,27.27,0.0,1.67
710e3548e02bc1d2831dfc4f1b5b14d4,rolandia,PR,sports_leisure,4,0.0,0.0,1.2
710e3548e02bc1d2831dfc4f1b5b14d4,rolandia,PR,watches_gifts,3,33.33,0.0,2.06
71271995e85f5b8530be99ed54a91b89,porto alegre,RS,housewares,6,33.33,0.0,1.64
712e6ed8aa4aa1fa65dab41fed5737e4,videira,SC,auto,76,35.53,5.26,1.48
712efd3b68f9686dc856b84abd0f21ae,curitiba,PR,baby,1,0.0,0.0,1.71
7139dc5186aa238b006e066d8fbab2e4,amparo,SP,art,4,0.0,0.0,1.59
7139dc5186aa238b006e066d8fbab2e4,amparo,SP,costruction_tools_tools,4,0.0,0.0,5.32
7139dc5186aa238b006e066d8fbab2e4,amparo,SP,furniture_decor,13,30.77,0.0,1.33
713e3a23ca5e47786eb6f0d99f94cfac,curitiba,PR,baby,4,0.0,0.0,1.71
7142540dd4c91e2237acb7e911c4eba2,penapolis,SP,auto,225,14.22,2.22,1.48
7142540dd4c91e2237acb7e911c4eba2,penapolis,SP,fashion_shoes,89,12.36,2.25,0.87
714b9a1332840f257b49f476bea4e341,monte alto,SP,computers_accessories,6,50.0,16.67,1.89
71592660bbcb6a4664e97b6f8b68babc,sao jose do rio preto,SP,computers_accessories,2,0.0,0.0,1.89
71592660bbcb6a4664e97b6f8b68babc,sao jose do rio preto,SP,construction_tools_safety,2,0.0,0.0,2.61
71592660bbcb6a4664e97b6f8b68babc,sao jose do rio preto,SP,electronics,1,0.0,0.0,1.53
71592660bbcb6a4664e97b6f8b68babc,sao jose do rio preto,SP,garden_tools,1,0.0,0.0,1.15
71593c7413973a1e160057b80d4958f6,sao paulo / sao paulo,SP,air_conditioning,1,100.0,0.0,1.66
71593c7413973a1e160057b80d4958f6,sao paulo / sao paulo,SP,furniture_decor,1,0.0,0.0,1.33
715bbd5ba4e6b74cb0d2f29eb45058b0,serra negra,SP,furniture_decor,24,0.0,0.0,1.33
715bbd5ba4e6b74cb0d2f29eb45058b0,serra negra,SP,housewares,4,0.0,0.0,1.64
715bbd5ba4e6b74cb0d2f29eb45058b0,serra negra,SP,kitchen_dining_laundry_garden_furniture,6,33.33,0.0,1.69
715bbd5ba4e6b74cb0d2f29eb45058b0,serra negra,SP,stationery,1,0.0,0.0,1.34
715bbd5ba4e6b74cb0d2f29eb45058b0,serra negra,SP,watches_gifts,26,7.69,0.0,2.06
7178e1eaa97257d8b6d4b80efd77a025,tatui,SP,costruction_tools_tools,1,0.0,0.0,5.32
7178f9f4dd81dcef02f62acdf8151e01,videira,SC,audio,1,0.0,0.0,3.23
7178f9f4dd81dcef02f62acdf8151e01,videira,SC,auto,13,15.38,0.0,1.48
7178f9f4dd81dcef02f62acdf8151e01,videira,SC,baby,3,0.0,0.0,1.71
7178f9f4dd81dcef02f62acdf8151e01,videira,SC,computers_accessories,26,15.38,0.0,1.89
7178f9f4dd81dcef02f62acdf8151e01,videira,SC,electronics,24,12.5,4.17,1.53
7178f9f4dd81dcef02f62acdf8151e01,videira,SC,food,2,0.0,0.0,0.7
7178f9f4dd81dcef02f62acdf8151e01,videira,SC,garden_tools,1,100.0,0.0,1.15
7178f9f4dd81dcef02f62acdf8151e01,videira,SC,health_beauty,54,14.81,1.85,1.2
7178f9f4dd81dcef02f62acdf8151e01,videira,SC,home_appliances,3,0.0,0.0,1.08
7178f9f4dd81dcef02f62acdf8151e01,videira,SC,home_construction,1,100.0,0.0,1.08
7178f9f4dd81dcef02f62acdf8151e01,videira,SC,musical_instruments,18,16.67,5.56,1.83
7178f9f4dd81dcef02f62acdf8151e01,videira,SC,perfumery,52,11.54,0.0,0.72
7178f9f4dd81dcef02f62acdf8151e01,videira,SC,stationery,1,0.0,0.0,1.34
7178f9f4dd81dcef02f62acdf8151e01,videira,SC,telephony,2,50.0,50.0,1.85
717b78b0950b51ed00b1471d858b0edc,alambari,SP,housewares,5,20.0,0.0,1.64
718539d38d07dd351c76db862760e2e2,campinas,SP,cool_stuff,1,0.0,0.0,1.28
718539d38d07dd351c76db862760e2e2,campinas,SP,pet_shop,34,2.94,0.0,1.67
71dc18fd8cbf5fd77f45dd8b427abb34,curitiba,PR,garden_tools,4,0.0,0.0,1.15
7202e2ba20579a9bd1acb29e61fe71f6,franca,SP,auto,7,14.29,14.29,1.48
7202e2ba20579a9bd1acb29e61fe71f6,franca,SP,telephony,43,16.28,4.65,1.85
720e6cf846ea7572cbb66b743fb91e6c,mogi das cruzes / sp,SP,health_beauty,1,0.0,0.0,1.2
7210cd29727d674c00741e5e387b3ccd,sao paulo,SP,food,1,100.0,0.0,0.7
7210cd29727d674c00741e5e387b3ccd,sao paulo,SP,food_drink,1,0.0,0.0,0.0
7210cd29727d674c00741e5e387b3ccd,sao paulo,SP,furniture_decor,1,0.0,0.0,1.33
7210cd29727d674c00741e5e387b3ccd,sao paulo,SP,health_beauty,3,0.0,0.0,1.2
7210cd29727d674c00741e5e387b3ccd,sao paulo,SP,perfumery,3,0.0,0.0,0.72
72146da5774cabf2632faedcae097a76,marechal candido rondon,PR,health_beauty,1,0.0,0.0,1.2
72146da5774cabf2632faedcae097a76,marechal candido rondon,PR,signaling_and_security,3,33.33,0.0,2.92
7238a95bb63ef7e498389fb863b834a1,limeira,SP,agro_industry_and_commerce,3,0.0,0.0,3.39
7238a95bb63ef7e498389fb863b834a1,limeira,SP,baby,7,0.0,0.0,1.71
7238a95bb63ef7e498389fb863b834a1,limeira,SP,costruction_tools_garden,5,0.0,0.0,1.09
7238f877570096ae403c51898fa64566,santana de parnaiba,SP,cool_stuff,3,0.0,0.0,1.28
723a46b89fd5c3ed78ccdf039e33ac63,"novo hamburgo, rio grande do sul, brasil",RS,auto,1,0.0,0.0,1.48
723cd880edaacdb998898b67c8f9da30,ibitinga,SP,bed_bath_table,7,28.57,14.29,1.51
723cd880edaacdb998898b67c8f9da30,ibitinga,SP,furniture_living_room,4,0.0,0.0,1.24
72431a818f97fe6ab9c81eee3e297e54,rio das pedras,SP,auto,1,0.0,0.0,1.48
725af026f869236a8dd0ceb98564d156,claudio,MG,housewares,5,0.0,0.0,1.64
725c32fa80c2faacc4fc88450d27314e,sao paulo,SP,baby,2,0.0,0.0,1.71
725c32fa80c2faacc4fc88450d27314e,sao paulo,SP,toys,84,2.38,0.0,1.49
7299e27ed73d2ad986de7f7c77d919fa,araguari,MG,art,3,0.0,0.0,1.59
7299e27ed73d2ad986de7f7c77d919fa,araguari,MG,auto,1,0.0,0.0,1.48
7299e27ed73d2ad986de7f7c77d919fa,araguari,MG,baby,1,0.0,0.0,1.71
7299e27ed73d2ad986de7f7c77d919fa,araguari,MG,bed_bath_table,1,0.0,0.0,1.51
7299e27ed73d2ad986de7f7c77d919fa,araguari,MG,consoles_games,151,4.64,0.0,1.09
7299e27ed73d2ad986de7f7c77d919fa,araguari,MG,cool_stuff,2,0.0,0.0,1.28
7299e27ed73d2ad986de7f7c77d919fa,araguari,MG,food,2,0.0,0.0,0.7
7299e27ed73d2ad986de7f7c77d919fa,araguari,MG,furniture_decor,1,0.0,0.0,1.33
7299e27ed73d2ad986de7f7c77d919fa,araguari,MG,housewares,72,11.11,1.39,1.64
7299e27ed73d2ad986de7f7c77d919fa,araguari,MG,small_appliances,8,12.5,0.0,1.5
7299e27ed73d2ad986de7f7c77d919fa,araguari,MG,sports_leisure,11,18.18,9.09,1.2
7299e27ed73d2ad986de7f7c77d919fa,araguari,MG,toys,80,5.0,0.0,1.49
7299e27ed73d2ad986de7f7c77d919fa,araguari,MG,watches_gifts,1,0.0,0.0,2.06
729b2d09b2a0bdab221076327f13d050,mineiros do tiete,SP,health_beauty,30,6.67,0.0,1.2
729b2d09b2a0bdab221076327f13d050,mineiros do tiete,SP,sports_leisure,18,0.0,5.56,1.2
729f06993dac8e860d4f02d7088ca48a,limeira,SP,housewares,69,13.04,1.45,1.64
729f06993dac8e860d4f02d7088ca48a,limeira,SP,pet_shop,23,4.35,8.7,1.67
72bc2cce903c872fe376a8faaa81d237,sao paulo,SP,books_general_interest,7,0.0,0.0,0.41
72bc2cce903c872fe376a8faaa81d237,sao paulo,SP,books_technical,10,10.0,0.0,0.79
72c38a04bd6a1c3dbc5298425a0db86d,cascavel,PR,computers_accessories,2,0.0,0.0,1.89
72c38a04bd6a1c3dbc5298425a0db86d,cascavel,PR,consoles_games,1,0.0,0.0,1.09
72c38a04bd6a1c3dbc5298425a0db86d,cascavel,PR,electronics,1,100.0,0.0,1.53
72c5da29406b4234927b81855e7b64f6,guarulhos,SP,auto,7,28.57,0.0,1.48
72c5da29406b4234927b81855e7b64f6,guarulhos,SP,construction_tools_construction,24,8.33,0.0,1.8
72c73be2b085b9d57650dd53eb2004c9,sao paulo,SP,auto,1,0.0,0.0,1.48
730937bf88cb151eb2eb849f642fc213,rio claro,SP,sports_leisure,22,9.09,0.0,1.2
7315baebc0572ff220d226283dc66728,sao carlos,SP,health_beauty,1,0.0,0.0,1.2
731ef20c231d9a7103a425e83fd91271,lages - sc,SC,kitchen_dining_laundry_garden_furniture,2,0.0,0.0,1.69
734def04b237117a09321dd6d8f3f2a2,araras,SP,musical_instruments,1,0.0,0.0,1.83
734def04b237117a09321dd6d8f3f2a2,araras,SP,toys,1,0.0,0.0,1.49
7354220fb240bde543b3c40c060d41e7,brasilia,DF,computers_accessories,5,0.0,0.0,1.89
7354220fb240bde543b3c40c060d41e7,brasilia,DF,consoles_games,1,0.0,0.0,1.09
7354220fb240bde543b3c40c060d41e7,brasilia,DF,luggage_accessories,1,0.0,0.0,0.9
7357b52d27cbaa90f81a96cbc1279396,lagoa santa,MG,cool_stuff,1,0.0,0.0,1.28
7357b52d27cbaa90f81a96cbc1279396,lagoa santa,MG,housewares,11,9.09,0.0,1.64
739c7d7be81f63812dea0d1b1451c651,campina grande,PB,housewares,2,0.0,0.0,1.64
73a63f72308aa20a46f4b1632018f196,curitiba,PR,construction_tools_construction,3,33.33,0.0,1.8
73a63f72308aa20a46f4b1632018f196,curitiba,PR,garden_tools,18,0.0,0.0,1.15
73a63f72308aa20a46f4b1632018f196,curitiba,PR,industry_commerce_and_business,2,0.0,0.0,1.33
73b8eb4a9a729d4019b24ed1be748cbf,campinas,SP,auto,5,0.0,0.0,1.48
73b8eb4a9a729d4019b24ed1be748cbf,campinas,SP,toys,2,0.0,0.0,1.49
73da1880b39c71de2b262bc7720c1494,sao carlos,SP,housewares,2,0.0,0.0,1.64
740205fedfe4e90ca6857bc77db0f2b4,caxias do sul,SP,small_appliances,1,0.0,0.0,1.5
7402d13c03a7e91366337cd1de471144,cambe,PR,kitchen_dining_laundry_garden_furniture,2,0.0,0.0,1.69
7402d13c03a7e91366337cd1de471144,cambe,PR,office_furniture,1,0.0,0.0,3.4
741f8c587cb4248ebc5b779a0e8e0e51,santo andre,SP,home_appliances,1,0.0,0.0,1.08
741f8c587cb4248ebc5b779a0e8e0e51,santo andre,SP,housewares,2,50.0,0.0,1.64
741f8c587cb4248ebc5b779a0e8e0e51,santo andre,SP,pet_shop,1,0.0,0.0,1.67
741f8c587cb4248ebc5b779a0e8e0e51,santo andre,SP,stationery,1,0.0,0.0,1.34
744dac408745240a2c2528fb1b6028f3,colombo,PR,audio,1,0.0,0.0,3.23
744dac408745240a2c2528fb1b6028f3,colombo,PR,electronics,4,0.0,0.0,1.53
744dac408745240a2c2528fb1b6028f3,colombo,PR,industry_commerce_and_business,2,0.0,0.0,1.33
744dac408745240a2c2528fb1b6028f3,colombo,PR,watches_gifts,71,4.23,0.0,2.06
74636e24f01da9268b0ed88dacd8513e,sao paulo,SP,housewares,3,0.0,0.0,1.64
74636e24f01da9268b0ed88dacd8513e,sao paulo,SP,sports_leisure,1,100.0,0.0,1.2
747c1cdcd1737dcfbd1547f6eb6f2cf3,ibitinga,SP,bed_bath_table,1,0.0,0.0,1.51
747e73c01a4593d4cf60dcf970fd2689,vitoria de santo antao,PE,watches_gifts,3,0.0,0.0,2.06
74871d19219c7d518d0090283e03c137,sao paulo,SP,cool_stuff,1,0.0,0.0,1.28
74871d19219c7d518d0090283e03c137,sao paulo,SP,food_drink,1,0.0,0.0,0.0
74871d19219c7d518d0090283e03c137,sao paulo,SP,sports_leisure,4,0.0,0.0,1.2
7494d0dcba8551df6cf37f1b905dc2f7,santos,SP,computers_accessories,1,0.0,0.0,1.89
74a9b9bddf14ece02beb81f52c41a88d,sao paulo,SP,cool_stuff,1,0.0,0.0,1.28
74a9b9bddf14ece02beb81f52c41a88d,sao paulo,SP,toys,1,100.0,0.0,1.49
74bafed391319577bce6f4d2acc0589a,sao paulo,SP,cool_stuff,1,100.0,0.0,1.28
74bafed391319577bce6f4d2acc0589a,sao paulo,SP,health_beauty,2,50.0,0.0,1.2
74c7dec0a384d8a05950e629bd23bde9,mogi guacu,SP,health_beauty,2,50.0,0.0,1.2
74c7dec0a384d8a05950e629bd23bde9,mogi guacu,SP,perfumery,2,0.0,0.0,0.72
750303a20e9c56b2a6bc45cdce0b897d,goiania,GO,auto,1,0.0,0.0,1.48
750303a20e9c56b2a6bc45cdce0b897d,goiania,GO,costruction_tools_tools,7,14.29,14.29,5.32
750303a20e9c56b2a6bc45cdce0b897d,goiania,GO,garden_tools,5,20.0,0.0,1.15
750303a20e9c56b2a6bc45cdce0b897d,goiania,GO,health_beauty,7,14.29,14.29,1.2
750303a20e9c56b2a6bc45cdce0b897d,goiania,GO,housewares,3,0.0,0.0,1.64
750303a20e9c56b2a6bc45cdce0b897d,goiania,GO,small_appliances,1,0.0,0.0,1.5
750303a20e9c56b2a6bc45cdce0b897d,goiania,GO,sports_leisure,29,6.9,6.9,1.2
751bdc4d83a466c7206cd42e8f426b03,ribeirao pires,SP,food,3,33.33,0.0,0.7
751bdc4d83a466c7206cd42e8f426b03,ribeirao pires,SP,food_drink,10,0.0,0.0,0.0
751bdc4d83a466c7206cd42e8f426b03,ribeirao pires,SP,sports_leisure,36,27.78,5.56,1.2
751e274377499a8503fd6243ad9c56f6,campinas,SP,construction_tools_safety,1,0.0,0.0,2.61
75745ef7bc7d4f3ea3380f6f5303f514,brasilia,DF,drinks,1,0.0,0.0,0.35
75745ef7bc7d4f3ea3380f6f5303f514,brasilia,DF,toys,2,0.0,0.0,1.49
7586919161935337bf6b6d7ff5779648,rio de janeiro,RJ,cool_stuff,1,0.0,0.0,1.28
7586919161935337bf6b6d7ff5779648,rio de janeiro,RJ,sports_leisure,10,30.0,10.0,1.2
75a4764c108403a7a0575140cb22287c,caxias do sul,RS,furniture_living_room,1,0.0,0.0,1.24
75a4764c108403a7a0575140cb22287c,caxias do sul,RS,housewares,4,0.0,0.0,1.64
75d34ebb1bd0bd7dde40dd507b8169c3,salvador,BA,computers_accessories,3,33.33,0.0,1.89
75d34ebb1bd0bd7dde40dd507b8169c3,salvador,BA,cool_stuff,1,0.0,0.0,1.28
75d34ebb1bd0bd7dde40dd507b8169c3,salvador,BA,telephony,52,19.23,0.0,1.85
75d34ebb1bd0bd7dde40dd507b8169c3,salvador,BA,watches_gifts,1,0.0,0.0,2.06
75fbb52eda0cbc24f479d3b2fbfa8d3e,goiania,GO,dvds_blu_ray,38,7.89,0.0,0.0
761681a821d8275bc79f552116d06869,sao paulo,SP,garden_tools,2,0.0,0.0,1.15
761681a821d8275bc79f552116d06869,sao paulo,SP,industry_commerce_and_business,1,0.0,0.0,1.33
762ed976527cddf02787edba70fffa2a,londrina,PR,furniture_decor,1,100.0,0.0,1.33
762ed976527cddf02787edba70fffa2a,londrina,PR,home_construction,2,50.0,0.0,1.08
762fafdaa57a532ee0119731697579dd,itu,SP,cool_stuff,2,0.0,0.0,1.28
762fafdaa57a532ee0119731697579dd,itu,SP,toys,2,0.0,0.0,1.49
76623fde66e6b63b59440fd34160512d,guarulhos,SP,fashion_bags_accessories,3,0.0,0.0,1.11
7681ef142fd2c19048da7430856b5588,guarulhos,SP,computers,25,16.0,0.0,1.73
7681ef142fd2c19048da7430856b5588,guarulhos,SP,construction_tools_lights,1,0.0,0.0,0.88
7681ef142fd2c19048da7430856b5588,guarulhos,SP,home_construction,2,0.0,0.0,1.08
7681ef142fd2c19048da7430856b5588,guarulhos,SP,housewares,1,0.0,0.0,1.64
7681ef142fd2c19048da7430856b5588,guarulhos,SP,industry_commerce_and_business,20,10.0,0.0,1.33
7681ef142fd2c19048da7430856b5588,guarulhos,SP,music,5,0.0,0.0,2.7
7681ef142fd2c19048da7430856b5588,guarulhos,SP,sports_leisure,1,0.0,0.0,1.2
76833248bbc0e65a0293ec62023e4396,birigui,SP,industry_commerce_and_business,2,0.0,0.0,1.33
768a86e36ad6aae3d03ee3c6433d61df,sao paulo,SP,baby,6,0.0,0.0,1.71
768a86e36ad6aae3d03ee3c6433d61df,sao paulo,SP,toys,10,0.0,0.0,1.49
768de2a4fc06aacecb9a586ccc30746a,brasilia,DF,books_general_interest,4,0.0,0.0,0.41
768de2a4fc06aacecb9a586ccc30746a,brasilia,DF,cool_stuff,9,11.11,0.0,1.28
76c47a299e4a8fe992316a85865acbe9,ribeirao preto,SP,health_beauty,6,0.0,0.0,1.2
76d336555bb25f3165d2f0d6da719c40,sorocaba,SP,sports_leisure,1,0.0,0.0,1.2
76d5af76d0271110f9af36c92573f765,sao paulo,SP,construction_tools_lights,1,0.0,0.0,0.88
76d5af76d0271110f9af36c92573f765,sao paulo,SP,cool_stuff,3,0.0,33.33,1.28
76d5af76d0271110f9af36c92573f765,sao paulo,SP,costruction_tools_garden,1,0.0,0.0,1.09
76d5af76d0271110f9af36c92573f765,sao paulo,SP,garden_tools,5,20.0,0.0,1.15
76d5af76d0271110f9af36c92573f765,sao paulo,SP,home_construction,11,18.18,9.09,1.08
76d5af76d0271110f9af36c92573f765,sao paulo,SP,pet_shop,19,10.53,5.26,1.67
76d5af76d0271110f9af36c92573f765,sao paulo,SP,sports_leisure,86,13.95,0.0,1.2
76d64c4aca3a7baf218bf93ef7fa768d,curitiba,PR,auto,4,25.0,0.0,1.48
76d64c4aca3a7baf218bf93ef7fa768d,curitiba,PR,bed_bath_table,5,40.0,0.0,1.51
76d64c4aca3a7baf218bf93ef7fa768d,curitiba,PR,construction_tools_construction,4,0.0,0.0,1.8
76d64c4aca3a7baf218bf93ef7fa768d,curitiba,PR,industry_commerce_and_business,19,15.79,5.26,1.33
76d64c4aca3a7baf218bf93ef7fa768d,curitiba,PR,toys,32,9.38,0.0,1.49
76de363de16dacc923eec8daf91df504,xaxim,SC,cool_stuff,1,0.0,0.0,1.28
76de363de16dacc923eec8daf91df504,xaxim,SC,stationery,1,100.0,0.0,1.34
76ea5315acb3f5f7ade3cd261faf922a,sao paulo,SP,auto,4,0.0,0.0,1.48
76ea5315acb3f5f7ade3cd261faf922a,sao paulo,SP,baby,2,0.0,0.0,1.71
76ea5315acb3f5f7ade3cd261faf922a,sao paulo,SP,construction_tools_safety,1,0.0,0.0,2.61
76ea5315acb3f5f7ade3cd261faf922a,sao paulo,SP,food,1,0.0,0.0,0.7
76ea5315acb3f5f7ade3cd261faf922a,sao paulo,SP,garden_tools,2,0.0,0.0,1.15
76ea5315acb3f5f7ade3cd261faf922a,sao paulo,SP,housewares,3,33.33,0.0,1.64
76ea5315acb3f5f7ade3cd261faf922a,sao paulo,SP,toys,2,0.0,0.0,1.49
77128dec4bec4878c37ab7d6169d6f26,sao paulo,SP,food_drink,1,0.0,0.0,0.0
7722b1df1b0e383e000397b2c11e3e19,sao bernardo do campo,SP,fashion_bags_accessories,1,0.0,0.0,1.11
7722b1df1b0e383e000397b2c11e3e19,sao bernardo do campo,SP,furniture_decor,30,10.0,0.0,1.33
7722b1df1b0e383e000397b2c11e3e19,sao bernardo do campo,SP,health_beauty,2,0.0,0.0,1.2
7722b1df1b0e383e000397b2c11e3e19,sao bernardo do campo,SP,housewares,88,11.36,1.14,1.64
7722b1df1b0e383e000397b2c11e3e19,sao bernardo do campo,SP,market_place,1,0.0,0.0,1.5
7722b1df1b0e383e000397b2c11e3e19,sao bernardo do campo,SP,perfumery,1,0.0,0.0,0.72
7722b1df1b0e383e000397b2c11e3e19,sao bernardo do campo,SP,small_appliances,1,0.0,0.0,1.5
7722b1df1b0e383e000397b2c11e3e19,sao bernardo do campo,SP,watches_gifts,2,0.0,0.0,2.06
77530e9772f57a62c906e1c21538ab82,curitiba,PR,baby,6,33.33,0.0,1.71
77530e9772f57a62c906e1c21538ab82,curitiba,PR,furniture_decor,299,13.38,0.33,1.33
77714512e8d4dda9c234da8e3faf16e4,guarulhos,SP,computers_accessories,1,0.0,0.0,1.89
77714512e8d4dda9c234da8e3faf16e4,guarulhos,SP,construction_tools_construction,3,0.0,0.0,1.8
777a0c55737f34ffeb78010f7542ab41,sao paulo,SP,health_beauty,4,25.0,0.0,1.2
777a0c55737f34ffeb78010f7542ab41,sao paulo,SP,perfumery,2,0.0,0.0,0.72
778323240ce2830d68aab11794e00bfb,sao paulo,SP,health_beauty,3,0.0,0.0,1.2
77a515caa36327151d1cc6c32a9f00e1,diadema,SP,stationery,26,7.69,0.0,1.34
77e4abfd739aed9c46480f90f81c0eb4,brasilia,DF,auto,1,0.0,0.0,1.48
77e4abfd739aed9c46480f90f81c0eb4,brasilia,DF,cine_photo,5,0.0,0.0,1.59
77e4abfd739aed9c46480f90f81c0eb4,brasilia,DF,cool_stuff,4,0.0,0.0,1.28
77e4abfd739aed9c46480f90f81c0eb4,brasilia,DF,stationery,7,0.0,0.0,1.34
77fccaae319668a8ab6cd0fd16aec48c,campos dos goytacazes,RJ,electronics,1,100.0,0.0,1.53
77fccaae319668a8ab6cd0fd16aec48c,campos dos goytacazes,RJ,perfumery,5,0.0,0.0,0.72
77fccaae319668a8ab6cd0fd16aec48c,campos dos goytacazes,RJ,sports_leisure,5,0.0,0.0,1.2
7813ea3ebd9411dc600b4dd01f7a97b9,osasco,SP,auto,1,0.0,0.0,1.48
7813ea3ebd9411dc600b4dd01f7a97b9,osasco,SP,telephony,8,25.0,0.0,1.85
7816cd9c5b1238e320545f5bf7eb80e8,araraquara,SP,garden_tools,1,0.0,0.0,1.15
781a66c0d89e30814d49fe8b5e14cd07,campinas,SP,cool_stuff,1,100.0,0.0,1.28
782f78b632a43875dd5b53e3e49c9564,campinas,SP,furniture_decor,1,0.0,0.0,1.33
784ba75dd9d20200c4caed3d7a77141a,sao paulo,SP,computers_accessories,6,33.33,0.0,1.89
784ba75dd9d20200c4caed3d7a77141a,sao paulo,SP,housewares,2,0.0,0.0,1.64
784ba75dd9d20200c4caed3d7a77141a,sao paulo,SP,stationery,9,11.11,0.0,1.34
78744a20ee2f80ba64f6804c25def2b8,recife,PE,furniture_decor,6,16.67,0.0,1.33
78813699ffac347fe27dba345a5f1551,bento goncalves,RS,drinks,1,0.0,0.0,0.35
788e857f317e53de488d393e65a80f45,sao paulo,SP,stationery,11,0.0,0.0,1.34
788f22bafdd7ab0e1e79f19db72f16a4,sao paulo,SP,auto,1,0.0,0.0,1.48
788f22bafdd7ab0e1e79f19db72f16a4,sao paulo,SP,construction_tools_construction,1,0.0,0.0,1.8
78a4d36f65a019172c6154468831a69f,bauru,SP,kitchen_dining_laundry_garden_furniture,7,14.29,0.0,1.69
78ba5933c21686d1c2f64669c8c459e7,mogi das cruzes,SP,bed_bath_table,1,0.0,0.0,1.51
78ba5933c21686d1c2f64669c8c459e7,mogi das cruzes,SP,housewares,1,0.0,0.0,1.64
78c99c6dff4eeae5be99bf635ed21e3f,marilia,SP,sports_leisure,31,9.68,0.0,1.2
78ef7e885d17f35e2382a47aae8b8cce,santa cruz do sul,RS,books_technical,3,0.0,0.0,0.79
7901646fdd36a55f564ffaf2dbccaaf7,rio de janeiro,RJ,air_conditioning,11,0.0,0.0,1.66
7901646fdd36a55f564ffaf2dbccaaf7,rio de janeiro,RJ,garden_tools,11,18.18,0.0,1.15
791cfcfe22fe4a771ece27f90017da92,ribeirao preto,SP,computers_accessories,1,100.0,0.0,1.89
79565f7d5603b24ddf07ade262547f2f,araraquara,SP,auto,2,0.0,0.0,1.48
79565f7d5603b24ddf07ade262547f2f,araraquara,SP,furniture_decor,1,0.0,0.0,1.33
7957cac1a02f45d0a4a7e45626382ec2,curitiba,PR,health_beauty,1,0.0,0.0,1.2
7963e546f34e098b578f9ad102494601,sao paulo,SP,sports_leisure,1,0.0,0.0,1.2
7994081388d55b9cf976c050653dd359,sao paulo,SP,computers_accessories,1,0.0,0.0,1.89
7994b065a7ffb14e71c6312cf87b9de2,cariacica / es,ES,furniture_living_room,4,0.0,0.0,1.24
79a679c36c08d606b3fd47ead9de109b,sao paulo,SP,drinks,3,66.67,0.0,0.35
79b93a308a97792cf53ac75f46da00b5,rio de janeiro,RJ,luggage_accessories,1,0.0,0.0,0.9
79ebd9a61bac3eaf882805ed4ecfa12a,cascavel,PR,furniture_decor,125,11.2,0.0,1.33
79ed755314cfe6df0daef2c6cd3022cd,rio claro,SP,bed_bath_table,1,0.0,0.0,1.51
79ed755314cfe6df0daef2c6cd3022cd,rio claro,SP,construction_tools_lights,1,0.0,0.0,0.88
79ed755314cfe6df0daef2c6cd3022cd,rio claro,SP,garden_tools,20,0.0,0.0,1.15
7a241947449cc45dbfda4f9d0798d9d0,jacutinga,MG,air_conditioning,32,6.25,0.0,1.66
7a241947449cc45dbfda4f9d0798d9d0,jacutinga,MG,housewares,22,18.18,0.0,1.64
7a241947449cc45dbfda4f9d0798d9d0,jacutinga,MG,small_appliances,1,0.0,0.0,1.5
7a2d2949aea47fab95fd98d6c9f618b1,curitiba,PR,pet_shop,9,11.11,0.0,1.67
7a2d2949aea47fab95fd98d6c9f618b1,curitiba,PR,sports_leisure,2,0.0,0.0,1.2
7a425d299613df3e613bcf9d2eaf5c49,rio de janeiro,RJ,perfumery,18,16.67,0.0,0.72
7a67c85e85bb2ce8582c35f2203ad736,sao paulo,SP,baby,93,9.68,2.15,1.71
7a67c85e85bb2ce8582c35f2203ad736,sao paulo,SP,cool_stuff,1034,9.38,0.77,1.28
7a704e63bb29c446869efde5d57524c8,francisco beltrao,PR,auto,1,0.0,0.0,1.48
7a91bf945c6fae0779f1c61ce97fe45c,mesquita,RJ,health_beauty,4,0.0,0.0,1.2
7a9c12e235c36247c3c81f50d6ea9cea,sao caetano do sul,SP,toys,5,0.0,0.0,1.49
7aa4334be125fcdd2ba64b3180029f14,laranjal paulista,SP,baby,18,16.67,0.0,1.71
7aa4334be125fcdd2ba64b3180029f14,laranjal paulista,SP,bed_bath_table,7,0.0,0.0,1.51
7aa4334be125fcdd2ba64b3180029f14,laranjal paulista,SP,cool_stuff,19,10.53,0.0,1.28
7aa4334be125fcdd2ba64b3180029f14,laranjal paulista,SP,toys,167,14.37,0.6,1.49
7aa538dd6e114e503a2e6154ea352253,catanduva,SP,housewares,3,0.0,0.0,1.64
7aa538dd6e114e503a2e6154ea352253,catanduva,SP,portateis_cozinha_e_preparadores_de_alimentos,2,0.0,0.0,7.69
7ab0dd5487bab2dc835337b244f689fb,sao jose do rio preto,SP,bed_bath_table,1,0.0,0.0,1.51
7ad32824caee82087b3e2e5f33b1bf32,ibitinga,SP,bed_bath_table,141,19.86,2.84,1.51
7ad41305e96a6cab8294cd65891e9a86,rio bonito,SP,sports_leisure,2,0.0,0.0,1.2
7adbd3210a7b3cc2235e225eef33574d,sao paulo,SP,housewares,3,0.0,0.0,1.64
7ade73f1b9b4e965f9009a4c3a7e2c15,bauru,SP,computers_accessories,7,0.0,0.0,1.89
7ade73f1b9b4e965f9009a4c3a7e2c15,bauru,SP,electronics,1,0.0,0.0,1.53
7ade73f1b9b4e965f9009a4c3a7e2c15,bauru,SP,furniture_decor,2,0.0,0.0,1.33
7ade73f1b9b4e965f9009a4c3a7e2c15,bauru,SP,home_appliances,7,0.0,0.0,1.08
7ade73f1b9b4e965f9009a4c3a7e2c15,bauru,SP,housewares,8,0.0,0.0,1.64
7ade73f1b9b4e965f9009a4c3a7e2c15,bauru,SP,pet_shop,1,0.0,0.0,1.67
7b07b3c7487f0ea825fc6df75abd658b,sao paulo,SP,fashion_bags_accessories,4,50.0,0.0,1.11
7b07b3c7487f0ea825fc6df75abd658b,sao paulo,SP,sports_leisure,86,8.14,1.16,1.2
7b0df942f46435babab05d49b744b2c4,braganca paulista,SP,musical_instruments,30,6.67,0.0,1.83
7b0df942f46435babab05d49b744b2c4,braganca paulista,SP,toys,1,0.0,0.0,1.49
7b1222c3624aa89b9558b50a2594188c,sao jose do rio preto,SP,health_beauty,1,0.0,0.0,1.2
7b1222c3624aa89b9558b50a2594188c,sao jose do rio preto,SP,market_place,4,25.0,0.0,1.5
7b1222c3624aa89b9558b50a2594188c,sao jose do rio preto,SP,toys,17,5.88,0.0,1.49
7b3447b497e55af8c15fc7bd89d7b81a,sao paulo,SP,sports_leisure,1,0.0,0.0,1.2
7b7ed56ae755e2880f2b69632e839c1e,goiania,GO,housewares,5,0.0,0.0,1.64
7b7f91e98f8c6def45a1407923304402,osasco,SP,computers_accessories,1,0.0,0.0,1.89
7b7f91e98f8c6def45a1407923304402,osasco,SP,home_appliances_2,2,0.0,0.0,4.0
7b7f91e98f8c6def45a1407923304402,osasco,SP,housewares,8,25.0,0.0,1.64
7b8e8ec35bad4b0ef7e3963650b0a87b,tubarao,SC,air_conditioning,2,0.0,0.0,1.66
7b8e8ec35bad4b0ef7e3963650b0a87b,tubarao,SC,auto,3,0.0,0.0,1.48
7b98de631987e26dd6d803490c43a13c,loanda,PR,construction_tools_construction,6,0.0,0.0,1.8
7b98de631987e26dd6d803490c43a13c,loanda,PR,home_construction,2,0.0,0.0,1.08
7bac63f6603d382cc8d0832eb6c100a8,sao paulo,SP,garden_tools,6,0.0,0.0,1.15
7bac63f6603d382cc8d0832eb6c100a8,sao paulo,SP,health_beauty,1,100.0,0.0,1.2
7bac63f6603d382cc8d0832eb6c100a8,sao paulo,SP,home_appliances,4,25.0,0.0,1.08
7bac63f6603d382cc8d0832eb6c100a8,sao paulo,SP,sports_leisure,8,0.0,0.0,1.2
7bcd7c5f8631701474db233ccf1c094b,sao paulo,SP,sports_leisure,2,0.0,0.0,1.2
7c1fea10b5b006671d608b1d7c446ec4,boituva,SP,auto,1,0.0,0.0,1.48
7c1fea10b5b006671d608b1d7c446ec4,boituva,SP,telephony,10,20.0,0.0,1.85
7c4402417d51474d4d0cda9557340e40,sao caetano do sul,SP,housewares,1,0.0,0.0,1.64
7c4618c82226628831613e95e9c22f44,sao roque,SP,sports_leisure,12,8.33,0.0,1.2
7c462184585ae80bd6e5774c62ce50f2,campinas,SP,baby,1,0.0,0.0,1.71
7c4adcc13272c0e26fa23aac642adb7b,sao goncalo,RJ,auto,2,50.0,0.0,1.48
7c51de0ab286204ce75ff42bf7c10d92,picarras,SC,health_beauty,4,0.0,0.0,1.2
7c5b05cbdb5542049f38d90d7815b97d,sao paulo,SP,books_imported,21,9.52,0.0,0.0
7c67e1448b00f6e969d365cea6b010ab,itaquaquecetuba,SP,auto,3,100.0,33.33,1.48
7c67e1448b00f6e969d365cea6b010ab,itaquaquecetuba,SP,baby,3,33.33,0.0,1.71
7c67e1448b00f6e969d365cea6b010ab,itaquaquecetuba,SP,furniture_decor,65,30.77,4.62,1.33
7c67e1448b00f6e969d365cea6b010ab,itaquaquecetuba,SP,furniture_living_room,8,25.0,0.0,1.24
7c67e1448b00f6e969d365cea6b010ab,itaquaquecetuba,SP,office_furniture,868,24.31,3.34,3.4
7c67e1448b00f6e969d365cea6b010ab,itaquaquecetuba,SP,sports_leisure,13,46.15,0.0,1.2
7c9130f5f3729edd32aa059141d92484,garca,SP,computers_accessories,3,33.33,0.0,1.89
7caa63f175b1cecbfaadd8b5ab9998c7,sao paulo,SP,bed_bath_table,1,100.0,0.0,1.51
7cb946b1ad19faebe28c3e86c2794ec3,sete lagoas,MG,health_beauty,1,0.0,0.0,1.2
7cf4ea70955b00d6b3c22542598e2715,sao paulo,SP,small_appliances,1,0.0,0.0,1.5
7d13fca15225358621be4086e1eb0964,ribeirao preto,SP,audio,46,17.39,2.17,3.23
7d13fca15225358621be4086e1eb0964,ribeirao preto,SP,cool_stuff,2,50.0,0.0,1.28
7d13fca15225358621be4086e1eb0964,ribeirao preto,SP,electronics,15,20.0,0.0,1.53
7d13fca15225358621be4086e1eb0964,ribeirao preto,SP,market_place,2,0.0,0.0,1.5
7d13fca15225358621be4086e1eb0964,ribeirao preto,SP,perfumery,2,0.0,0.0,0.72
7d13fca15225358621be4086e1eb0964,ribeirao preto,SP,sports_leisure,2,0.0,0.0,1.2
7d13fca15225358621be4086e1eb0964,ribeirao preto,SP,watches_gifts,483,16.77,2.07,2.06
7d294cf9a6a69dc6a0c3e540fff0e039,barra velha,SC,baby,5,0.0,0.0,1.71
7d456afc660226829370f3173d14520c,mogi das cruzes,SP,bed_bath_table,27,7.41,0.0,1.51
7d456afc660226829370f3173d14520c,mogi das cruzes,SP,health_beauty,2,0.0,0.0,1.2
7d456afc660226829370f3173d14520c,mogi das cruzes,SP,market_place,22,9.09,0.0,1.5
7d456afc660226829370f3173d14520c,mogi das cruzes,SP,perfumery,3,0.0,0.0,0.72
7d484ca289afaac6bf5fc6a1e96d2226,campo grande,MS,toys,2,0.0,0.0,1.49
7d76b645482be4a332374e8223836592,sao paulo,SP,auto,3,33.33,0.0,1.48
7d76b645482be4a332374e8223836592,sao paulo,SP,telephony,167,13.77,2.4,1.85
7d7866a99a8656a42c7ff6352a433410,sao paulo,SP,bed_bath_table,1,0.0,0.0,1.51
7d7866a99a8656a42c7ff6352a433410,sao paulo,SP,housewares,1,0.0,0.0,1.64
7d7866a99a8656a42c7ff6352a433410,sao paulo,SP,party_supplies,3,0.0,0.0,0.0
7d7d2b7a51328016102d4528c411d630,ibitinga,SP,bed_bath_table,2,0.0,0.0,1.51
7d7d2b7a51328016102d4528c411d630,ibitinga,SP,housewares,4,25.0,0.0,1.64
7d81e74a4755b552267cd5e081563028,sao paulo,SP,construction_tools_construction,1,0.0,0.0,1.8
7d948535954aaf8c5d39db007f74372e,guaruja,SP,baby,1,0.0,0.0,1.71
7d948535954aaf8c5d39db007f74372e,guaruja,SP,fashio_female_clothing,3,33.33,33.33,8.33
7daca0837f033a41a6f3428c18657533,tanabi,SP,housewares,7,28.57,0.0,1.64
7dc8c42cc750eeafea6c85712ffee9bf,sao paulo,SP,cool_stuff,2,0.0,0.0,1.28
7dc8c42cc750eeafea6c85712ffee9bf,sao paulo,SP,costruction_tools_garden,1,100.0,0.0,1.09
7dc8c42cc750eeafea6c85712ffee9bf,sao paulo,SP,electronics,2,0.0,0.0,1.53
7dc8c42cc750eeafea6c85712ffee9bf,sao paulo,SP,furniture_decor,7,14.29,0.0,1.33
7dc8c42cc750eeafea6c85712ffee9bf,sao paulo,SP,health_beauty,6,16.67,0.0,1.2
7dc8c42cc750eeafea6c85712ffee9bf,sao paulo,SP,home_appliances,1,0.0,0.0,1.08
7dc8c42cc750eeafea6c85712ffee9bf,sao paulo,SP,home_confort,1,100.0,0.0,2.17
7dc8c42cc750eeafea6c85712ffee9bf,sao paulo,SP,housewares,21,4.76,0.0,1.64
7dc9a3355bae96dd82008b313d3a456c,dores de campos,MG,pet_shop,1,0.0,0.0,1.67
7ddcbb64b5bc1ef36ca8c151f6ec77df,sao paulo,SP,auto,31,16.13,6.45,1.48
7ddcbb64b5bc1ef36ca8c151f6ec77df,sao paulo,SP,computers_accessories,46,10.87,0.0,1.89
7ddcbb64b5bc1ef36ca8c151f6ec77df,sao paulo,SP,consoles_games,9,0.0,0.0,1.09
7ddcbb64b5bc1ef36ca8c151f6ec77df,sao paulo,SP,cool_stuff,163,15.95,2.45,1.28
7ddcbb64b5bc1ef36ca8c151f6ec77df,sao paulo,SP,electronics,9,33.33,11.11,1.53
7ddcbb64b5bc1ef36ca8c151f6ec77df,sao paulo,SP,health_beauty,10,10.0,0.0,1.2
7ddcbb64b5bc1ef36ca8c151f6ec77df,sao paulo,SP,luggage_accessories,36,19.44,2.78,0.9
7ddcbb64b5bc1ef36ca8c151f6ec77df,sao paulo,SP,sports_leisure,14,14.29,0.0,1.2
7ddcbb64b5bc1ef36ca8c151f6ec77df,sao paulo,SP,toys,4,0.0,0.0,1.49
7dea6f73af847b42cc3985bd620f994d,cascavel,PR,kitchen_dining_laundry_garden_furniture,2,0.0,0.0,1.69
7df1fc11cc5cbc518b39faa60cf5d67c,campo grande,MS,auto,5,20.0,0.0,1.48
7e1fb0a3ebfb01ffb3a7dae98bf3238d,franca,SP,health_beauty,132,12.12,0.76,1.2
7e1fb0a3ebfb01ffb3a7dae98bf3238d,franca,SP,sports_leisure,20,0.0,0.0,1.2
7e26c750b4cb9f6766f58265ff9ebe95,belo horizonte,MG,health_beauty,3,33.33,0.0,1.2
7e3f87d16fb353f408d467e74fbd8014,sao paulo,SP,computers_accessories,71,9.86,1.41,1.89
7e3f87d16fb353f408d467e74fbd8014,sao paulo,SP,cool_stuff,1,0.0,0.0,1.28
7e3f87d16fb353f408d467e74fbd8014,sao paulo,SP,electronics,4,0.0,0.0,1.53
7e3f87d16fb353f408d467e74fbd8014,sao paulo,SP,furniture_decor,13,15.38,0.0,1.33
7e3f87d16fb353f408d467e74fbd8014,sao paulo,SP,home_construction,1,0.0,0.0,1.08
7e3f87d16fb353f408d467e74fbd8014,sao paulo,SP,stationery,1,100.0,0.0,1.34
7e79d65b5c6f1f544b7daea036acf720,sao caetano do sul,SP,toys,4,0.0,0.0,1.49
7e93a43ef30c4f03f38b393420bc753a,barueri,SP,audio,7,14.29,0.0,3.23
7e93a43ef30c4f03f38b393420bc753a,barueri,SP,cool_stuff,4,25.0,0.0,1.28
7e93a43ef30c4f03f38b393420bc753a,barueri,SP,electronics,3,33.33,0.0,1.53
7e93a43ef30c4f03f38b393420bc753a,barueri,SP,food,1,0.0,0.0,0.7
7e93a43ef30c4f03f38b393420bc753a,barueri,SP,health_beauty,2,50.0,0.0,1.2
7e93a43ef30c4f03f38b393420bc753a,barueri,SP,sports_leisure,6,0.0,0.0,1.2
7e93a43ef30c4f03f38b393420bc753a,barueri,SP,watches_gifts,294,7.14,1.36,2.06
7ea5bfa6c340f58f8e71fc1f0412b0d6,belo horizonte,MG,baby,87,3.45,0.0,1.71
7ea5bfa6c340f58f8e71fc1f0412b0d6,belo horizonte,MG,cool_stuff,3,33.33,0.0,1.28
7ea5bfa6c340f58f8e71fc1f0412b0d6,belo horizonte,MG,toys,1,100.0,0.0,1.49
7ecd59e5e20407131822c1a68ac59c1f,brasilia,DF,stationery,24,8.33,0.0,1.34
7ecef8194babfec876ca720714327841,campinas,SP,construction_tools_construction,4,0.0,0.0,1.8
7ecef8194babfec876ca720714327841,campinas,SP,home_construction,1,0.0,0.0,1.08
7ecef8194babfec876ca720714327841,campinas,SP,housewares,2,0.0,0.0,1.64
7f02656561b680def9986c0795a8a080,sao paulo,SP,housewares,1,0.0,0.0,1.64
7f152321c60a266edc53af1925ef96c1,criciuma,SC,sports_leisure,19,21.05,5.26,1.2
7f2617c58d5d06806987308b45654351,sao paulo,SP,sports_leisure,22,13.64,0.0,1.2
7f35f9daf223da737b78738fbae4d977,valinhos,SP,diapers_and_hygiene,3,33.33,0.0,0.0
7f35f9daf223da737b78738fbae4d977,valinhos,SP,perfumery,2,0.0,0.0,0.72
7f40d06aa0b5f1aa4f41af8c0480e2ef,rio claro,SP,food,1,0.0,0.0,0.7
7f40d06aa0b5f1aa4f41af8c0480e2ef,rio claro,SP,toys,5,0.0,0.0,1.49
7f5e4d5efad7e44b91115dd1decb65f3,jacarei / sao paulo,SP,computers_accessories,3,0.0,0.0,1.89
7f7b8245c336066a1f9933c359f11d77,mogi mirim,SP,baby,2,50.0,0.0,1.71
7f7b8245c336066a1f9933c359f11d77,mogi mirim,SP,books_general_interest,4,0.0,0.0,0.41
7f7b8245c336066a1f9933c359f11d77,mogi mirim,SP,books_technical,1,0.0,0.0,0.79
7f7b8245c336066a1f9933c359f11d77,mogi mirim,SP,computers_accessories,1,0.0,0.0,1.89
7f7b8245c336066a1f9933c359f11d77,mogi mirim,SP,food,1,0.0,0.0,0.7
7f7b8245c336066a1f9933c359f11d77,mogi mirim,SP,health_beauty,25,8.0,0.0,1.2
7f7b8245c336066a1f9933c359f11d77,mogi mirim,SP,housewares,1,0.0,0.0,1.64
7f7b8245c336066a1f9933c359f11d77,mogi mirim,SP,toys,3,0.0,0.0,1.49
7fc87cc3e89b3d1d5cabdca32f8485aa,guarulhos,SP,furniture_living_room,2,0.0,0.0,1.24
7fc87cc3e89b3d1d5cabdca32f8485aa,guarulhos,SP,office_furniture,10,30.0,0.0,3.4
7fc87cc3e89b3d1d5cabdca32f8485aa,guarulhos,SP,stationery,2,50.0,0.0,1.34
7fdb0720c8d7c9075538b365dc8c3a22,toledo,PR,furniture_bedroom,4,25.0,0.0,1.12
7fdb0720c8d7c9075538b365dc8c3a22,toledo,PR,furniture_decor,1,100.0,0.0,1.33
7fdb0720c8d7c9075538b365dc8c3a22,toledo,PR,furniture_living_room,3,66.67,0.0,1.24
7fe21dd00d2f4943ae09525efa2fd674,rio de janeiro,RJ,fashion_bags_accessories,2,0.0,0.0,1.11
7ff588a03c2aeae4fbd23f9ae64b760d,guarulhos,SP,auto,14,7.14,0.0,1.48
800214c63934acd05d47e84214db8ba8,jaragua do sul,SC,luggage_accessories,2,0.0,0.0,0.9
800214c63934acd05d47e84214db8ba8,jaragua do sul,SC,sports_leisure,1,0.0,0.0,1.2
804287717b9156fb7a787acd9af4fac1,maringa,PR,toys,1,0.0,0.0,1.49
8060d731897e33b5c5ae575ce1e209e1,blumenau,SP,sports_leisure,5,0.0,0.0,1.2
808d4348b916efa08e766ebad39f61eb,sao paulo,SP,perfumery,20,5.0,0.0,0.72
8090490573c6c0aa343a7231ebcb8c86,sao paulo - sp,SP,art,7,0.0,0.0,1.59
8090490573c6c0aa343a7231ebcb8c86,sao paulo - sp,SP,health_beauty,13,15.38,0.0,1.2
8090490573c6c0aa343a7231ebcb8c86,sao paulo - sp,SP,sports_leisure,4,25.0,0.0,1.2
8090490573c6c0aa343a7231ebcb8c86,sao paulo - sp,SP,toys,2,0.0,0.0,1.49
809413606dbfe5deefd2db646693ef67,sao paulo,SP,food_drink,3,0.0,0.0,0.0
80cfd480be3eb6d6267139f5cb793555,sao paulo,SP,stationery,1,0.0,0.0,1.34
80e6699fe29150b372a0c8a1ebf7dcc8,pinhais,PR,auto,2,0.0,0.0,1.48
80e6699fe29150b372a0c8a1ebf7dcc8,pinhais,PR,garden_tools,4,0.0,0.0,1.15
80e6699fe29150b372a0c8a1ebf7dcc8,pinhais,PR,sports_leisure,84,8.33,1.19,1.2
80f2cf9abf6b5a0e5c612b5eea6646e6,sao jose do rio preto,SP,baby,4,0.0,0.0,1.71
80f2cf9abf6b5a0e5c612b5eea6646e6,sao jose do rio preto,SP,sports_leisure,1,0.0,0.0,1.2
8132b9bd16876e1b0f8808d43825dd48,florianopolis,SC,sports_leisure,1,0.0,0.0,1.2
813348c996469b40f2e028d5429d3495,jundiai,SP,housewares,167,14.37,2.4,1.64
81336a0f57a33776419727a300249e90,sao carlos,SP,health_beauty,2,0.0,0.0,1.2
81336a0f57a33776419727a300249e90,sao carlos,SP,sports_leisure,13,15.38,0.0,1.2
8160255418d5aaa7dbdc9f4c64ebda44,ibitinga,SP,auto,1,100.0,100.0,1.48
8160255418d5aaa7dbdc9f4c64ebda44,ibitinga,SP,bed_bath_table,359,15.6,0.84,1.51
8160255418d5aaa7dbdc9f4c64ebda44,ibitinga,SP,food,1,0.0,0.0,0.7
8160255418d5aaa7dbdc9f4c64ebda44,ibitinga,SP,pet_shop,3,33.33,33.33,1.67
817245bcc3badd82bbd222e0366951a6,bauru,SP,auto,27,7.41,0.0,1.48
81783131d2a97c8d44d406a4be81b5d9,sorocaba,SP,construction_tools_construction,1,0.0,0.0,1.8
81783131d2a97c8d44d406a4be81b5d9,sorocaba,SP,toys,6,16.67,0.0,1.49
817f85dbb65aa3e70831d90fe75cdf89,tiete,SP,baby,3,0.0,0.0,1.71
817f85dbb65aa3e70831d90fe75cdf89,tiete,SP,toys,8,0.0,0.0,1.49
8185694b58b2ba6de20fd41ae608bbea,tabao da serra,SP,furniture_decor,6,0.0,0.0,1.33
8185694b58b2ba6de20fd41ae608bbea,tabao da serra,SP,stationery,2,0.0,0.0,1.34
818d28f936e791926d33bcb6ee94ef79,sao paulo,SP,telephony,3,0.0,0.0,1.85
81a1104df0f08b59c68aa5b03cfe398e,sao jose dos pinhais,PR,garden_tools,70,7.14,0.0,1.15
81ed90f07c0bacb7594940ba2ef676aa,divinopolis,MG,bed_bath_table,2,0.0,0.0,1.51
81f89e42267213cb94da7ddc301651da,presidente prudente,SP,computers_accessories,1,0.0,0.0,1.89
81f89e42267213cb94da7ddc301651da,presidente prudente,SP,consoles_games,21,19.05,4.76,1.09
81f89e42267213cb94da7ddc301651da,presidente prudente,SP,perfumery,23,21.74,4.35,0.72
820c7c9eaf76d2b226b6c242bcf3f34d,sao paulo,SP,home_appliances_2,1,0.0,0.0,4.0
820cc752a266cdc6c1a1e61dd4583330,maringa,PR,home_appliances,1,0.0,0.0,1.08
820cc752a266cdc6c1a1e61dd4583330,maringa,PR,home_appliances_2,2,0.0,0.0,4.0
820cc752a266cdc6c1a1e61dd4583330,maringa,PR,small_appliances,12,8.33,0.0,1.5
821fb029fc6e495ca4f08a35d51e53a5,sao paulo,SP,home_appliances_2,1,0.0,0.0,4.0
821fb029fc6e495ca4f08a35d51e53a5,sao paulo,SP,home_construction,1,0.0,0.0,1.08
821fb029fc6e495ca4f08a35d51e53a5,sao paulo,SP,housewares,2,0.0,0.0,1.64
821fb029fc6e495ca4f08a35d51e53a5,sao paulo,SP,sports_leisure,19,36.84,15.79,1.2
822166ed1e47908f7cfb49946d03c726,tres rios,RJ,bed_bath_table,63,19.05,0.0,1.51
822166ed1e47908f7cfb49946d03c726,tres rios,RJ,furniture_decor,2,0.0,0.0,1.33
822166ed1e47908f7cfb49946d03c726,tres rios,RJ,housewares,1,0.0,0.0,1.64
822b63912576852aea9a8436d72317b7,mogi guacu,SP,consoles_games,6,0.0,0.0,1.09
822bad9bc42b51213ba522fe87b7ab5d,balneario camboriu,SC,computers_accessories,2,0.0,0.0,1.89
822bad9bc42b51213ba522fe87b7ab5d,balneario camboriu,SC,electronics,1,0.0,0.0,1.53
822bad9bc42b51213ba522fe87b7ab5d,balneario camboriu,SC,telephony,14,7.14,0.0,1.85
827f8f69dfa529c561901c4f2e0f332f,curitiba,PR,baby,21,9.52,0.0,1.71
827f8f69dfa529c561901c4f2e0f332f,curitiba,PR,fashio_female_clothing,1,100.0,100.0,8.33
827f8f69dfa529c561901c4f2e0f332f,curitiba,PR,fashion_shoes,63,9.52,0.0,0.87
827f8f69dfa529c561901c4f2e0f332f,curitiba,PR,furniture_decor,2,0.0,0.0,1.33
827f8f69dfa529c561901c4f2e0f332f,curitiba,PR,market_place,1,100.0,0.0,1.5
827f8f69dfa529c561901c4f2e0f332f,curitiba,PR,toys,1,0.0,0.0,1.49
82921991ff5b557b045605b8bbf08d49,sao paulo,SP,telephony,1,0.0,0.0,1.85
82bd0703a4aefd6b599e5bfdaed378fb,marilia,SP,health_beauty,13,15.38,7.69,1.2
82bd0703a4aefd6b599e5bfdaed378fb,marilia,SP,market_place,1,0.0,0.0,1.5
82bd0703a4aefd6b599e5bfdaed378fb,marilia,SP,perfumery,5,20.0,0.0,0.72
82cb9f452fe8334df74b22d37824b431,caxias do sul,RS,food,1,0.0,0.0,0.7
82cb9f452fe8334df74b22d37824b431,caxias do sul,RS,health_beauty,1,0.0,0.0,1.2
82cb9f452fe8334df74b22d37824b431,caxias do sul,RS,small_appliances,11,0.0,0.0,1.5
82e0a475a88cc9595229d8029273f045,sao paulo,SP,furniture_decor,40,25.0,0.0,1.33
830379336fad8c6f3b15a4a3ddb5c66e,sao paulo,SP,kitchen_dining_laundry_garden_furniture,2,0.0,0.0,1.69
83353a83fd769dfafa4f21a72b15e3e5,sao paulo,SP,sports_leisure,5,20.0,0.0,1.2
834f3294fba9f932f56edc879193f925,araraquara,SP,cool_stuff,64,4.69,0.0,1.28
834f3294fba9f932f56edc879193f925,araraquara,SP,home_appliances_2,1,0.0,0.0,4.0
834f8533b2ecb6598dd004ff3de7203a,sao paulo,SP,baby,14,14.29,0.0,1.71
834f8533b2ecb6598dd004ff3de7203a,sao paulo,SP,pet_shop,20,20.0,0.0,1.67
834f8533b2ecb6598dd004ff3de7203a,sao paulo,SP,sports_leisure,1,0.0,0.0,1.2
834f8533b2ecb6598dd004ff3de7203a,sao paulo,SP,toys,3,0.0,0.0,1.49
835f0f7810c76831d6c7d24c7a646d4d,sao paulo,SP,fashion_male_clothing,8,62.5,12.5,3.81
835f0f7810c76831d6c7d24c7a646d4d,sao paulo,SP,housewares,33,21.21,0.0,1.64
83645b1645cdee8953ee54c29ceed564,santa terezinha de itaipu,PR,baby,8,0.0,0.0,1.71
83645b1645cdee8953ee54c29ceed564,santa terezinha de itaipu,PR,health_beauty,5,0.0,0.0,1.2
83645b1645cdee8953ee54c29ceed564,santa terezinha de itaipu,PR,perfumery,1,0.0,0.0,0.72
8378eb36b6b70c5734e83ad7b8cdc3b7,itajai,SC,construction_tools_construction,1,0.0,0.0,1.8
8378eb36b6b70c5734e83ad7b8cdc3b7,itajai,SC,home_construction,6,33.33,0.0,1.08
83b08de96980757220871b31bf6cffca,rio de janeiro,RJ,construction_tools_construction,5,20.0,0.0,1.8
83c465a786b06574376909b35ef6752a,sao carlos,SP,bed_bath_table,3,0.0,0.0,1.51
83c8aafbefb034674a70de0eac5b8954,francisco beltrao,PR,auto,2,0.0,0.0,1.48
83deb69e889cf80f82be1dc6d5f2d486,florianopolis,SC,musical_instruments,40,15.0,0.0,1.83
83e197e95a1bbabc8c75e883ed016c47,mage,RJ,books_general_interest,44,2.27,2.27,0.41
83e197e95a1bbabc8c75e883ed016c47,mage,RJ,musical_instruments,2,0.0,0.0,1.83
83f2b4881141ce3fcd4e985125d3279e,ribeirao preto,SP,baby,3,0.0,0.0,1.71
8444e55c1f13cd5c179851e5ca5ebd00,congonhal,MG,auto,3,0.0,0.0,1.48
8444e55c1f13cd5c179851e5ca5ebd00,congonhal,MG,baby,7,57.14,0.0,1.71
8444e55c1f13cd5c179851e5ca5ebd00,congonhal,MG,consoles_games,2,0.0,0.0,1.09
8444e55c1f13cd5c179851e5ca5ebd00,congonhal,MG,cool_stuff,21,4.76,0.0,1.28
8444e55c1f13cd5c179851e5ca5ebd00,congonhal,MG,drinks,2,50.0,0.0,0.35
8444e55c1f13cd5c179851e5ca5ebd00,congonhal,MG,fashion_bags_accessories,5,100.0,40.0,1.11
8444e55c1f13cd5c179851e5ca5ebd00,congonhal,MG,health_beauty,9,22.22,11.11,1.2
8444e55c1f13cd5c179851e5ca5ebd00,congonhal,MG,perfumery,25,32.0,4.0,0.72
8444e55c1f13cd5c179851e5ca5ebd00,congonhal,MG,stationery,1,100.0,0.0,1.34
8444e55c1f13cd5c179851e5ca5ebd00,congonhal,MG,telephony,1,100.0,0.0,1.85
8444e55c1f13cd5c179851e5ca5ebd00,congonhal,MG,toys,7,57.14,14.29,1.49
8444e55c1f13cd5c179851e5ca5ebd00,congonhal,MG,watches_gifts,8,37.5,12.5,2.06
845e8036c3f7bf62099352f5ed910240,rio de janeiro,RJ,baby,4,25.0,0.0,1.71
845e8036c3f7bf62099352f5ed910240,rio de janeiro,RJ,bed_bath_table,17,23.53,5.88,1.51
8476243f92442881ddd5b578975cf115,campo bom,RS,electronics,1,0.0,0.0,1.53
8476243f92442881ddd5b578975cf115,campo bom,RS,health_beauty,7,0.0,0.0,1.2
8476243f92442881ddd5b578975cf115,campo bom,RS,telephony,4,50.0,0.0,1.85
84c945f15571830c1a91a33978e94009,sao paulo,SP,housewares,2,0.0,0.0,1.64
84deb808079d1be601c209c1e771b1cc,curitiba,PR,health_beauty,2,0.0,0.0,1.2
85044848b1b767db2a4a58526adef4b4,osasco,SP,electronics,1,100.0,0.0,1.53
85044848b1b767db2a4a58526adef4b4,osasco,SP,small_appliances,1,0.0,0.0,1.5
85044848b1b767db2a4a58526adef4b4,osasco,SP,telephony,2,0.0,0.0,1.85
850857dfac77488c307e2b1cbd84ab5a,cascavel,PR,air_conditioning,1,0.0,0.0,1.66
850913d59ce317156b00f3705f1c3edb,atibaia,SP,auto,9,22.22,0.0,1.48
850913d59ce317156b00f3705f1c3edb,atibaia,SP,telephony,19,31.58,5.26,1.85
850f4f8af5ea87287ac68de36e29107f,sao paulo,SP,cool_stuff,54,7.41,0.0,1.28
850f4f8af5ea87287ac68de36e29107f,sao paulo,SP,musical_instruments,2,50.0,0.0,1.83
850f4f8af5ea87287ac68de36e29107f,sao paulo,SP,toys,112,8.04,3.57,1.49
850f4f8af5ea87287ac68de36e29107f,sao paulo,SP,watches_gifts,14,14.29,0.0,2.06
851773c885feb5e2da3b4f82bc2b17ce,lencois paulista,SP,health_beauty,10,10.0,0.0,1.2
855668e0971d4dfd7bef1b6a4133b41b,itatiba,SP,art,1,0.0,0.0,1.59
855668e0971d4dfd7bef1b6a4133b41b,itatiba,SP,baby,268,20.52,2.99,1.71
855668e0971d4dfd7bef1b6a4133b41b,itatiba,SP,cool_stuff,25,16.0,4.0,1.28
8581055ce74af1daba164fdbd55a40de,guarulhos,SP,auto,376,9.57,0.27,1.48
85cc55e048b6bcc90c75afe7f0e72f72,barra mansa,RJ,agro_industry_and_commerce,1,0.0,0.0,3.39
85cc55e048b6bcc90c75afe7f0e72f72,barra mansa,RJ,computers_accessories,4,0.0,0.0,1.89
85cc55e048b6bcc90c75afe7f0e72f72,barra mansa,RJ,construction_tools_lights,1,100.0,0.0,0.88
85cc55e048b6bcc90c75afe7f0e72f72,barra mansa,RJ,signaling_and_security,1,0.0,0.0,2.92
85cc55e048b6bcc90c75afe7f0e72f72,barra mansa,RJ,toys,2,0.0,0.0,1.49
85d9eb9ddc5d00ca9336a2219c97bb13,belo horizonte,MG,auto,20,15.0,0.0,1.48
85d9eb9ddc5d00ca9336a2219c97bb13,belo horizonte,MG,baby,4,0.0,0.0,1.71
85d9eb9ddc5d00ca9336a2219c97bb13,belo horizonte,MG,computers_accessories,460,9.13,0.65,1.89
85d9eb9ddc5d00ca9336a2219c97bb13,belo horizonte,MG,cool_stuff,9,0.0,0.0,1.28
85d9eb9ddc5d00ca9336a2219c97bb13,belo horizonte,MG,luggage_accessories,1,0.0,0.0,0.9
85d9eb9ddc5d00ca9336a2219c97bb13,belo horizonte,MG,market_place,1,0.0,0.0,1.5
85e7c62c1d6ea078c3897424f867a7c8,itapema,SC,pet_shop,2,0.0,0.0,1.67
85ecf03781da592876b7844acc1b729f,sao paulo,SP,health_beauty,2,0.0,0.0,1.2
8602a61d680a10a82cceeeda0d99ea3d,sao paulo,SP,fashion_bags_accessories,14,7.14,0.0,1.11
8603f0038fe0e52fedd3382d266723de,garopaba,SC,furniture_bedroom,3,0.0,0.0,1.12
8603f0038fe0e52fedd3382d266723de,garopaba,SC,furniture_decor,1,0.0,0.0,1.33
8603f0038fe0e52fedd3382d266723de,garopaba,SC,home_appliances_2,4,0.0,0.0,4.0
8603f0038fe0e52fedd3382d266723de,garopaba,SC,kitchen_dining_laundry_garden_furniture,1,0.0,0.0,1.69
8629a7efec1aab257e58cda559f03ba7,goiania,GO,computers_accessories,1,100.0,0.0,1.89
8629c241b3622ac12cd4118afdc8d394,ribeirao preto,SP,consoles_games,1,0.0,0.0,1.09
8629c241b3622ac12cd4118afdc8d394,ribeirao preto,SP,garden_tools,5,0.0,0.0,1.15
8629c241b3622ac12cd4118afdc8d394,ribeirao preto,SP,perfumery,7,28.57,0.0,0.72
863d2ebcd347ce4922de7a0f9a5581d6,rio de janeiro,RJ,auto,17,11.76,0.0,1.48
8648b1e89e9b349e32d3741b30ec737e,jacarei,SP,construction_tools_construction,73,16.44,2.74,1.8
8648b1e89e9b349e32d3741b30ec737e,jacarei,SP,home_construction,9,0.0,0.0,1.08
8648b1e89e9b349e32d3741b30ec737e,jacarei,SP,sports_leisure,3,0.0,0.0,1.2
866558b3bccef2dbc6d29a2b5995016f,arapongas,PR,furniture_decor,4,0.0,0.0,1.33
866558b3bccef2dbc6d29a2b5995016f,arapongas,PR,kitchen_dining_laundry_garden_furniture,1,0.0,0.0,1.69
86bb7c4b535e49a541baf3266b1c95b1,franca,SP,toys,15,40.0,6.67,1.49
86bf77bdb52e615674772d5817c6212f,viamao,RS,health_beauty,3,0.0,0.0,1.2
86bf77bdb52e615674772d5817c6212f,viamao,RS,pet_shop,1,0.0,0.0,1.67
86ccac0b835037332a596a33b6949ee1,blumenau,SC,sports_leisure,3,0.0,0.0,1.2
86ccac0b835037332a596a33b6949ee1,blumenau,SC,watches_gifts,167,10.78,0.6,2.06
86ff3eaef0267069cc891a2ed9d10a17,palhoca,SC,kitchen_dining_laundry_garden_furniture,1,0.0,0.0,1.69
86ff3eaef0267069cc891a2ed9d10a17,palhoca,SC,sports_leisure,6,0.0,0.0,1.2
870d0118f7a9d85960f29ad89d5d989a,pocos de caldas,MG,furniture_living_room,36,5.56,0.0,1.24
870d0118f7a9d85960f29ad89d5d989a,pocos de caldas,MG,housewares,8,12.5,12.5,1.64
87142160b41353c4e5fca2360caf6f92,porto alegre,RS,auto,4,25.0,0.0,1.48
87142160b41353c4e5fca2360caf6f92,porto alegre,RS,computers_accessories,244,6.56,0.0,1.89
87142160b41353c4e5fca2360caf6f92,porto alegre,RS,consoles_games,12,0.0,8.33,1.09
87142160b41353c4e5fca2360caf6f92,porto alegre,RS,electronics,19,0.0,0.0,1.53
87142160b41353c4e5fca2360caf6f92,porto alegre,RS,furniture_decor,3,0.0,0.0,1.33
87142160b41353c4e5fca2360caf6f92,porto alegre,RS,housewares,1,100.0,0.0,1.64
87142160b41353c4e5fca2360caf6f92,porto alegre,RS,market_place,1,0.0,0.0,1.5
87142160b41353c4e5fca2360caf6f92,porto alegre,RS,sports_leisure,17,0.0,0.0,1.2
8759e7aedd644f487315e5860962f162,santo andre,SP,home_appliances,3,33.33,0.0,1.08
876182d1918783bbe15233febfbd4926,sao paulo,SP,computers_accessories,2,0.0,0.0,1.89
87b4428a334b8f676fd9a7f3bf544fb5,guaimbe,SP,health_beauty,1,0.0,0.0,1.2
87b740daf17b5d1be335a64164ec6842,suzano,SP,sports_leisure,10,10.0,0.0,1.2
87d30a6a0cbf89356e49324971ab1d24,sao paulo,SP,toys,17,11.76,5.88,1.49
87d3c3aeb3ead335511b3ce315eb341e,sao paulo,SP,baby,4,0.0,0.0,1.71
87d3c3aeb3ead335511b3ce315eb341e,sao paulo,SP,toys,10,30.0,10.0,1.49
87d73636a3acf123e842bb890a4db036,nhandeara,SP,furniture_bedroom,1,0.0,0.0,1.12
87e24fc7052259b1f7f607d61c10d8be,sao paulo,SP,auto,1,100.0,0.0,1.48
87e24fc7052259b1f7f607d61c10d8be,sao paulo,SP,telephony,5,0.0,0.0,1.85
87e24fc7052259b1f7f607d61c10d8be,sao paulo,SP,toys,1,0.0,0.0,1.49
880ce4951cf857ab1d9e0b75c1d856f4,belo horizont,MG,auto,1,0.0,0.0,1.48
883dd81e82754ac2c65e9790a7db8c9a,curitiba,PR,bed_bath_table,1,0.0,0.0,1.51
883dd81e82754ac2c65e9790a7db8c9a,curitiba,PR,sports_leisure,3,0.0,0.0,1.2
88460e8ebdecbfecb5f9601833981930,maringa,PR,computers_accessories,237,29.96,5.91,1.89
888faa8bfb0b159c37de6d898b961c31,braco do norte,SC,bed_bath_table,1,0.0,0.0,1.51
888faa8bfb0b159c37de6d898b961c31,braco do norte,SC,construction_tools_construction,1,0.0,0.0,1.8
888faa8bfb0b159c37de6d898b961c31,braco do norte,SC,cool_stuff,2,0.0,0.0,1.28
888faa8bfb0b159c37de6d898b961c31,braco do norte,SC,garden_tools,1,0.0,0.0,1.15
888faa8bfb0b159c37de6d898b961c31,braco do norte,SC,housewares,3,0.0,0.0,1.64
888faa8bfb0b159c37de6d898b961c31,braco do norte,SC,market_place,1,0.0,0.0,1.5
888faa8bfb0b159c37de6d898b961c31,braco do norte,SC,sports_leisure,7,28.57,0.0,1.2
888faa8bfb0b159c37de6d898b961c31,braco do norte,SC,toys,1,0.0,0.0,1.49
889009a0ed0bb52c87819941192931b8,lencois paulista,SP,health_beauty,1,0.0,0.0,1.2
88ae906ea2acf6971f26c3e8b7cb4357,sao paulo,SP,perfumery,3,0.0,0.0,0.72
88cd3681e0a2ba85e190f7d817629c4c,brusque,SC,auto,1,0.0,0.0,1.48
88cf19ec1fc2c58f161aee259d57142c,sao carlos,SP,construction_tools_construction,1,0.0,0.0,1.8
88cf19ec1fc2c58f161aee259d57142c,sao carlos,SP,home_appliances,5,0.0,0.0,1.08
88cf19ec1fc2c58f161aee259d57142c,sao carlos,SP,small_appliances_home_oven_and_coffee,8,0.0,0.0,2.78
88ef59b51bdaa941d10a853429f2b6ce,guaratuba,PR,agro_industry_and_commerce,2,50.0,0.0,3.39
891071be6ba827b591264c90c2ae8a63,sao paulo,SP,bed_bath_table,17,11.76,0.0,1.51
891071be6ba827b591264c90c2ae8a63,sao paulo,SP,cool_stuff,6,0.0,0.0,1.28
891071be6ba827b591264c90c2ae8a63,sao paulo,SP,dvds_blu_ray,1,100.0,0.0,0.0
891071be6ba827b591264c90c2ae8a63,sao paulo,SP,fashion_bags_accessories,39,23.08,2.56,1.11
891071be6ba827b591264c90c2ae8a63,sao paulo,SP,fashion_male_clothing,4,0.0,0.0,3.81
891071be6ba827b591264c90c2ae8a63,sao paulo,SP,market_place,7,28.57,0.0,1.5
891071be6ba827b591264c90c2ae8a63,sao paulo,SP,sports_leisure,1,100.0,0.0,1.2
891071be6ba827b591264c90c2ae8a63,sao paulo,SP,stationery,8,0.0,0.0,1.34
891071be6ba827b591264c90c2ae8a63,sao paulo,SP,watches_gifts,1,100.0,0.0,2.06
8931a84a914b3fe9b1ddaa4d704947ca,sao paulo,SP,perfumery,28,17.86,3.57,0.72
8936ba0de1073ee888cb3185ae5dc661,sao paulo,SP,garden_tools,1,0.0,0.0,1.15
897060da8b9a21f655304d50fd935913,ribeirao preto,SP,auto,2,0.0,0.0,1.48
897060da8b9a21f655304d50fd935913,ribeirao preto,SP,computers_accessories,288,23.61,3.12,1.89
897060da8b9a21f655304d50fd935913,ribeirao preto,SP,cool_stuff,1,0.0,0.0,1.28
89757206b887aed36f3e18d858460fea,sao paulo,SP,stationery,2,0.0,0.0,1.34
89a51f50b8095ea78d5768f34c13a76f,brasilia,DF,perfumery,10,0.0,0.0,0.72
89ad3263c0931c47f976d7c5778e60f6,sao paulo,SP,baby,6,16.67,0.0,1.71
89bc797e2e29667aa035d4368f9b7f92,sao paulo,SP,telephony,16,18.75,0.0,1.85
89c127985a8b130cfa45c1d36764017a,osasco,SP,audio,1,100.0,0.0,3.23
89c127985a8b130cfa45c1d36764017a,osasco,SP,cool_stuff,1,0.0,0.0,1.28
89c127985a8b130cfa45c1d36764017a,osasco,SP,health_beauty,1,0.0,0.0,1.2
89c127985a8b130cfa45c1d36764017a,osasco,SP,small_appliances_home_oven_and_coffee,2,50.0,0.0,2.78
89dda63a3c907c468ec88c310ed91213,maua/sao paulo,SP,computers_accessories,1,0.0,0.0,1.89
89de2d6f23e9746ff309705b23581faa,londrina,PR,books_technical,7,57.14,14.29,0.79
89f69225956f951295ca4c7fb1266553,vassouras,RJ,furniture_decor,1,0.0,0.0,1.33
89f69225956f951295ca4c7fb1266553,vassouras,RJ,health_beauty,1,0.0,0.0,1.2
89f69225956f951295ca4c7fb1266553,vassouras,RJ,music,2,0.0,0.0,2.7
89f69225956f951295ca4c7fb1266553,vassouras,RJ,toys,6,16.67,0.0,1.49
89f69225956f951295ca4c7fb1266553,vassouras,RJ,watches_gifts,1,0.0,0.0,2.06
8a130737016f838139d31878787a39c9,sao paulo,SP,construction_tools_construction,6,0.0,0.0,1.8
8a130737016f838139d31878787a39c9,sao paulo,SP,home_construction,50,6.0,0.0,1.08
8a1ff5c35f6595a73fef4c7b96e4908a,sao  jose dos pinhais,PR,baby,2,0.0,0.0,1.71
8a207b6080964f3c1fc9d35bd6096ba4,jaci,SP,furniture_bedroom,1,0.0,0.0,1.12
8a207b6080964f3c1fc9d35bd6096ba4,jaci,SP,furniture_living_room,1,0.0,0.0,1.24
8a2d12a90e92f012ce5226fc6592b653,curitiba,PR,baby,1,0.0,0.0,1.71
8a2d12a90e92f012ce5226fc6592b653,curitiba,PR,housewares,16,6.25,0.0,1.64
8a32e327fe2c1b3511609d81aaf9f042,sao paulo,SP,bed_bath_table,31,9.68,0.0,1.51
8a32e327fe2c1b3511609d81aaf9f042,sao paulo,SP,furniture_decor,94,18.09,2.13,1.33
8a40ae794fa3f9892cee24bd5af0488b,curitiba,PR,fashion_bags_accessories,1,100.0,0.0,1.11
8a40ae794fa3f9892cee24bd5af0488b,curitiba,PR,sports_leisure,1,0.0,0.0,1.2
8a40ae794fa3f9892cee24bd5af0488b,curitiba,PR,telephony,4,25.0,0.0,1.85
8a43128d7f9a3db592b866e6861a6cce,sao paulo,SP,auto,1,100.0,0.0,1.48
8a43128d7f9a3db592b866e6861a6cce,sao paulo,SP,electronics,1,0.0,0.0,1.53
8a43128d7f9a3db592b866e6861a6cce,sao paulo,SP,telephony,1,100.0,0.0,1.85
8a432f4e5b471f8da497d7dc517666e2,presidente prudente,SP,baby,5,0.0,0.0,1.71
8a432f4e5b471f8da497d7dc517666e2,presidente prudente,SP,bed_bath_table,73,13.7,1.37,1.51
8a432f4e5b471f8da497d7dc517666e2,presidente prudente,SP,housewares,13,7.69,7.69,1.64
8a87611c08849ffeeccab52aa798b6c7,curitiba,PR,furniture_decor,1,0.0,0.0,1.33
8a87611c08849ffeeccab52aa798b6c7,curitiba,PR,garden_tools,4,0.0,0.0,1.15
8a8835a43bda99fd37310ad76c457510,sao caetano do sul,SP,auto,2,0.0,0.0,1.48
8a9260f2b0340411d6d2a56bcf4f7378,contagem,MG,agro_industry_and_commerce,1,0.0,0.0,3.39
8a9260f2b0340411d6d2a56bcf4f7378,contagem,MG,food,4,0.0,0.0,0.7
8a9260f2b0340411d6d2a56bcf4f7378,contagem,MG,garden_tools,2,0.0,0.0,1.15
8a9260f2b0340411d6d2a56bcf4f7378,contagem,MG,health_beauty,1,0.0,0.0,1.2
8ab42aa58097fd4668d60cc648225d5f,goiania,GO,bed_bath_table,19,5.26,0.0,1.51
8ab42aa58097fd4668d60cc648225d5f,goiania,GO,health_beauty,1,0.0,0.0,1.2
8ae520247981aa06bc94abddf5f46d34,navegantes,SC,market_place,1,0.0,0.0,1.5
8ae520247981aa06bc94abddf5f46d34,navegantes,SC,sports_leisure,10,10.0,0.0,1.2
8ae520247981aa06bc94abddf5f46d34,navegantes,SC,stationery,2,0.0,0.0,1.34
8ae520247981aa06bc94abddf5f46d34,navegantes,SC,watches_gifts,52,9.62,1.92,2.06
8b11118053756a9a2932f447e11fc1b5,igaracu do tiete,SP,fixed_telephony,1,0.0,0.0,2.39
8b181ee5518df84f18f4e1a43fe07923,goioere,SP,health_beauty,1,0.0,0.0,1.2
8b2492b7ff4468839593fafeed55bad9,sao goncalo,RJ,health_beauty,29,13.79,3.45,1.2
8b28d096634035667e8263d57ba3368c,sao jose dos campos,SP,auto,1,0.0,0.0,1.48
8b28d096634035667e8263d57ba3368c,sao jose dos campos,SP,baby,4,25.0,25.0,1.71
8b28d096634035667e8263d57ba3368c,sao jose dos campos,SP,computers_accessories,4,0.0,0.0,1.89
8b28d096634035667e8263d57ba3368c,sao jose dos campos,SP,consoles_games,5,20.0,0.0,1.09
8b28d096634035667e8263d57ba3368c,sao jose dos campos,SP,cool_stuff,8,12.5,0.0,1.28
8b28d096634035667e8263d57ba3368c,sao jose dos campos,SP,electronics,1,0.0,0.0,1.53
8b28d096634035667e8263d57ba3368c,sao jose dos campos,SP,furniture_decor,4,0.0,0.0,1.33
8b28d096634035667e8263d57ba3368c,sao jose dos campos,SP,garden_tools,4,0.0,0.0,1.15
8b28d096634035667e8263d57ba3368c,sao jose dos campos,SP,health_beauty,60,11.67,1.67,1.2
8b28d096634035667e8263d57ba3368c,sao jose dos campos,SP,housewares,27,22.22,0.0,1.64
8b28d096634035667e8263d57ba3368c,sao jose dos campos,SP,small_appliances,3,0.0,0.0,1.5
8b28d096634035667e8263d57ba3368c,sao jose dos campos,SP,small_appliances_home_oven_and_coffee,2,0.0,0.0,2.78
8b28d096634035667e8263d57ba3368c,sao jose dos campos,SP,sports_leisure,3,33.33,0.0,1.2
8b28d096634035667e8263d57ba3368c,sao jose dos campos,SP,telephony,8,25.0,0.0,1.85
8b2d4ab22f42c5cfc338b846decfda60,fazenda rio grande,PR,housewares,1,0.0,0.0,1.64
8b2d4ab22f42c5cfc338b846decfda60,fazenda rio grande,PR,sports_leisure,5,0.0,0.0,1.2
8b321bb669392f5163d04c59e235e066,sao paulo,SP,air_conditioning,10,20.0,0.0,1.66
8b321bb669392f5163d04c59e235e066,sao paulo,SP,auto,9,11.11,0.0,1.48
8b321bb669392f5163d04c59e235e066,sao paulo,SP,computers_accessories,8,0.0,0.0,1.89
8b321bb669392f5163d04c59e235e066,sao paulo,SP,consoles_games,19,21.05,5.26,1.09
8b321bb669392f5163d04c59e235e066,sao paulo,SP,cool_stuff,5,0.0,0.0,1.28
8b321bb669392f5163d04c59e235e066,sao paulo,SP,electronics,834,13.91,1.2,1.53
8b321bb669392f5163d04c59e235e066,sao paulo,SP,garden_tools,6,0.0,0.0,1.15
8b321bb669392f5163d04c59e235e066,sao paulo,SP,musical_instruments,14,14.29,0.0,1.83
8b321bb669392f5163d04c59e235e066,sao paulo,SP,sports_leisure,1,0.0,0.0,1.2
8b321bb669392f5163d04c59e235e066,sao paulo,SP,stationery,12,16.67,0.0,1.34
8b321bb669392f5163d04c59e235e066,sao paulo,SP,telephony,4,25.0,0.0,1.85
8b655f0855926bcb49f5835d38dfddf6,osasco,SP,stationery,5,0.0,0.0,1.34
8b87cd0d43d49b9bdf40f56229364d59,sao paulo,SP,baby,1,0.0,0.0,1.71
8b87cd0d43d49b9bdf40f56229364d59,sao paulo,SP,toys,1,0.0,0.0,1.49
8b8cfc8305aa441e4239358c9f6f2485,londrina,PR,baby,2,0.0,0.0,1.71
8b8cfc8305aa441e4239358c9f6f2485,londrina,PR,cool_stuff,13,15.38,0.0,1.28
8b9d6eec4a7eb7d0f9d579ce0b38324d,mesquita,RJ,furniture_living_room,46,15.22,0.0,1.24
8b9d6eec4a7eb7d0f9d579ce0b38324d,mesquita,RJ,kitchen_dining_laundry_garden_furniture,1,0.0,0.0,1.69
8bb48dc19fccaa8613b6229bf7f452a2,assis,SP,books_technical,3,66.67,0.0,0.79
8bb48dc19fccaa8613b6229bf7f452a2,assis,SP,costruction_tools_garden,52,7.69,0.0,1.09
8bb48dc19fccaa8613b6229bf7f452a2,assis,SP,flowers,20,5.0,0.0,0.0
8bb48dc19fccaa8613b6229bf7f452a2,assis,SP,garden_tools,6,0.0,0.0,1.15
8bd0e3abda539b9479c4b44a691be1ec,tres de maio,RS,health_beauty,6,50.0,0.0,1.2
8bd0f31cf0a614c658f6763bd02dea69,sao paulo,SP,furniture_decor,23,8.7,0.0,1.33
8bd0f31cf0a614c658f6763bd02dea69,sao paulo,SP,office_furniture,3,0.0,33.33,3.4
8bd0f31cf0a614c658f6763bd02dea69,sao paulo,SP,toys,5,20.0,0.0,1.49
8bdd8e3fd58bafa48af76b2c5fd71974,sao paulo,SP,toys,9,0.0,0.0,1.49
8c0de775f52fe41590b376a3b7c50f68,sumare,SP,sports_leisure,8,0.0,0.0,1.2
8c16d1f32a54d92897cc437244442e1b,blumenau,SC,art,6,0.0,0.0,1.59
8c16d1f32a54d92897cc437244442e1b,blumenau,SC,auto,4,0.0,0.0,1.48
8c16d1f32a54d92897cc437244442e1b,blumenau,SC,computers_accessories,79,7.59,0.0,1.89
8c16d1f32a54d92897cc437244442e1b,blumenau,SC,health_beauty,1,0.0,0.0,1.2
8c16d1f32a54d92897cc437244442e1b,blumenau,SC,housewares,7,0.0,0.0,1.64
8c16d1f32a54d92897cc437244442e1b,blumenau,SC,market_place,1,0.0,0.0,1.5
8c16d1f32a54d92897cc437244442e1b,blumenau,SC,office_furniture,7,14.29,0.0,3.4
8c16d1f32a54d92897cc437244442e1b,blumenau,SC,signaling_and_security,1,0.0,0.0,2.92
8c351ed7c326c62123318f4f3246e906,praia grande,SP,computers_accessories,2,0.0,0.0,1.89
8c3b533c63cca56240f94f1e3a6b18ef,belo horizonte,MG,furniture_decor,1,100.0,0.0,1.33
8c3b533c63cca56240f94f1e3a6b18ef,belo horizonte,MG,garden_tools,1,0.0,0.0,1.15
8c5e007d7bd5693fa1386ffefbc99f6c,indaiatuba,SP,health_beauty,9,11.11,0.0,1.2
8c91bfea4263b8fba54081460693e2a1,horizontina,RS,health_beauty,1,0.0,0.0,1.2
8c9348f33ae3dada25c99c99ade2af78,carapicuiba,SP,garden_tools,1,0.0,0.0,1.15
8c9348f33ae3dada25c99c99ade2af78,carapicuiba,SP,signaling_and_security,1,0.0,0.0,2.92
8ca1551acf9832a4cf467bbbac15851f,campo largo,PR,auto,1,0.0,0.0,1.48
8ca1551acf9832a4cf467bbbac15851f,campo largo,PR,furniture_decor,9,11.11,0.0,1.33
8ca1551acf9832a4cf467bbbac15851f,campo largo,PR,home_construction,1,100.0,0.0,1.08
8ca5b19e0263150d2c57afdde2b3d011,maua,SP,housewares,1,0.0,0.0,1.64
8cb7c5ddf41f4d506eba76e9a4702a25,anapolis,GO,sports_leisure,1,0.0,0.0,1.2
8cbac7e12637ed9cffa18c7875207478,jaragua do sul,SC,baby,15,0.0,13.33,1.71
8cbac7e12637ed9cffa18c7875207478,jaragua do sul,SC,cool_stuff,34,17.65,0.0,1.28
8cbac7e12637ed9cffa18c7875207478,jaragua do sul,SC,sports_leisure,5,0.0,0.0,1.2
8cbac7e12637ed9cffa18c7875207478,jaragua do sul,SC,toys,12,8.33,0.0,1.49
8cc6a0e5738e61a87b03c78b2ba9db4b,andradas,MG,computers_accessories,1,0.0,0.0,1.89
8cc6a0e5738e61a87b03c78b2ba9db4b,andradas,MG,consoles_games,1,0.0,0.0,1.09
8cc6a0e5738e61a87b03c78b2ba9db4b,andradas,MG,cool_stuff,4,25.0,0.0,1.28
8cc6a0e5738e61a87b03c78b2ba9db4b,andradas,MG,electronics,1,0.0,0.0,1.53
8cc6a0e5738e61a87b03c78b2ba9db4b,andradas,MG,stationery,8,0.0,0.0,1.34
8cc6a0e5738e61a87b03c78b2ba9db4b,andradas,MG,toys,6,0.0,0.0,1.49
8ccf3cf69651cc1d8a02c8bfaf3b8568,rio claro,SP,computers_accessories,2,0.0,0.0,1.89
8cf21434553b02cbd37c0bbd07e041b0,sao jose,SC,auto,1,0.0,0.0,1.48
8d46553a36e68f95350a200c12f8f2e2,campinas,SP,construction_tools_construction,1,0.0,0.0,1.8
8d46553a36e68f95350a200c12f8f2e2,campinas,SP,perfumery,8,0.0,0.0,0.72
8d79c8a04e42d722a75097ce5cbcf2ef,caucaia,CE,food,25,8.0,0.0,0.7
8d899e15a5925f097cca50faa49b15e3,sao roque,SP,construction_tools_lights,1,0.0,0.0,0.88
8d899e15a5925f097cca50faa49b15e3,sao roque,SP,furniture_decor,3,33.33,0.0,1.33
8d92f3ea807b89465643c219455e7369,sao paulo,SP,housewares,1,100.0,0.0,1.64
8d956fec2e4337affcb520f56fd8cbfd,sao bernardo do campo,SP,air_conditioning,1,100.0,0.0,1.66
8d956fec2e4337affcb520f56fd8cbfd,sao bernardo do campo,SP,audio,2,0.0,0.0,3.23
8d956fec2e4337affcb520f56fd8cbfd,sao bernardo do campo,SP,auto,10,10.0,0.0,1.48
8d956fec2e4337affcb520f56fd8cbfd,sao bernardo do campo,SP,cine_photo,11,36.36,0.0,1.59
8d956fec2e4337affcb520f56fd8cbfd,sao bernardo do campo,SP,computers_accessories,32,9.38,0.0,1.89
8d956fec2e4337affcb520f56fd8cbfd,sao bernardo do campo,SP,consoles_games,3,33.33,0.0,1.09
8d956fec2e4337affcb520f56fd8cbfd,sao bernardo do campo,SP,cool_stuff,1,0.0,0.0,1.28
8d956fec2e4337affcb520f56fd8cbfd,sao bernardo do campo,SP,electronics,6,0.0,0.0,1.53
8d956fec2e4337affcb520f56fd8cbfd,sao bernardo do campo,SP,health_beauty,13,15.38,7.69,1.2
8d956fec2e4337affcb520f56fd8cbfd,sao bernardo do campo,SP,home_construction,2,0.0,0.0,1.08
8d956fec2e4337affcb520f56fd8cbfd,sao bernardo do campo,SP,sports_leisure,78,7.69,2.56,1.2
8d956fec2e4337affcb520f56fd8cbfd,sao bernardo do campo,SP,stationery,3,0.0,0.0,1.34
8d956fec2e4337affcb520f56fd8cbfd,sao bernardo do campo,SP,telephony,47,4.26,0.0,1.85
8daab2245ebdc277c51098d01c5ad8ef,sao paulo,SP,auto,1,0.0,0.0,1.48
8daab2245ebdc277c51098d01c5ad8ef,sao paulo,SP,construction_tools_construction,3,0.0,0.0,1.8
8daab2245ebdc277c51098d01c5ad8ef,sao paulo,SP,costruction_tools_tools,11,0.0,0.0,5.32
8daab2245ebdc277c51098d01c5ad8ef,sao paulo,SP,health_beauty,1,0.0,0.0,1.2
8dd386be0767c330276ea6a3f96532d3,paulo lopes,SC,sports_leisure,1,0.0,0.0,1.2
8de8fe3af4449ed695d2434c933ed73e,sao paulo,SP,home_appliances,1,0.0,0.0,1.08
8def3db7f272735afb2ecd03aeca09a7,rio de janeiro,RJ,fashion_bags_accessories,2,0.0,0.0,1.11
8dfbc5ff27df12f6cef751d3b9554222,curitiba,PR,garden_tools,4,0.0,0.0,1.15
8e29d051f810eb22959ede205b462b9f,mirassol,SP,pet_shop,2,0.0,0.0,1.67
8e2b3afb420011ef0c88c9d5f11ea526,campinas,SP,health_beauty,1,0.0,0.0,1.2
8e2b3afb420011ef0c88c9d5f11ea526,campinas,SP,sports_leisure,10,10.0,0.0,1.2
8e34331b7eedd03be4e5d965c1956225,sao paulo,SP,books_general_interest,5,0.0,0.0,0.41
8e4f041ff58e7845456d3482524014b3,porto alegre,RS,baby,2,50.0,0.0,1.71
8e670472e453ba34a379331513d6aab1,juiz de fora,MG,auto,1,100.0,0.0,1.48
8e6cc767478edae941d9bd9eb778d77a,araguari,MG,furniture_decor,1,0.0,0.0,1.33
8e6cc767478edae941d9bd9eb778d77a,araguari,MG,housewares,97,15.46,1.03,1.64
8e6d7754bc7e0f22c96d255ebda59eba,sao jose dos campos,SP,computers_accessories,79,24.05,3.8,1.89
8e8a7ce9f2f970dc00e2acf6f6e199f6,sao goncalo,RJ,computers_accessories,63,11.11,0.0,1.89
8ea394aed8138685abe1eb9f25e1021d,sorocaba,SP,signaling_and_security,2,0.0,0.0,2.92
8eb88b0acb3f90a717ad659221471fa7,cacador,SC,fashion_bags_accessories,2,0.0,0.0,1.11
8ec76bb0965af3f007692b26fa9d6623,criciuma,SC,computers_accessories,1,0.0,0.0,1.89
8ed8ea9a57c862f2c18c2fe41f601d56,blumenau,SC,cool_stuff,18,5.56,5.56,1.28
8ed8ea9a57c862f2c18c2fe41f601d56,blumenau,SC,small_appliances,1,0.0,0.0,1.5
8f0fbe2cd4d472157dc1cdef6edecaa9,sao paulo,SP,garden_tools,1,0.0,0.0,1.15
8f119a0aee85c0c8fc534629734e94fd,barueri,SP,auto,5,0.0,0.0,1.48
8f119a0aee85c0c8fc534629734e94fd,barueri,SP,construction_tools_construction,4,0.0,0.0,1.8
8f119a0aee85c0c8fc534629734e94fd,barueri,SP,home_appliances,3,0.0,0.0,1.08
8f119a0aee85c0c8fc534629734e94fd,barueri,SP,home_construction,1,0.0,0.0,1.08
8f119a0aee85c0c8fc534629734e94fd,barueri,SP,housewares,6,16.67,0.0,1.64
8f119a0aee85c0c8fc534629734e94fd,barueri,SP,signaling_and_security,1,100.0,0.0,2.92
8f119a0aee85c0c8fc534629734e94fd,barueri,SP,small_appliances,9,11.11,0.0,1.5
8f119a0aee85c0c8fc534629734e94fd,barueri,SP,toys,45,4.44,0.0,1.49
8f2b51a30523cdecddc2f179f351c7d6,sao paulo,SP,auto,7,14.29,0.0,1.48
8f2ce03f928b567e3d56181ae20ae952,pirituba,SP,sports_leisure,150,12.0,2.0,1.2
8f54d64f28a993550aa7943f12572959,ipatinga,MG,health_beauty,15,26.67,0.0,1.2
8f580d36c1e9d6fbce95283403c7d447,ribeirao preto,SP,auto,8,12.5,0.0,1.48
8f78f0903005064036736c7173a5c2ed,tiradentes,MG,furniture_decor,9,33.33,11.11,1.33
8f78f0903005064036736c7173a5c2ed,tiradentes,MG,furniture_living_room,2,0.0,0.0,1.24
8f78f0903005064036736c7173a5c2ed,tiradentes,MG,housewares,1,0.0,0.0,1.64
8f78f0903005064036736c7173a5c2ed,tiradentes,MG,kitchen_dining_laundry_garden_furniture,1,0.0,0.0,1.69
8fb67a334bacec338885b4e9e1708073,toledo,PR,furniture_decor,1,0.0,0.0,1.33
8fb791022c1fc8909664f48ab7dc636d,sao paulo,SP,home_appliances_2,5,20.0,20.0,4.0
8fbd63429be6d3e5e6d1a709b6464802,santo andre,SP,auto,6,0.0,0.0,1.48
8fbe2ee446b97e128471be4ce983dc0d,sorocaba,SP,health_beauty,3,66.67,0.0,1.2
8fd3b4468f6425810648177996c14cbd,sao jose do rio preto,SP,health_beauty,1,0.0,0.0,1.2
8fdca8e349553f99bc738833a62c8802,sao paulo,SP,computers_accessories,8,0.0,0.0,1.89
8fdca8e349553f99bc738833a62c8802,sao paulo,SP,electronics,12,8.33,0.0,1.53
8fdca8e349553f99bc738833a62c8802,sao paulo,SP,market_place,1,100.0,0.0,1.5
8fe8786ee000001ab51d030dfd4a7bf1,paulo lopes,SC,musical_instruments,5,0.0,0.0,1.83
8fec2e460530482132c436cfb5439925,laranjal paulista,SP,toys,3,0.0,0.0,1.49
8ff1a9df749e454105c55cda13e79143,marilia,SP,art,1,0.0,0.0,1.59
8ff1a9df749e454105c55cda13e79143,marilia,SP,construction_tools_construction,1,0.0,0.0,1.8
8ff1a9df749e454105c55cda13e79143,marilia,SP,cool_stuff,1,100.0,0.0,1.28
8ff1a9df749e454105c55cda13e79143,marilia,SP,housewares,7,14.29,0.0,1.64
8ff38bc3969e67c36c48343a07090f66,sao paulo,SP,auto,2,50.0,0.0,1.48
8fff28c4263ddec387f28d237fb42773,sao paulo,SP,bed_bath_table,2,0.0,0.0,1.51
900ba814c251a692506d7834c1218441,salto,SP,health_beauty,83,8.43,0.0,1.2
901b460cdce0c64e471230d7f2f9f3a3,porto alegre,RS,fashion_bags_accessories,4,25.0,0.0,1.11
901b460cdce0c64e471230d7f2f9f3a3,porto alegre,RS,furniture_bedroom,1,0.0,0.0,1.12
902c99f1ac505c0d18778b61bcd636f7,mogi guacu,SP,housewares,3,0.0,0.0,1.64
903037660cf848a717166eb7a06d616e,sao paulo,SP,construction_tools_lights,3,33.33,0.0,0.88
903037660cf848a717166eb7a06d616e,sao paulo,SP,cool_stuff,1,0.0,0.0,1.28
903037660cf848a717166eb7a06d616e,sao paulo,SP,furniture_decor,18,33.33,0.0,1.33
903037660cf848a717166eb7a06d616e,sao paulo,SP,garden_tools,20,5.0,0.0,1.15
90b36c5aeb728d5504a39f435bef0c5f,conchal,SP,drinks,1,0.0,0.0,0.35
90b36c5aeb728d5504a39f435bef0c5f,conchal,SP,food_drink,1,0.0,0.0,0.0
90b36c5aeb728d5504a39f435bef0c5f,conchal,SP,health_beauty,2,0.0,0.0,1.2
90b57083da5d803237da74daec6dcb2b,curitiba,PR,housewares,1,0.0,0.0,1.64
90b57083da5d803237da74daec6dcb2b,curitiba,PR,sports_leisure,1,0.0,0.0,1.2
910a922b426b7ff95eaee129ad6c0e1f,sao jose do rio preto,SP,sports_leisure,2,0.0,0.0,1.2
913fd0ebba70bb919f7254a02239173c,blumenau,SC,auto,1,100.0,0.0,1.48
9140bd1d9de28b197dce077bdd687438,amparo,SP,sports_leisure,6,0.0,0.0,1.2
9140ef75cc8211c4035935e80e567204,maringa,PR,pet_shop,1,0.0,0.0,1.67
91543f9849d68d023e17194926598543,blumenau,SC,furniture_decor,4,0.0,0.0,1.33
916748bc99315c2d202898ae58b1617e,sorocaba,SP,market_place,1,0.0,0.0,1.5
916748bc99315c2d202898ae58b1617e,sorocaba,SP,sports_leisure,22,9.09,0.0,1.2
916c9de0b5ad957346eeeb12f332687e,curitiba,PR,health_beauty,22,4.55,0.0,1.2
918717417d88a9f9ae9735567e6c7682,sao paulo,SP,baby,1,0.0,0.0,1.71
918717417d88a9f9ae9735567e6c7682,sao paulo,SP,health_beauty,2,0.0,0.0,1.2
918717417d88a9f9ae9735567e6c7682,sao paulo,SP,sports_leisure,1,0.0,0.0,1.2
918f6fbcf3ab724d805867303e593a1b,valinhos,SP,computers_accessories,1,0.0,0.0,1.89
918f6fbcf3ab724d805867303e593a1b,valinhos,SP,electronics,1,0.0,0.0,1.53
9198786624eaeb375793215cad26cfa6,rodeio,SC,computers_accessories,2,0.0,0.0,1.89
9198786624eaeb375793215cad26cfa6,rodeio,SC,furniture_decor,3,33.33,0.0,1.33
9198786624eaeb375793215cad26cfa6,rodeio,SC,sports_leisure,3,33.33,0.0,1.2
91f0eec23d4a61d7d7caeefa3f0ad1ca,tubarao,SC,auto,11,27.27,0.0,1.48
91f5779a8731baca4809fdeade81803f,barra mansa,RJ,sports_leisure,4,25.0,50.0,1.2
91f5779a8731baca4809fdeade81803f,barra mansa,RJ,stationery,2,0.0,0.0,1.34
91f848e9f4be368f4318775aac733370,sao paulo,SP,housewares,47,4.26,2.13,1.64
9200e6ce317b67196b6b0bad4d4bd567,rio de janeiro,RJ,furniture_decor,1,0.0,0.0,1.33
921323538c9f1c4e816f2720eac02bea,sao paulo,SP,baby,2,0.0,0.0,1.71
921323538c9f1c4e816f2720eac02bea,sao paulo,SP,sports_leisure,11,18.18,0.0,1.2
921323538c9f1c4e816f2720eac02bea,sao paulo,SP,watches_gifts,2,0.0,0.0,2.06
9261d76c62caaf0b24677c2ceb7f8f20,palhoca,SC,housewares,6,0.0,0.0,1.64
929f342384a6607afe143d789ade1316,londrina,PR,garden_tools,1,0.0,0.0,1.15
929f342384a6607afe143d789ade1316,londrina,PR,housewares,2,0.0,0.0,1.64
929f342384a6607afe143d789ade1316,londrina,PR,pet_shop,1,0.0,0.0,1.67
92c8bc6e8f925792247656fed09aad65,sao paulo,SP,housewares,1,0.0,0.0,1.64
92d14edfb62ee5ae7fdff70b0f4e7233,sao bernardo do campo,SP,drinks,2,0.0,0.0,0.35
92d14edfb62ee5ae7fdff70b0f4e7233,sao bernardo do campo,SP,food_drink,2,50.0,0.0,0.0
92d14edfb62ee5ae7fdff70b0f4e7233,sao bernardo do campo,SP,health_beauty,4,25.0,0.0,1.2
92eb0f42c21942b6552362b9b114707d,sao paulo,SP,cool_stuff,16,18.75,0.0,1.28
92eb0f42c21942b6552362b9b114707d,sao paulo,SP,electronics,2,0.0,0.0,1.53
92eb0f42c21942b6552362b9b114707d,sao paulo,SP,telephony,310,13.87,0.65,1.85
933446e9a59dece7ae9175103820ca8f,curitiba,PR,housewares,1,0.0,0.0,1.64
939e6227d6964a11a70aa91243e418f2,conselheiro lafaiete,MG,health_beauty,4,0.0,0.0,1.2
939f6e231201f26803cb5c3a3d2940b3,bauru,SP,furniture_decor,3,0.0,0.0,1.33
93b9a99027bd8bd6af682aff18dd19bf,mairipora,SP,furniture_decor,10,10.0,0.0,1.33
93b9a99027bd8bd6af682aff18dd19bf,mairipora,SP,housewares,5,0.0,0.0,1.64
93bef6edaa84956e8e575016449b6351,sao paulo,SP,sports_leisure,1,0.0,0.0,1.2
93dc87703c046b603023e75222018b45,belo horizonte,MG,sports_leisure,1,0.0,0.0,1.2
93dc87703c046b603023e75222018b45,belo horizonte,MG,stationery,2,0.0,0.0,1.34
93dc87703c046b603023e75222018b45,belo horizonte,MG,watches_gifts,27,11.11,7.41,2.06
94144541854e298c2d976cb893b81343,viamao,RS,fashio_female_clothing,1,0.0,0.0,8.33
94144541854e298c2d976cb893b81343,viamao,RS,health_beauty,62,11.29,1.61,1.2
94144541854e298c2d976cb893b81343,viamao,RS,perfumery,4,25.0,0.0,0.72
941554c5757b73ba0e50aa7732310afc,sao paulo,SP,garden_tools,3,0.0,0.0,1.15
94165aea8a35c3c21499cbcae239b16c,uberlandia,MG,auto,1,100.0,100.0,1.48
94231344608e603693b0a8891143f65d,porto alegre,SP,housewares,2,0.0,0.0,1.64
9449f25aeaf531019b76999ea49a6949,rio de janeiro,RJ,health_beauty,9,11.11,0.0,1.2
9485a23c0430ba1d58d359391606fce6,santo andre,SP,auto,4,0.0,0.0,1.48
94b9108d4b637ba65bb4f1e53cfcf8d8,guarulhos,SP,baby,3,33.33,0.0,1.71
94b9108d4b637ba65bb4f1e53cfcf8d8,guarulhos,SP,electronics,4,0.0,0.0,1.53
94c49f20a123aeb9360dbf80ff912bf6,sorocaba,SP,fashion_sport,1,0.0,0.0,0.0
94c49f20a123aeb9360dbf80ff912bf6,sorocaba,SP,toys,2,50.0,0.0,1.49
94ca168e8bcb407ab85c5da308863027,clementina,SP,food,1,0.0,0.0,0.7
94ca168e8bcb407ab85c5da308863027,clementina,SP,health_beauty,4,0.0,0.0,1.2
94d76e96eedd976258cd3278ce56d5f2,sao roque,SP,sports_leisure,1,0.0,0.0,1.2
94e93ce877be27a515118dbfd2c2be41,votuporanga,SP,auto,2,0.0,0.0,1.48
94e93ce877be27a515118dbfd2c2be41,votuporanga,SP,costruction_tools_garden,1,0.0,0.0,1.09
94e93ce877be27a515118dbfd2c2be41,votuporanga,SP,garden_tools,6,16.67,16.67,1.15
94e93ce877be27a515118dbfd2c2be41,votuporanga,SP,home_appliances,1,0.0,0.0,1.08
94e93ce877be27a515118dbfd2c2be41,votuporanga,SP,home_appliances_2,1,0.0,0.0,4.0
94e93ce877be27a515118dbfd2c2be41,votuporanga,SP,home_confort,5,20.0,0.0,2.17
94e93ce877be27a515118dbfd2c2be41,votuporanga,SP,housewares,8,25.0,0.0,1.64
94e93ce877be27a515118dbfd2c2be41,votuporanga,SP,industry_commerce_and_business,1,0.0,0.0,1.33
94e93ce877be27a515118dbfd2c2be41,votuporanga,SP,sports_leisure,2,0.0,0.0,1.2
951e8cef368f09bb3f3d03c00ca4702c,ibitinga,SP,baby,14,21.43,7.14,1.71
951e8cef368f09bb3f3d03c00ca4702c,ibitinga,SP,bed_bath_table,44,9.09,0.0,1.51
9523fb39dd240aa958e040f8183d64f3,sao paulo,SP,construction_tools_safety,1,100.0,0.0,2.61
9535a841eecebed61a9fb1ac1cbb5597,sao paulo,SP,garden_tools,2,50.0,50.0,1.15
9539213aa8e023c01937bef95dc006da,sao paulo,SP,housewares,9,0.0,0.0,1.64
9558aa23f77a9e0a0eca83540999f43b,apucarana,PR,fashion_bags_accessories,1,0.0,0.0,1.11
955fee9216a65b617aa5c0531780ce60,sao paulo,SP,agro_industry_and_commerce,12,25.0,16.67,3.39
955fee9216a65b617aa5c0531780ce60,sao paulo,SP,art,11,0.0,0.0,1.59
955fee9216a65b617aa5c0531780ce60,sao paulo,SP,auto,16,0.0,0.0,1.48
955fee9216a65b617aa5c0531780ce60,sao paulo,SP,computers_accessories,22,13.64,0.0,1.89
955fee9216a65b617aa5c0531780ce60,sao paulo,SP,construction_tools_construction,13,0.0,0.0,1.8
955fee9216a65b617aa5c0531780ce60,sao paulo,SP,construction_tools_lights,40,10.0,0.0,0.88
955fee9216a65b617aa5c0531780ce60,sao paulo,SP,cool_stuff,115,6.96,0.87,1.28
955fee9216a65b617aa5c0531780ce60,sao paulo,SP,costruction_tools_tools,9,11.11,11.11,5.32
955fee9216a65b617aa5c0531780ce60,sao paulo,SP,fixed_telephony,2,0.0,0.0,2.39
955fee9216a65b617aa5c0531780ce60,sao paulo,SP,food,7,0.0,0.0,0.7
955fee9216a65b617aa5c0531780ce60,sao paulo,SP,furniture_decor,429,11.19,0.23,1.33
955fee9216a65b617aa5c0531780ce60,sao paulo,SP,garden_tools,60,5.0,0.0,1.15
955fee9216a65b617aa5c0531780ce60,sao paulo,SP,health_beauty,106,5.66,0.94,1.2
955fee9216a65b617aa5c0531780ce60,sao paulo,SP,housewares,171,14.04,1.17,1.64
955fee9216a65b617aa5c0531780ce60,sao paulo,SP,industry_commerce_and_business,30,10.0,3.33,1.33
955fee9216a65b617aa5c0531780ce60,sao paulo,SP,kitchen_dining_laundry_garden_furniture,8,0.0,0.0,1.69
955fee9216a65b617aa5c0531780ce60,sao paulo,SP,musical_instruments,23,13.04,0.0,1.83
955fee9216a65b617aa5c0531780ce60,sao paulo,SP,office_furniture,5,0.0,0.0,3.4
955fee9216a65b617aa5c0531780ce60,sao paulo,SP,sports_leisure,117,12.82,2.56,1.2
955fee9216a65b617aa5c0531780ce60,sao paulo,SP,stationery,46,8.7,0.0,1.34
955fee9216a65b617aa5c0531780ce60,sao paulo,SP,telephony,1,0.0,0.0,1.85
955fee9216a65b617aa5c0531780ce60,sao paulo,SP,toys,4,0.0,0.0,1.49
9596c870880d900012f2e8e6e30d06d7,varginha,MG,construction_tools_construction,11,9.09,0.0,1.8
9596c870880d900012f2e8e6e30d06d7,varginha,MG,housewares,1,0.0,0.0,1.64
9596c870880d900012f2e8e6e30d06d7,varginha,MG,industry_commerce_and_business,1,0.0,0.0,1.33
9596c870880d900012f2e8e6e30d06d7,varginha,MG,stationery,8,0.0,0.0,1.34
9599519be538b98748162a2b48248960,sao paulo,SP,sports_leisure,1,100.0,0.0,1.2
95b293867b5862941c9cd74f756a3c68,sao paulo,SP,audio,3,0.0,0.0,3.23
95b293867b5862941c9cd74f756a3c68,sao paulo,SP,telephony,6,50.0,0.0,1.85
95cca791657aabeff15a07eb152d7841,palotina,PR,sports_leisure,1,0.0,0.0,1.2
95e03ca3d4146e4011985981aeb959b9,rio de janeiro,RJ,baby,13,15.38,0.0,1.71
95e03ca3d4146e4011985981aeb959b9,rio de janeiro,RJ,furniture_decor,18,5.56,0.0,1.33
95e03ca3d4146e4011985981aeb959b9,rio de janeiro,RJ,garden_tools,7,28.57,0.0,1.15
95e03ca3d4146e4011985981aeb959b9,rio de janeiro,RJ,health_beauty,3,0.0,0.0,1.2
95e03ca3d4146e4011985981aeb959b9,rio de janeiro,RJ,home_construction,16,25.0,6.25,1.08
95e03ca3d4146e4011985981aeb959b9,rio de janeiro,RJ,housewares,41,17.07,2.44,1.64
95e03ca3d4146e4011985981aeb959b9,rio de janeiro,RJ,musical_instruments,1,0.0,0.0,1.83
95e03ca3d4146e4011985981aeb959b9,rio de janeiro,RJ,perfumery,14,7.14,0.0,0.72
95e03ca3d4146e4011985981aeb959b9,rio de janeiro,RJ,small_appliances,8,12.5,0.0,1.5
95e03ca3d4146e4011985981aeb959b9,rio de janeiro,RJ,sports_leisure,15,6.67,6.67,1.2
95e03ca3d4146e4011985981aeb959b9,rio de janeiro,RJ,stationery,2,0.0,0.0,1.34
95e03ca3d4146e4011985981aeb959b9,rio de janeiro,RJ,toys,13,7.69,0.0,1.49
95e03ca3d4146e4011985981aeb959b9,rio de janeiro,RJ,watches_gifts,16,12.5,6.25,2.06
95ec4458365c4d11f452ccf538377619,limeira,SP,construction_tools_construction,1,0.0,0.0,1.8
95ec4458365c4d11f452ccf538377619,limeira,SP,furniture_decor,9,0.0,0.0,1.33
95ec4458365c4d11f452ccf538377619,limeira,SP,housewares,4,0.0,0.0,1.64
95ec4458365c4d11f452ccf538377619,limeira,SP,stationery,11,0.0,0.0,1.34
95f83f51203c626648c875dd41874c7f,borda da mata,MG,baby,9,22.22,11.11,1.71
95f83f51203c626648c875dd41874c7f,borda da mata,MG,furniture_decor,39,28.21,0.0,1.33
960945e1a9535cbc0cd6ddd35fbe7ae8,sao paulo,SP,construction_tools_construction,25,0.0,0.0,1.8
960945e1a9535cbc0cd6ddd35fbe7ae8,sao paulo,SP,garden_tools,1,0.0,0.0,1.15
960945e1a9535cbc0cd6ddd35fbe7ae8,sao paulo,SP,housewares,2,0.0,0.0,1.64
9616352088dcf83a7c06637f4ebf1c80,umuarama,PR,sports_leisure,91,7.69,1.1,1.2
961dff0a659b4561334372337dd897d9,rio de janeiro,RJ,cool_stuff,3,0.0,0.0,1.28
9646c3513289980f17226a2fc4720dbd,sao jose dos campos,SP,computers_accessories,63,6.35,1.59,1.89
9646c3513289980f17226a2fc4720dbd,sao jose dos campos,SP,consoles_games,1,0.0,0.0,1.09
9646c3513289980f17226a2fc4720dbd,sao jose dos campos,SP,cool_stuff,3,0.0,0.0,1.28
9646c3513289980f17226a2fc4720dbd,sao jose dos campos,SP,electronics,1,0.0,0.0,1.53
96493fab2fbb13a14d0c0e8772eef5c3,sao paulo,SP,computers_accessories,62,14.52,1.61,1.89
964ff64dc05b13811c6d0f41e0aa5f6b,sao paulo,SP,home_construction,1,0.0,0.0,1.08
966cb4760537b1404caedd472cc610a5,diadema,SP,watches_gifts,66,12.12,6.06,2.06
9674754b5a0cb32b638cec001178f799,sao paulo,SP,garden_tools,2,0.0,0.0,1.15
9674754b5a0cb32b638cec001178f799,sao paulo,SP,home_appliances,23,8.7,0.0,1.08
9674754b5a0cb32b638cec001178f799,sao paulo,SP,housewares,1,0.0,0.0,1.64
9674754b5a0cb32b638cec001178f799,sao paulo,SP,small_appliances,55,16.36,0.0,1.5
9674754b5a0cb32b638cec001178f799,sao paulo,SP,telephony,2,50.0,0.0,1.85
96804ea39d96eb908e7c3afdb671bb9e,ibia,MG,construction_tools_construction,2,0.0,0.0,1.8
96804ea39d96eb908e7c3afdb671bb9e,ibia,MG,cool_stuff,6,16.67,0.0,1.28
96804ea39d96eb908e7c3afdb671bb9e,ibia,MG,electronics,3,33.33,0.0,1.53
96804ea39d96eb908e7c3afdb671bb9e,ibia,MG,fixed_telephony,1,0.0,0.0,2.39
96804ea39d96eb908e7c3afdb671bb9e,ibia,MG,sports_leisure,24,8.33,0.0,1.2
968268a686aa05d1f529fb07dff08130,sao paulo,SP,art,1,0.0,100.0,1.59
968268a686aa05d1f529fb07dff08130,sao paulo,SP,stationery,11,36.36,0.0,1.34
968ee78631915a63fef426d6733d7422,erechim,RS,cool_stuff,2,50.0,0.0,1.28
96e5dc09087bad639b4ee193104ec2e5,bom jardim,RJ,health_beauty,1,0.0,0.0,1.2
96e5dc09087bad639b4ee193104ec2e5,bom jardim,RJ,sports_leisure,1,0.0,0.0,1.2
96f7c797de9ca20efbe14545bed63eec,cravinhos,SP,perfumery,1,100.0,0.0,0.72
972d0f9cf61b499a4812cf0bfa3ad3c4,brusque,SC,bed_bath_table,74,40.54,0.0,1.51
973f21788dfab357250f69a8dcb7ddee,claudio,MG,sports_leisure,8,62.5,12.5,1.2
974cf2cb8f4b7add98709c30df02fe10,araraquara,SP,computers_accessories,29,10.34,0.0,1.89
974cf2cb8f4b7add98709c30df02fe10,araraquara,SP,health_beauty,1,0.0,0.0,1.2
97512d3fc193b2d1dfcdba0f9d1f0f8a,sao paulo,SP,computers_accessories,12,8.33,0.0,1.89
977f9f63dd360c2a32ece2f93ad6d306,tabatinga,SP,baby,19,15.79,5.26,1.71
979e9f8b5b39dd243a2550c8b05aecf0,sao paulo,SP,health_beauty,3,0.0,0.0,1.2
97e4a63591ca439a2b8b7efd20e6e19e,rio de janeiro,RJ,furniture_living_room,5,0.0,0.0,1.24
97e50a621f8e801f4baf69e08687c192,sao paulo,SP,toys,1,0.0,0.0,1.49
97e995629983723d11830a829bc2b246,lorena,SP,books_technical,3,0.0,0.0,0.79
97e995629983723d11830a829bc2b246,lorena,SP,stationery,2,0.0,0.0,1.34
9803a40e82e45418ab7fb84091af5231,rio verde,GO,auto,2,50.0,50.0,1.48
9803a40e82e45418ab7fb84091af5231,rio verde,GO,computers_accessories,2,50.0,0.0,1.89
9803a40e82e45418ab7fb84091af5231,rio verde,GO,construction_tools_construction,2,0.0,0.0,1.8
9803a40e82e45418ab7fb84091af5231,rio verde,GO,construction_tools_safety,1,0.0,0.0,2.61
9803a40e82e45418ab7fb84091af5231,rio verde,GO,fixed_telephony,2,0.0,0.0,2.39
9803a40e82e45418ab7fb84091af5231,rio verde,GO,stationery,1,100.0,0.0,1.34
9803a40e82e45418ab7fb84091af5231,rio verde,GO,toys,1,0.0,0.0,1.49
980640c45d7a4635885491d077167e4d,rio claro,SP,fashion_bags_accessories,9,0.0,0.0,1.11
980640c45d7a4635885491d077167e4d,rio claro,SP,luggage_accessories,1,0.0,0.0,0.9
980640c45d7a4635885491d077167e4d,rio claro,SP,stationery,4,0.0,0.0,1.34
98115075dd26cb8835946fc6086f5d30,ao bernardo do campo,SP,furniture_decor,3,0.0,0.0,1.33
984c273121e743dd14767befe6cb17f5,americana,SP,cool_stuff,1,100.0,0.0,1.28
9853a239ab7b7ebbdc3a21248d5b8e1f,campo largo,PR,housewares,4,25.0,0.0,1.64
985c92cc412091f8529c12d7f23d3fef,sao joao del rei,MG,health_beauty,12,0.0,0.0,1.2
989becdce12ebc39863c2bceab6f3ca1,curitiba,PR,costruction_tools_tools,1,0.0,0.0,5.32
989becdce12ebc39863c2bceab6f3ca1,curitiba,PR,garden_tools,3,0.0,0.0,1.15
989becdce12ebc39863c2bceab6f3ca1,curitiba,PR,sports_leisure,11,0.0,0.0,1.2
98dac6635aee4995d501a3972e047414,sao paulo,SP,housewares,87,18.39,3.45,1.64
98dddbc4601dd4443ca174359b237166,sarandi,PR,housewares,2,0.0,0.0,1.64
98e164d549402270247f3c96a1a158ef,sao paulo,SP,cool_stuff,2,50.0,0.0,1.28
98f52e1020fe788c10c0418de4393fec,macae,RJ,sports_leisure,1,0.0,0.0,1.2
99002261c568a84cce14d43fcffb43ea,cuiaba,MT,baby,29,20.69,3.45,1.71
99002261c568a84cce14d43fcffb43ea,cuiaba,MT,cool_stuff,7,0.0,0.0,1.28
9906e7aa42a3c067b7c9a564d01c4320,maringa,PR,sports_leisure,12,8.33,0.0,1.2
994f04b3718c2bab35c2adfa8afecd2a,jaguariuna,SP,furniture_decor,1,0.0,0.0,1.33
994f04b3718c2bab35c2adfa8afecd2a,jaguariuna,SP,housewares,44,2.27,0.0,1.64
994f04b3718c2bab35c2adfa8afecd2a,jaguariuna,SP,watches_gifts,1,0.0,0.0,2.06
9996ae921c50e8dff411ac69c0b4bb8b,tupa,SP,furniture_decor,2,50.0,0.0,1.33
999f6d9a1c7c81f43be44c6b7d076210,sao paulo,SP,garden_tools,2,0.0,0.0,1.15
99a25c39b28a74d1151c35c18d178292,sao paulo,SP,baby,1,0.0,0.0,1.71
99a54764c341d5dc80b4a8fac4eba3fb,sao paulo,SP,furniture_living_room,1,0.0,0.0,1.24
99a54764c341d5dc80b4a8fac4eba3fb,sao paulo,SP,housewares,38,21.05,2.63,1.64
99a54764c341d5dc80b4a8fac4eba3fb,sao paulo,SP,kitchen_dining_laundry_garden_furniture,1,0.0,0.0,1.69
99a54764c341d5dc80b4a8fac4eba3fb,sao paulo,SP,signaling_and_security,1,100.0,0.0,2.92
99a54764c341d5dc80b4a8fac4eba3fb,sao paulo,SP,toys,1,0.0,0.0,1.49
99cd94252748d2bdde08e17858233602,sao paulo,SP,pet_shop,2,0.0,0.0,1.67
99eaacc9e6046db1c82b163c5f84869f,franca,SP,computers_accessories,4,0.0,0.0,1.89
99eaacc9e6046db1c82b163c5f84869f,franca,SP,fixed_telephony,4,50.0,0.0,2.39
99eaacc9e6046db1c82b163c5f84869f,franca,SP,telephony,43,20.93,0.0,1.85
9a03a4e9eb0b947652fae4f6121a3f5e,catanduva,SP,baby,4,25.0,0.0,1.71
9a03a4e9eb0b947652fae4f6121a3f5e,catanduva,SP,food_drink,3,0.0,0.0,0.0
9a1aea68d3efa00862ec88c0768037d0,catanduva,SP,air_conditioning,2,0.0,0.0,1.66
9a1aea68d3efa00862ec88c0768037d0,catanduva,SP,home_appliances_2,5,0.0,0.0,4.0
9a84ba99f5367fdbd4598363496f1ea2,luziania,GO,sports_leisure,15,13.33,0.0,1.2
9aa388272ee334b6ae07bc73706e254a,muriae,MG,bed_bath_table,6,16.67,0.0,1.51
9ac4f14370b1e24ddc58be041b7f99df,jaragua,GO,luggage_accessories,1,0.0,0.0,0.9
9ac4f14370b1e24ddc58be041b7f99df,jaragua,GO,music,1,0.0,0.0,2.7
9ac4f14370b1e24ddc58be041b7f99df,jaragua,GO,sports_leisure,3,0.0,0.0,1.2
9ac75591b69c3402684b6ce0310f22ee,sao paulo,SP,housewares,1,0.0,0.0,1.64
9add47bf45ce8e8c7db6b9cf670b1e09,fazenda rio grande,PR,baby,1,0.0,0.0,1.71
9add47bf45ce8e8c7db6b9cf670b1e09,fazenda rio grande,PR,furniture_bedroom,1,0.0,0.0,1.12
9add47bf45ce8e8c7db6b9cf670b1e09,fazenda rio grande,PR,furniture_decor,32,6.25,0.0,1.33
9add47bf45ce8e8c7db6b9cf670b1e09,fazenda rio grande,PR,furniture_living_room,1,0.0,0.0,1.24
9add47bf45ce8e8c7db6b9cf670b1e09,fazenda rio grande,PR,home_confort,4,0.0,0.0,2.17
9add47bf45ce8e8c7db6b9cf670b1e09,fazenda rio grande,PR,market_place,1,100.0,0.0,1.5
9b00cad94ef3078faf6fba2e792c158f,janauba,MG,sports_leisure,1,0.0,0.0,1.2
9b00ed88b7fdb95d6ff76e27c1b52d16,sao paulo,SP,health_beauty,1,0.0,0.0,1.2
9b00ed88b7fdb95d6ff76e27c1b52d16,sao paulo,SP,sports_leisure,45,6.67,2.22,1.2
9b013e03b2ab786505a1d3b5c0756754,vicente de carvalho,SP,drinks,49,10.2,0.0,0.35
9b013e03b2ab786505a1d3b5c0756754,vicente de carvalho,SP,food,14,14.29,0.0,0.7
9b013e03b2ab786505a1d3b5c0756754,vicente de carvalho,SP,food_drink,3,0.0,0.0,0.0
9b013e03b2ab786505a1d3b5c0756754,vicente de carvalho,SP,health_beauty,53,16.98,0.0,1.2
9b013e03b2ab786505a1d3b5c0756754,vicente de carvalho,SP,perfumery,2,50.0,0.0,0.72
9b013e03b2ab786505a1d3b5c0756754,vicente de carvalho,SP,sports_leisure,46,6.52,2.17,1.2
9b1585752613ec342d03bbab9997ec48,rio de janeiro,RJ,auto,2,50.0,0.0,1.48
9b1585752613ec342d03bbab9997ec48,rio de janeiro,RJ,books_imported,1,0.0,0.0,0.0
9b1ab052f5fca308ba743ac789ebb2e1,pitanga,PR,garden_tools,1,0.0,0.0,1.15
9b1ab052f5fca308ba743ac789ebb2e1,pitanga,PR,industry_commerce_and_business,1,0.0,0.0,1.33
9b1f656ca3060f8af17a50d8a024b533,santos,SP,costruction_tools_tools,1,0.0,0.0,5.32
9b522ba7eae9e1d04082f267144583cc,sao paulo,SP,furniture_decor,1,0.0,0.0,1.33
9b522ba7eae9e1d04082f267144583cc,sao paulo,SP,garden_tools,2,0.0,0.0,1.15
9b76ad3d04236f76bc71c59470305e13,boituva,SP,housewares,2,0.0,0.0,1.64
9bade61a92bed55a25d2b67b9f4ed739,sao jose dos pinhais,PR,baby,2,50.0,0.0,1.71
9baf5cb77970f539089d09a38bcec5c3,indaiatuba,SP,baby,1,0.0,0.0,1.71
9baf5cb77970f539089d09a38bcec5c3,indaiatuba,SP,consoles_games,2,0.0,0.0,1.09
9baf5cb77970f539089d09a38bcec5c3,indaiatuba,SP,cool_stuff,2,0.0,0.0,1.28
9baf5cb77970f539089d09a38bcec5c3,indaiatuba,SP,furniture_decor,4,0.0,25.0,1.33
9baf5cb77970f539089d09a38bcec5c3,indaiatuba,SP,housewares,14,7.14,7.14,1.64
9baf5cb77970f539089d09a38bcec5c3,indaiatuba,SP,market_place,3,33.33,0.0,1.5
9baf5cb77970f539089d09a38bcec5c3,indaiatuba,SP,telephony,4,0.0,0.0,1.85
9bc484c87d79cd4874e05ca182658045,sao paulo,SP,construction_tools_construction,4,25.0,0.0,1.8
9bc484c87d79cd4874e05ca182658045,sao paulo,SP,construction_tools_lights,1,0.0,0.0,0.88
9bc484c87d79cd4874e05ca182658045,sao paulo,SP,garden_tools,1,0.0,0.0,1.15
9bc484c87d79cd4874e05ca182658045,sao paulo,SP,health_beauty,2,0.0,0.0,1.2
9bcdfa7b615b3abb9461d9e3ad9886ae,blumenau,SC,sports_leisure,14,7.14,0.0,1.2
9bf11dfc0bec77e5a23028043c3c5a8f,contagem,MG,auto,1,100.0,0.0,1.48
9c068d10aca38e85c50202e17b4a7e88,coxim,MS,auto,14,14.29,0.0,1.48
9c0e69c7bf2619675bbadf47b43f655a,sao jose dos campos,SP,auto,1,100.0,0.0,1.48
9c0e69c7bf2619675bbadf47b43f655a,sao jose dos campos,SP,computers_accessories,143,9.79,2.1,1.89
9c1c0c36cd23c20897e473901a8fb149,praia grande,SP,food_drink,6,0.0,0.0,0.0
9c3a1c416c765687bc79a04113269929,carmo da mata,MG,housewares,1,100.0,0.0,1.64
9c3c24eca51c52b91c1de727d2a2ae06,caxias do sul,RS,fashion_bags_accessories,1,0.0,0.0,1.11
9c3c24eca51c52b91c1de727d2a2ae06,caxias do sul,RS,sports_leisure,4,0.0,0.0,1.2
9c4d31c7e46ab03a43fc06e3142afd4e,rio de janeiro,RJ,toys,2,0.0,0.0,1.49
9c54608f0996c32ae4743089d915f845,loanda,PR,housewares,3,0.0,0.0,1.64
9c57bc60cfad5ee62d35d3f1ce4593a1,curitiba,PR,pet_shop,1,100.0,0.0,1.67
9c690ceacd5c66731bf443ea810195cb,camanducaia,MG,garden_tools,5,0.0,0.0,1.15
9c690ceacd5c66731bf443ea810195cb,camanducaia,MG,housewares,5,20.0,0.0,1.64
9c7fd21e0aa159b20da593371f08ff7c,osasco,SP,computers_accessories,1,100.0,0.0,1.89
9c7fd21e0aa159b20da593371f08ff7c,osasco,SP,fixed_telephony,2,0.0,0.0,2.39
9c7fd21e0aa159b20da593371f08ff7c,osasco,SP,garden_tools,1,100.0,0.0,1.15
9c7fd21e0aa159b20da593371f08ff7c,osasco,SP,telephony,3,33.33,0.0,1.85
9cad4b68bb993ee401a3c5aaa2bc26dd,birigui,SP,health_beauty,3,66.67,33.33,1.2
9cea4682e16655f7da87f406902e989e,araucaria,PR,stationery,2,0.0,0.0,1.34
9cf787a239c1aa29dbd76f153dc13f9a,franca,SP,stationery,4,0.0,0.0,1.34
9d213f303afae4983637247556438ede,ibitinga,SP,bed_bath_table,2,0.0,0.0,1.51
9d39404483343dd55c7ae254494d8388,sao paulo,SP,telephony,10,30.0,0.0,1.85
9d489893ff6af05029671b785f54b998,leme,SP,construction_tools_lights,4,25.0,0.0,0.88
9d489893ff6af05029671b785f54b998,leme,SP,garden_tools,1,0.0,0.0,1.15
9d4db00d65d7760644ac0c14edb5fd86,sorocaba,SP,auto,3,33.33,0.0,1.48
9d4db00d65d7760644ac0c14edb5fd86,sorocaba,SP,baby,23,0.0,0.0,1.71
9d4db00d65d7760644ac0c14edb5fd86,sorocaba,SP,cool_stuff,1,0.0,0.0,1.28
9d4db00d65d7760644ac0c14edb5fd86,sorocaba,SP,luggage_accessories,3,0.0,0.0,0.9
9d4db00d65d7760644ac0c14edb5fd86,sorocaba,SP,sports_leisure,1,0.0,0.0,1.2
9d4db00d65d7760644ac0c14edb5fd86,sorocaba,SP,stationery,1,0.0,0.0,1.34
9d4db00d65d7760644ac0c14edb5fd86,sorocaba,SP,toys,64,4.69,0.0,1.49
9d5604a1f112324ad6b2aa552122e0fb,florianopolis,SP,home_construction,13,30.77,0.0,1.08
9d5a9018aee56acb367ba9c3f05d1d6a,aparecida de goiania,GO,auto,11,18.18,0.0,1.48
9d5a9018aee56acb367ba9c3f05d1d6a,aparecida de goiania,GO,baby,28,7.14,0.0,1.71
9d5a9018aee56acb367ba9c3f05d1d6a,aparecida de goiania,GO,cool_stuff,7,28.57,0.0,1.28
9d5a9018aee56acb367ba9c3f05d1d6a,aparecida de goiania,GO,health_beauty,1,0.0,0.0,1.2
9d5a9018aee56acb367ba9c3f05d1d6a,aparecida de goiania,GO,luggage_accessories,19,5.26,0.0,0.9
9d681c7e12db302cb261e721040dde65,curitiba,PR,sports_leisure,13,0.0,0.0,1.2
9d69ba0a7a626a64dc5db08e529559cf,ribeirao preto,SP,food,1,0.0,0.0,0.7
9d7a1d34a5052409006425275ba1c2b4,franca,SP,computers_accessories,2,50.0,0.0,1.89
9d7a1d34a5052409006425275ba1c2b4,franca,SP,housewares,1,0.0,0.0,1.64
9d7a1d34a5052409006425275ba1c2b4,franca,SP,perfumery,2,0.0,0.0,0.72
9d7a1d34a5052409006425275ba1c2b4,franca,SP,stationery,8,0.0,12.5,1.34
9da15f4a4ea758d9eeb49000dbe57e22,osasco,SP,office_furniture,1,100.0,0.0,3.4
9da1ca0bef29ee170e541927a5aeabdc,votuporanga,SP,cool_stuff,3,0.0,0.0,1.28
9da1ca0bef29ee170e541927a5aeabdc,votuporanga,SP,small_appliances,3,66.67,33.33,1.5
9dc79dd988ac42f4d56c340d7048420a,sao paulo,SP,health_beauty,4,0.0,0.0,1.2
9dd459b29a14bf89d47183cf2cd0e4c7,sao paulo,SP,auto,2,0.0,0.0,1.48
9dd59e43f0c9f0553244e8f9c2fb247e,foz do iguacu,PR,perfumery,10,0.0,0.0,0.72
9dda5bbacd45e18d6485fee649205d09,santa rita do sapucai,MG,furniture_decor,16,12.5,0.0,1.33
9dda5bbacd45e18d6485fee649205d09,santa rita do sapucai,MG,housewares,1,0.0,0.0,1.64
9de4643a8dbde634fe55621059d92273,joinville,SC,garden_tools,3,0.0,0.0,1.15
9de4643a8dbde634fe55621059d92273,joinville,SC,housewares,69,5.8,0.0,1.64
9df5750209b83567ec144eb299d7d634,sao leopoldo,RS,cool_stuff,1,0.0,0.0,1.28
9df5750209b83567ec144eb299d7d634,sao leopoldo,RS,garden_tools,9,22.22,0.0,1.15
9df5750209b83567ec144eb299d7d634,sao leopoldo,RS,industry_commerce_and_business,1,0.0,0.0,1.33
9e25199f6ef7e7c347120ff175652c3b,taubate,SP,housewares,1,0.0,0.0,1.64
9e6229250fedbe05838fef417b74e7fb,mirandopolis,SP,baby,36,16.67,0.0,1.71
9e6229250fedbe05838fef417b74e7fb,mirandopolis,SP,bed_bath_table,17,11.76,5.88,1.51
9e6229250fedbe05838fef417b74e7fb,mirandopolis,SP,furniture_decor,15,0.0,0.0,1.33
9e6967d3cf386d284251784b18ccb485,sao caetano do sul,SP,baby,3,0.0,0.0,1.71
9e6967d3cf386d284251784b18ccb485,sao caetano do sul,SP,toys,3,33.33,0.0,1.49
9e7c5f4d7770eab65738cca38f9efccf,sao paulo,SP,toys,2,0.0,0.0,1.49
9e94fa26a70ede4d26226e918e8706a2,sao carlos,SP,housewares,1,0.0,0.0,1.64
9e9b539eb2806acee3f5c28085c1db9f,contagem,MG,fixed_telephony,1,0.0,0.0,2.39
9e9b539eb2806acee3f5c28085c1db9f,contagem,MG,small_appliances,2,50.0,0.0,1.5
9ed65337433adfbedefd23dd76eaa494,sao paulo,SP,sports_leisure,6,0.0,0.0,1.2
9f50216bfd01913736a55a11b55ea842,taubate,SP,audio,2,0.0,0.0,3.23
9f50216bfd01913736a55a11b55ea842,taubate,SP,auto,1,0.0,0.0,1.48
9f50216bfd01913736a55a11b55ea842,taubate,SP,computers_accessories,8,12.5,0.0,1.89
9f50216bfd01913736a55a11b55ea842,taubate,SP,construction_tools_construction,1,0.0,0.0,1.8
9f50216bfd01913736a55a11b55ea842,taubate,SP,cool_stuff,1,0.0,0.0,1.28
9f50216bfd01913736a55a11b55ea842,taubate,SP,health_beauty,1,0.0,0.0,1.2
9f50216bfd01913736a55a11b55ea842,taubate,SP,telephony,2,0.0,0.0,1.85
9f50216bfd01913736a55a11b55ea842,taubate,SP,toys,1,0.0,0.0,1.49
9f505651f4a6abe901a56cdc21508025,sao paulo,SP,auto,1,0.0,0.0,1.48
9f505651f4a6abe901a56cdc21508025,sao paulo,SP,computers_accessories,335,9.85,2.99,1.89
9f505651f4a6abe901a56cdc21508025,sao paulo,SP,consoles_games,9,0.0,0.0,1.09
9f505651f4a6abe901a56cdc21508025,sao paulo,SP,cool_stuff,3,0.0,0.0,1.28
9f505651f4a6abe901a56cdc21508025,sao paulo,SP,housewares,25,12.0,0.0,1.64
9f505651f4a6abe901a56cdc21508025,sao paulo,SP,musical_instruments,13,0.0,0.0,1.83
9f505651f4a6abe901a56cdc21508025,sao paulo,SP,watches_gifts,3,33.33,0.0,2.06
9fbd5666d8618fa571c4230fafa09bd6,sao paulo,SP,auto,1,0.0,0.0,1.48
9fc70243fb26800cba56e8f014797004,belo horizonte,MG,garden_tools,4,0.0,0.0,1.15
9fc70243fb26800cba56e8f014797004,belo horizonte,MG,health_beauty,2,0.0,0.0,1.2
9fe7c6641c79970ab48185498f547c09,sao paulo,SP,luggage_accessories,1,0.0,0.0,0.9
a00824eb9093d40e589b940ec45c4eb0,bofete,SP,computers,3,0.0,0.0,1.73
a0415d9b25ede3c4b1e477e9916ffc03,nova iguacu,RJ,fashion_bags_accessories,3,0.0,0.0,1.11
a0415d9b25ede3c4b1e477e9916ffc03,nova iguacu,RJ,watches_gifts,6,16.67,0.0,2.06
a066df7361163e7ddc5d7452dd17448b,franca,SP,telephony,15,13.33,6.67,1.85
a06c8ff043abea0528ee44171e2140a2,divinopolis,MG,baby,6,0.0,0.0,1.71
a06c8ff043abea0528ee44171e2140a2,divinopolis,MG,health_beauty,1,0.0,0.0,1.2
a06c8ff043abea0528ee44171e2140a2,divinopolis,MG,housewares,1,0.0,0.0,1.64
a080fc8a850289b27500f6b49cca2553,sao paulo,SP,auto,3,0.0,0.0,1.48
a080fc8a850289b27500f6b49cca2553,sao paulo,SP,toys,1,0.0,0.0,1.49
a08692680c77d30a0b4280da5df01c5a,sao paulo,SP,computers_accessories,6,0.0,0.0,1.89
a09a13f18ed27932d08438aa6f12756e,sapiranga,RS,garden_tools,1,0.0,0.0,1.15
a0a14e50070f3225b3eabba5b85da517,curitiba,PR,furniture_living_room,4,0.0,0.0,1.24
a0d7fbb07bb5ebc3b05980e750db56f3,ferraz de vasconcelos,SP,furniture_decor,3,66.67,0.0,1.33
a1040efe9ff4a6f93c28b0499eada8f5,jundiai,SP,construction_tools_safety,1,0.0,0.0,2.61
a1043bafd471dff536d0c462352beb48,ilicinea,MG,auto,2,0.0,0.0,1.48
a1043bafd471dff536d0c462352beb48,ilicinea,MG,computers_accessories,306,8.17,0.33,1.89
a1043bafd471dff536d0c462352beb48,ilicinea,MG,garden_tools,389,10.28,1.54,1.15
a11a0e0ca67423425691db355cff69b0,indaiatuba,SP,auto,2,0.0,0.0,1.48
a13580f0e8f782b7a543885a0ef99f08,rio de janeiro,RJ,perfumery,6,0.0,16.67,0.72
a13580f0e8f782b7a543885a0ef99f08,rio de janeiro,RJ,telephony,4,0.0,0.0,1.85
a13aaf2d2886ab9fb30fb9a920160b8f,joinville,SC,musical_instruments,4,0.0,0.0,1.83
a1474fd46fd3430168f7ec202da39408,pinhais,SP,auto,10,0.0,0.0,1.48
a1474fd46fd3430168f7ec202da39408,pinhais,SP,health_beauty,1,100.0,0.0,1.2
a1474fd46fd3430168f7ec202da39408,pinhais,SP,office_furniture,1,0.0,0.0,3.4
a150c540f572d0fb53992264bc5c10b5,sorocaba,SP,consoles_games,1,0.0,0.0,1.09
a1544b9ea0b2390e020537d4daa89049,jundiai,SP,fashion_bags_accessories,8,12.5,0.0,1.11
a17f621c590ea0fab3d5d883e1630ec6,sorocaba,SP,food,1,0.0,0.0,0.7
a17f621c590ea0fab3d5d883e1630ec6,sorocaba,SP,sports_leisure,58,15.52,0.0,1.2
a1bea7061f61f6fdd9a85a6325ba1033,carapicuiba / sao paulo,SP,auto,1,0.0,100.0,1.48
a1bea7061f61f6fdd9a85a6325ba1033,carapicuiba / sao paulo,SP,computers_accessories,1,0.0,0.0,1.89
a1bea7061f61f6fdd9a85a6325ba1033,carapicuiba / sao paulo,SP,cool_stuff,1,0.0,0.0,1.28
a1bea7061f61f6fdd9a85a6325ba1033,carapicuiba / sao paulo,SP,electronics,1,0.0,0.0,1.53
a1bea7061f61f6fdd9a85a6325ba1033,carapicuiba / sao paulo,SP,health_beauty,1,0.0,0.0,1.2
a1bea7061f61f6fdd9a85a6325ba1033,carapicuiba / sao paulo,SP,sports_leisure,1,0.0,0.0,1.2
a1bea7061f61f6fdd9a85a6325ba1033,carapicuiba / sao paulo,SP,telephony,2,0.0,0.0,1.85
a1bea7061f61f6fdd9a85a6325ba1033,carapicuiba / sao paulo,SP,watches_gifts,1,0.0,0.0,2.06
a1bea9970d8f65b240555f99c2214f7f,pinhais,PR,construction_tools_lights,1,0.0,0.0,0.88
a20d8058c866dbaeca014d2cd20ac62e,sao jose dos campos,SP,small_appliances,2,0.0,0.0,1.5
a213f1bd6458f4a158f3746cb2514559,maringa,PR,computers_accessories,1,0.0,0.0,1.89
a218df5c097b0ca409cfaac1488cc7f6,araraquara,SP,auto,1,0.0,0.0,1.48
a218df5c097b0ca409cfaac1488cc7f6,araraquara,SP,construction_tools_construction,1,0.0,0.0,1.8
a218df5c097b0ca409cfaac1488cc7f6,araraquara,SP,housewares,2,50.0,0.0,1.64
a21c11ec5c3f03e7cc9f9203bff9e1c6,santana de parnaiba,SP,health_beauty,1,0.0,0.0,1.2
a21c11ec5c3f03e7cc9f9203bff9e1c6,santana de parnaiba,SP,perfumery,2,50.0,0.0,0.72
a23266650e7c84bb93fbbba502137478,porto alegre,RS,computers_accessories,2,0.0,0.0,1.89
a23266650e7c84bb93fbbba502137478,porto alegre,RS,construction_tools_safety,2,0.0,0.0,2.61
a23266650e7c84bb93fbbba502137478,porto alegre,RS,fixed_telephony,2,0.0,0.0,2.39
a23266650e7c84bb93fbbba502137478,porto alegre,RS,garden_tools,2,100.0,0.0,1.15
a23266650e7c84bb93fbbba502137478,porto alegre,RS,home_construction,3,0.0,0.0,1.08
a254c682cc01e119f83530446f1df9a9,cafelandia,SP,pet_shop,6,16.67,16.67,1.67
a2a41aedb70551d4a85aa04dc2fced48,sao paulo,SP,home_appliances,2,0.0,0.0,1.08
a2b5b6105ea5942300631d2e76f4ffe0,osasco,SP,auto,2,0.0,0.0,1.48
a2b5b6105ea5942300631d2e76f4ffe0,osasco,SP,toys,14,0.0,0.0,1.49
a2b911e9ad40dc7d61c142a4683e2d85,barra mansa,RJ,sports_leisure,1,0.0,0.0,1.2
a2deecd5398f5df4987110c80a1972a3,sao paulo,SP,home_appliances,13,7.69,0.0,1.08
a2e874074c877c5a05abae80ad6e488f,sao jose do rio preto,SP,art,1,0.0,0.0,1.59
a2e874074c877c5a05abae80ad6e488f,sao jose do rio preto,SP,housewares,37,8.11,2.7,1.64
a2e874074c877c5a05abae80ad6e488f,sao jose do rio preto,SP,sports_leisure,2,0.0,0.0,1.2
a2fa0bdc798ee84cdb08281337cf4fb6,florianopolis,SC,books_general_interest,8,0.0,0.0,0.41
a3082f442524a1be452e3189e003b361,curitiba,SP,auto,3,0.0,0.0,1.48
a35124e2d763d7ca3fbe3b97d143200f,sao paulo,SP,garden_tools,4,0.0,0.0,1.15
a353b1083c9863d756d9404695016d64,cariacica,ES,musical_instruments,1,0.0,0.0,1.83
a35ef466c6fd6d052f5d241240d3c5e2,novo hamburgo,RS,sports_leisure,3,0.0,0.0,1.2
a369d693961cb93b61ca2cc518872a85,sao jose do rio preto,SP,construction_tools_lights,4,25.0,0.0,0.88
a369d693961cb93b61ca2cc518872a85,sao jose do rio preto,SP,home_construction,7,14.29,0.0,1.08
a36ac007a4d18f865c8d32c3b2402c2d,barueri,SP,furniture_decor,2,50.0,0.0,1.33
a36ac007a4d18f865c8d32c3b2402c2d,barueri,SP,garden_tools,6,50.0,0.0,1.15
a36b125ac6d5fdbc7f50de85c9157bdc,ribeirao preto,SP,auto,2,0.0,0.0,1.48
a36b125ac6d5fdbc7f50de85c9157bdc,ribeirao preto,SP,sports_leisure,15,13.33,0.0,1.2
a36b125ac6d5fdbc7f50de85c9157bdc,ribeirao preto,SP,telephony,6,16.67,0.0,1.85
a3a38f4affed601eb87a97788c949667,joinville,SC,baby,20,10.0,0.0,1.71
a3a38f4affed601eb87a97788c949667,joinville,SC,bed_bath_table,18,0.0,0.0,1.51
a3a38f4affed601eb87a97788c949667,joinville,SC,cool_stuff,3,0.0,0.0,1.28
a3a38f4affed601eb87a97788c949667,joinville,SC,fashion_male_clothing,16,12.5,0.0,3.81
a3a38f4affed601eb87a97788c949667,joinville,SC,fashion_shoes,1,0.0,0.0,0.87
a3a38f4affed601eb87a97788c949667,joinville,SC,furniture_decor,9,11.11,0.0,1.33
a3a38f4affed601eb87a97788c949667,joinville,SC,garden_tools,7,14.29,0.0,1.15
a3a38f4affed601eb87a97788c949667,joinville,SC,health_beauty,2,0.0,0.0,1.2
a3a38f4affed601eb87a97788c949667,joinville,SC,luggage_accessories,3,0.0,0.0,0.9
a3a38f4affed601eb87a97788c949667,joinville,SC,sports_leisure,59,8.47,0.0,1.2
a3a38f4affed601eb87a97788c949667,joinville,SC,stationery,2,0.0,0.0,1.34
a3a38f4affed601eb87a97788c949667,joinville,SC,toys,107,8.41,0.0,1.49
a3b0df0065e264a91b7bbf5f844af5cd,sao bernardo do capo,SP,auto,2,0.0,0.0,1.48
a3b42d266fa8afc874b909422ce88582,orlandia,SP,computers_accessories,1,0.0,0.0,1.89
a3dd39f583bc80bd8c5901c95878921e,salvador,BA,food_drink,34,2.94,0.0,0.0
a3e9a2c700480d9bb01fba070ba80a0e,ibitinga,SP,bed_bath_table,116,14.66,1.72,1.51
a3e9a2c700480d9bb01fba070ba80a0e,ibitinga,SP,food,3,0.0,0.0,0.7
a3f0b55de503387383c7b1de3ad7f678,curitiba,PR,fashion_bags_accessories,13,7.69,0.0,1.11
a3f0b55de503387383c7b1de3ad7f678,curitiba,PR,luggage_accessories,10,0.0,10.0,0.9
a3fa18b3f688ec0fca3eb8bfcbd2d5b3,são paulo,SP,perfumery,1,0.0,0.0,0.72
a414555ce331b8c8aea4a9cb8395194d,sao paulo,SP,garden_tools,2,0.0,0.0,1.15
a414555ce331b8c8aea4a9cb8395194d,sao paulo,SP,home_appliances_2,3,33.33,0.0,4.0
a414555ce331b8c8aea4a9cb8395194d,sao paulo,SP,housewares,1,100.0,0.0,1.64
a416b6a846a11724393025641d4edd5e,sao paulo,SP,cool_stuff,4,0.0,0.0,1.28
a416b6a846a11724393025641d4edd5e,sao paulo,SP,health_beauty,153,14.38,2.61,1.2
a420f60ff1aa9acc80d0e42959f2b313,sao paulo,SP,agro_industry_and_commerce,1,0.0,0.0,3.39
a420f60ff1aa9acc80d0e42959f2b313,sao paulo,SP,air_conditioning,11,9.09,0.0,1.66
a420f60ff1aa9acc80d0e42959f2b313,sao paulo,SP,baby,27,18.52,0.0,1.71
a420f60ff1aa9acc80d0e42959f2b313,sao paulo,SP,health_beauty,10,10.0,0.0,1.2
a420f60ff1aa9acc80d0e42959f2b313,sao paulo,SP,home_construction,2,0.0,0.0,1.08
a420f60ff1aa9acc80d0e42959f2b313,sao paulo,SP,housewares,2,0.0,0.0,1.64
a420f60ff1aa9acc80d0e42959f2b313,sao paulo,SP,pet_shop,2,0.0,0.0,1.67
a420f60ff1aa9acc80d0e42959f2b313,sao paulo,SP,sports_leisure,7,28.57,0.0,1.2
a420f60ff1aa9acc80d0e42959f2b313,sao paulo,SP,toys,2,0.0,0.0,1.49
a425f92c199eb576938df686728acd20,curitiba,PR,baby,2,0.0,0.0,1.71
a425f92c199eb576938df686728acd20,curitiba,PR,furniture_decor,12,16.67,0.0,1.33
a425f92c199eb576938df686728acd20,curitiba,PR,housewares,1,0.0,0.0,1.64
a425f92c199eb576938df686728acd20,curitiba,PR,watches_gifts,1,0.0,0.0,2.06
a435b009cd956ea60748b5cfbddf2e24,franca,SP,health_beauty,1,0.0,0.0,1.2
a435b009cd956ea60748b5cfbddf2e24,franca,SP,perfumery,2,0.0,0.0,0.72
a44fb5a447105f8469bdf16bf9159f25,porto alegre,RS,sports_leisure,19,15.79,0.0,1.2
a45314082d50d578a4721c9787ce09ab,mirassol,SP,sports_leisure,1,0.0,0.0,1.2
a45314082d50d578a4721c9787ce09ab,mirassol,SP,toys,1,0.0,0.0,1.49
a45765f8afb1e594b22bf9e974b46765,sao paulo,SP,auto,1,0.0,0.0,1.48
a478c7961d6a992065b24e63b366f90b,blumenau,SC,furniture_decor,1,0.0,0.0,1.33
a478c7961d6a992065b24e63b366f90b,blumenau,SC,home_construction,7,0.0,0.0,1.08
a49928bcdf77c55c6d6e05e09a9b4ca5,sao paulo,SP,fashion_underwear_beach,11,27.27,9.09,0.86
a49928bcdf77c55c6d6e05e09a9b4ca5,sao paulo,SP,housewares,3,66.67,33.33,1.64
a49928bcdf77c55c6d6e05e09a9b4ca5,sao paulo,SP,toys,80,40.0,5.0,1.49
a4b6b9b992b46e9ef863637af96e04bc,florianopolis,SC,computers_accessories,1,0.0,0.0,1.89
a4b6b9b992b46e9ef863637af96e04bc,florianopolis,SC,construction_tools_safety,1,0.0,0.0,2.61
a4b6b9b992b46e9ef863637af96e04bc,florianopolis,SC,garden_tools,4,25.0,0.0,1.15
a4b8d97cd5d3674eeff96abc99d8ed67,sumare,SP,construction_tools_construction,1,100.0,0.0,1.8
a4bd6e9adf39b63f43dc545d3ca1f53d,rio de janeiro,RJ,garden_tools,3,0.0,0.0,1.15
a4bd6e9adf39b63f43dc545d3ca1f53d,rio de janeiro,RJ,signaling_and_security,1,0.0,0.0,2.92
a4fc6eadaff1576af888509a53420f6a,sao caetano do sul,SP,computers_accessories,1,0.0,0.0,1.89
a513150f33f99a06569e9cd5c4bb889b,sao paulo,SP,construction_tools_construction,1,0.0,0.0,1.8
a513150f33f99a06569e9cd5c4bb889b,sao paulo,SP,home_appliances_2,1,0.0,0.0,4.0
a5259c149128e82c9d6d46e0c1c812bb,ji parana,RO,auto,8,25.0,0.0,1.48
a53f60f05f822b5c621a50ff6a5cb362,uberlandia,MG,christmas_supplies,1,0.0,0.0,1.63
a53f60f05f822b5c621a50ff6a5cb362,uberlandia,MG,furniture_decor,2,50.0,0.0,1.33
a56a8043ebf66e42119618fb8cf232c6,joinville,SC,computers_accessories,1,0.0,0.0,1.89
a56e351445e5863fc8960640ba9190c7,itajai,SC,baby,1,0.0,0.0,1.71
a56e351445e5863fc8960640ba9190c7,itajai,SC,construction_tools_safety,2,0.0,0.0,2.61
a5a1bfcf728ab0e19182959cf0771ee4,socorro,SP,food,14,7.14,0.0,0.7
a5a1bfcf728ab0e19182959cf0771ee4,socorro,SP,health_beauty,1,0.0,0.0,1.2
a5a1bfcf728ab0e19182959cf0771ee4,socorro,SP,sports_leisure,4,0.0,0.0,1.2
a5bff0f43eb51f0cad7c37fac7244c8a,sao paulo,SP,garden_tools,4,0.0,0.0,1.15
a5cba26a62b8b4d0145b68b841e62e7f,campo mourao,PR,cool_stuff,13,7.69,0.0,1.28
a5cba26a62b8b4d0145b68b841e62e7f,campo mourao,PR,health_beauty,28,3.57,0.0,1.2
a5cba26a62b8b4d0145b68b841e62e7f,campo mourao,PR,pet_shop,12,0.0,0.0,1.67
a5dd1946fb63ada8bcaa0c9cd8f11e22,caruaru,PE,health_beauty,3,0.0,33.33,1.2
a5dd1946fb63ada8bcaa0c9cd8f11e22,caruaru,PE,sports_leisure,3,33.33,0.0,1.2
a5ff20ff766e7f50bd5066f33da14413,sao paulo,SP,home_appliances,1,0.0,0.0,1.08
a5ff20ff766e7f50bd5066f33da14413,sao paulo,SP,housewares,1,100.0,0.0,1.64
a61cc04793308395a840807104365121,jarinu,SP,housewares,1,0.0,0.0,1.64
a63bfbaa882c8f4542891b4e2246cc7f,niteroi,RJ,health_beauty,6,0.0,0.0,1.2
a64e44665225d19dfc0277eeeaaccc57,sao paulo,SP,health_beauty,6,0.0,0.0,1.2
a663d9c3797e90eac99ff60939416a56,sao paulo,SP,computers_accessories,1,0.0,0.0,1.89
a673821011d0cec28146ea42f5ab767f,sao paulo,SP,bed_bath_table,86,19.77,1.16,1.51
a673821011d0cec28146ea42f5ab767f,sao paulo,SP,health_beauty,1,0.0,0.0,1.2
a673821011d0cec28146ea42f5ab767f,sao paulo,SP,housewares,2,0.0,0.0,1.64
a673821011d0cec28146ea42f5ab767f,sao paulo,SP,kitchen_dining_laundry_garden_furniture,1,0.0,0.0,1.69
a673821011d0cec28146ea42f5ab767f,sao paulo,SP,pet_shop,3,0.0,0.0,1.67
a673821011d0cec28146ea42f5ab767f,sao paulo,SP,toys,22,9.09,0.0,1.49
a673821011d0cec28146ea42f5ab767f,sao paulo,SP,watches_gifts,3,0.0,0.0,2.06
a67780aba9dd436e7ac0aa1f889e73ec,presidente prudente,SP,auto,1,0.0,0.0,1.48
a67780aba9dd436e7ac0aa1f889e73ec,presidente prudente,SP,sports_leisure,5,20.0,0.0,1.2
a69aa24cec11168e7e39a3fbc727e925,carapicuiba,SP,health_beauty,3,0.0,0.0,1.2
a6bd7d1ccdac48c6b33b28596b7eb122,mamanguape,PB,watches_gifts,13,30.77,7.69,2.06
a6fe7de3d16f6149ffe280349a8535a0,franca,SP,fashion_underwear_beach,49,16.33,0.0,0.86
a70e9066dbfd10b6b97a3f54a1356762,mandaguari,PR,furniture_decor,2,0.0,0.0,1.33
a72c2f59332659e361d647515c698798,flores da cunha,RS,garden_tools,2,0.0,0.0,1.15
a72c2f59332659e361d647515c698798,flores da cunha,RS,pet_shop,3,0.0,0.0,1.67
a72f15980dc3e9bfd1a49ac9b2f3af65,marilia,SP,furniture_decor,1,0.0,0.0,1.33
a7a9b880c49781da66651ccf4ba9ac38,itirapina,SP,bed_bath_table,3,0.0,0.0,1.51
a7b7354cc588f7566a848bcbb1ce3d96,sao paulo,SP,home_appliances,2,0.0,0.0,1.08
a7c53f6b3b61adbdaa99dda97e8cbd56,barretos,SP,baby,1,0.0,0.0,1.71
a7c88262832dfc683781d6a421edefae,mogi das cruzes,SP,perfumery,5,0.0,0.0,0.72
a7d0f8dd44f57ef6de7f7f02e3d82630,sao paulo,SP,cool_stuff,1,0.0,0.0,1.28
a7d0f8dd44f57ef6de7f7f02e3d82630,sao paulo,SP,health_beauty,1,0.0,0.0,1.2
a7dc4098e4da6e41b426269d12ae7e91,sao paulo,SP,auto,2,50.0,50.0,1.48
a7ecf689b40a44361e259b28939023e4,vila velha,ES,sports_leisure,1,0.0,0.0,1.2
a7f13822ceb966b076af67121f87b063,itaquaquecetuba,SP,auto,1,0.0,0.0,1.48
a7f13822ceb966b076af67121f87b063,itaquaquecetuba,SP,furniture_decor,2,100.0,0.0,1.33
a7f13822ceb966b076af67121f87b063,itaquaquecetuba,SP,furniture_living_room,1,100.0,0.0,1.24
a7f13822ceb966b076af67121f87b063,itaquaquecetuba,SP,office_furniture,67,25.37,8.96,3.4
a7f13822ceb966b076af67121f87b063,itaquaquecetuba,SP,sports_leisure,1,0.0,0.0,1.2
a806a4bb063ea7ca6d374eafa50a6058,serra,ES,perfumery,5,0.0,0.0,0.72
a81466620e46a6970b22ef40379fdfc9,sao ludgero,SC,computers_accessories,2,0.0,0.0,1.89
a8739afb32aaa45e01815ca76f76f54b,sao bernardo do campo,SP,electronics,13,23.08,15.38,1.53
a888faf2d1baececa6baf9c3d603ee1f,umuarama,PR,perfumery,53,15.09,1.89,0.72
a89e143d5211473ae18db9577ee34b64,limeira,SP,furniture_decor,1,0.0,0.0,1.33
a90a5da8b09e44264a177c0374a5ac87,ponta grossa,PR,telephony,3,0.0,0.0,1.85
a938325a4b357fd23a6a4d5bb126408e,nilopolis,RJ,auto,23,17.39,0.0,1.48
a9415cf907dfa12f9ed18693244f5329,prados,MG,kitchen_dining_laundry_garden_furniture,1,0.0,0.0,1.69
a99504ac23ed125aaf5302af6cc30af9,batatais,SP,home_construction,1,0.0,0.0,1.08
a9ae440659f48b7849df83e82734150b,santo andre,SP,auto,1,0.0,0.0,1.48
a9b533a26e898b12e8b8d4c07279bf4d,rio de janeiro,RJ,books_general_interest,4,0.0,0.0,0.41
aa17b35ce4de7b565be3249ba838944f,jundiai,SP,sports_leisure,2,0.0,0.0,1.2
aa1eb17b9fdf6dfd546e25c45c7b9235,sao paulo,SP,health_beauty,3,0.0,0.0,1.2
aa2640d851ec322526f1295bbeb20092,sao paulo,SP,furniture_decor,1,0.0,0.0,1.33
aa762680c40618316a896838866140ea,curitiba,PR,books_general_interest,3,33.33,0.0,0.41
aa8af66c623d7d544dfe4bb85b5ebe3b,betim,MG,art,1,0.0,0.0,1.59
aac29b1b99776be73c3049939652091d,uberlandia,MG,cool_stuff,52,9.62,0.0,1.28
aac29b1b99776be73c3049939652091d,uberlandia,MG,electronics,11,0.0,0.0,1.53
aac29b1b99776be73c3049939652091d,uberlandia,MG,furniture_decor,2,100.0,0.0,1.33
aac29b1b99776be73c3049939652091d,uberlandia,MG,furniture_living_room,2,0.0,0.0,1.24
aac29b1b99776be73c3049939652091d,uberlandia,MG,garden_tools,13,15.38,0.0,1.15
aac29b1b99776be73c3049939652091d,uberlandia,MG,housewares,11,0.0,0.0,1.64
aac29b1b99776be73c3049939652091d,uberlandia,MG,kitchen_dining_laundry_garden_furniture,1,0.0,0.0,1.69
aac51c486b672a9850d59f3e84b1cf88,sao paulo,SP,food,6,0.0,0.0,0.7
aac51c486b672a9850d59f3e84b1cf88,sao paulo,SP,health_beauty,1,0.0,0.0,1.2
aac51c486b672a9850d59f3e84b1cf88,sao paulo,SP,sports_leisure,3,0.0,0.0,1.2
aadfe0417e61315688b6bd7043361e25,goiania,GO,perfumery,1,0.0,0.0,0.72
aae3bfea055532c57fb453ed3ec80b30,santo andre,SP,market_place,47,21.28,2.13,1.5
aae5953b9edddf14749c0d65d60eb4b9,belo horizonte,MG,furniture_decor,2,0.0,0.0,1.33
aae5e7b457a3c72ee230a47d98fceda5,sao jose dos pinhas,PR,bed_bath_table,5,0.0,0.0,1.51
aaed1309374718fdd995ee4c58c9dfcd,timbo,SC,fashio_female_clothing,2,50.0,0.0,8.33
aaed1309374718fdd995ee4c58c9dfcd,timbo,SC,fashion_bags_accessories,11,9.09,9.09,1.11
aaed1309374718fdd995ee4c58c9dfcd,timbo,SC,fashion_male_clothing,30,16.67,3.33,3.81
aaed1309374718fdd995ee4c58c9dfcd,timbo,SC,fashion_sport,2,50.0,0.0,0.0
aaed1309374718fdd995ee4c58c9dfcd,timbo,SC,sports_leisure,58,8.62,0.0,1.2
aafe36600ce604f205b86b5084d3d767,sao jose,SC,baby,101,7.92,0.99,1.71
aafe36600ce604f205b86b5084d3d767,sao jose,SC,bed_bath_table,2,100.0,0.0,1.51
aafe36600ce604f205b86b5084d3d767,sao jose,SC,cool_stuff,5,20.0,0.0,1.28
aafe36600ce604f205b86b5084d3d767,sao jose,SC,market_place,20,5.0,0.0,1.5
ab27bbbad5239bc31a34709275a70db4,tatui,SP,construction_tools_construction,2,0.0,0.0,1.8
ab27bbbad5239bc31a34709275a70db4,tatui,SP,garden_tools,1,0.0,0.0,1.15
ab3e0c171fe84a7ba7de130f19cfb485,colorado,PR,furniture_decor,4,25.0,0.0,1.33
ab3e0c171fe84a7ba7de130f19cfb485,colorado,PR,housewares,2,0.0,0.0,1.64
ab91571efab27993ff2f6b36e38055c3,sao paulo,SP,auto,3,0.0,0.0,1.48
ab9db4cf53b08b828b64dccaafc2d9f0,paraiso do sul,RS,air_conditioning,2,0.0,0.0,1.66
ab9db4cf53b08b828b64dccaafc2d9f0,paraiso do sul,RS,drinks,2,0.0,0.0,0.35
aba1721a889e04decc910aa13b768ef4,sao paulo,SP,housewares,1,0.0,0.0,1.64
aba1721a889e04decc910aa13b768ef4,sao paulo,SP,luggage_accessories,2,0.0,0.0,0.9
aba1721a889e04decc910aa13b768ef4,sao paulo,SP,sports_leisure,3,0.0,0.0,1.2
aba1721a889e04decc910aa13b768ef4,sao paulo,SP,stationery,76,10.53,3.95,1.34
abbf6046bbdf1028606a5bc7f00c99e7,xanxere,SC,auto,6,0.0,0.0,1.48
abc015ebac1d283a323ca9db35ede4b9,ribeirao preto,SP,air_conditioning,11,9.09,0.0,1.66
abc015ebac1d283a323ca9db35ede4b9,ribeirao preto,SP,stationery,1,0.0,0.0,1.34
abcd2cb37d46c2c8fb1bf071c859fc5b,cuiaba,MT,health_beauty,42,2.38,0.0,1.2
abe42c5d03695b4257b5c6cbf4e6784e,rio de janeiro,RJ,fashion_bags_accessories,8,12.5,0.0,1.11
abe42c5d03695b4257b5c6cbf4e6784e,rio de janeiro,RJ,health_beauty,40,17.5,5.0,1.2
ac3508719a1d8f5b7614b798f70af136,canoas,RS,baby,1,0.0,0.0,1.71
ac3508719a1d8f5b7614b798f70af136,canoas,RS,bed_bath_table,3,0.0,0.0,1.51
ac3508719a1d8f5b7614b798f70af136,canoas,RS,stationery,13,7.69,0.0,1.34
ac3508719a1d8f5b7614b798f70af136,canoas,RS,toys,82,2.44,0.0,1.49
ac51cac5e20d69ff485a54746488ef48,ribeirao preto,SP,drinks,1,100.0,0.0,0.35
ac6417315ae5da8f9a38ee11de6f7780,aruja,SP,air_conditioning,1,0.0,0.0,1.66
ac6417315ae5da8f9a38ee11de6f7780,aruja,SP,garden_tools,4,0.0,0.0,1.15
ac6417315ae5da8f9a38ee11de6f7780,aruja,SP,housewares,2,50.0,0.0,1.64
ac9b01377919cdbd2a1bbb8d5837c70b,mogi das cruzes,SP,construction_tools_lights,1,0.0,0.0,0.88
acadd4d36859671cb635527c6c977533,santa rosa de viterbo,SP,auto,1,100.0,0.0,1.48
acadd4d36859671cb635527c6c977533,santa rosa de viterbo,SP,garden_tools,11,0.0,0.0,1.15
acb6c2ca5c82411c1fdb88d5fd5eb95e,sao paulo,SP,auto,2,100.0,0.0,1.48
acb6c2ca5c82411c1fdb88d5fd5eb95e,sao paulo,SP,garden_tools,1,0.0,0.0,1.15
acb6c2ca5c82411c1fdb88d5fd5eb95e,sao paulo,SP,sports_leisure,6,0.0,0.0,1.2
acb6c2ca5c82411c1fdb88d5fd5eb95e,sao paulo,SP,stationery,1,0.0,0.0,1.34
acce39e832338debb07b02385cde5967,contagem,MG,luggage_accessories,16,12.5,0.0,0.9
acce39e832338debb07b02385cde5967,contagem,MG,stationery,27,0.0,3.7,1.34
aced59e9b31ef866a94f9e7f29d8d418,sao paulo,SP,books_general_interest,4,0.0,0.0,0.41
aced59e9b31ef866a94f9e7f29d8d418,sao paulo,SP,drinks,4,0.0,0.0,0.35
aced59e9b31ef866a94f9e7f29d8d418,sao paulo,SP,housewares,51,7.84,0.0,1.64
acf974e4d5950ad143a247471b831eb9,caxias do sul,RS,housewares,2,0.0,0.0,1.64
ad14615bdd492b01b0d97922e87cb87f,tubarao,SC,auto,1,0.0,0.0,1.48
ad273c9eb54ecb4532de4bf75bae9e4e,curitiba,PR,furniture_decor,1,0.0,0.0,1.33
ad273c9eb54ecb4532de4bf75bae9e4e,curitiba,PR,housewares,8,12.5,0.0,1.64
ad420dd0c4f92f8af951ac24b86d0cf5,fronteira,MG,health_beauty,40,15.0,0.0,1.2
ad75519a07f039025e83795a4418470f,santa terezinha de goias,GO,drinks,3,33.33,0.0,0.35
ad781527c93d00d89a11eecd9dcad7c1,sao jose do rio preto,SP,baby,35,31.43,8.57,1.71
ad87df7699e83b8a91822a4a0b765c3a,jaguariuna,SP,consoles_games,1,0.0,0.0,1.09
ad87df7699e83b8a91822a4a0b765c3a,jaguariuna,SP,electronics,4,0.0,0.0,1.53
ad8b531ae67582f096925cff5630d0d1,castro,PR,art,1,0.0,0.0,1.59
ad8b531ae67582f096925cff5630d0d1,castro,PR,furniture_decor,1,0.0,0.0,1.33
ad97a199236354e53fcd91a5a913e9a2,brusque,SC,cool_stuff,3,33.33,0.0,1.28
ad97a199236354e53fcd91a5a913e9a2,brusque,SC,home_appliances_2,6,0.0,0.0,4.0
ad97a199236354e53fcd91a5a913e9a2,brusque,SC,small_appliances,7,0.0,0.0,1.5
adbc26658d6c7b4b6219f9d934598091,curitiba,PR,baby,56,16.07,0.0,1.71
adbc26658d6c7b4b6219f9d934598091,curitiba,PR,toys,31,16.13,0.0,1.49
adbe70ab2c97442046d393988c8d1d27,maua,SP,garden_tools,4,0.0,0.0,1.15
adcf50477d6a1f5d91bb9d54c4903cb5,claudio,MG,furniture_decor,1,100.0,0.0,1.33
adcf50477d6a1f5d91bb9d54c4903cb5,claudio,MG,garden_tools,1,0.0,0.0,1.15
adcf50477d6a1f5d91bb9d54c4903cb5,claudio,MG,housewares,2,0.0,0.0,1.64
adcf50477d6a1f5d91bb9d54c4903cb5,claudio,MG,sports_leisure,12,25.0,0.0,1.2
ade45994b717ccee333492330fbf037b,umuarama,PR,telephony,10,0.0,0.0,1.85
aded58c8142dedc5494a81f948431fab,rio de janeiro,RJ,health_beauty,1,0.0,0.0,1.2
aded58c8142dedc5494a81f948431fab,rio de janeiro,RJ,perfumery,3,33.33,0.0,0.72
ae45ad30c2d2e5913094769690a239d2,franca,SP,sports_leisure,1,0.0,0.0,1.2
ae45df84722b1d15c5f32b23a095746c,sao paulo,SP,health_beauty,9,0.0,0.0,1.2
ae7ab174effdead6c241e547e4ca13f0,arapongas,PR,furniture_living_room,6,16.67,0.0,1.24
ae8bfdbf1c2a2a2dee92d799db0a31c6,toledo,PR,furniture_decor,1,0.0,0.0,1.33
ae8bfdbf1c2a2a2dee92d799db0a31c6,toledo,PR,housewares,3,0.0,0.0,1.64
ae8bfdbf1c2a2a2dee92d799db0a31c6,toledo,PR,kitchen_dining_laundry_garden_furniture,3,0.0,0.0,1.69
ae8bfdbf1c2a2a2dee92d799db0a31c6,toledo,PR,stationery,1,0.0,0.0,1.34
ae9690c6e8fee182c28c9ff8e11ca52c,sao paulo,SP,furniture_decor,1,0.0,0.0,1.33
aeb36d67f1414f234d42a29e27cf1f17,santo andre,SP,auto,4,0.0,0.0,1.48
aec99834ab5d38ead22766ada8497e87,colombo,PR,construction_tools_safety,1,0.0,0.0,2.61
af3ef48d0e13835e529c29ac573c63e5,araraquara,SP,pet_shop,20,25.0,10.0,1.67
af3ef48d0e13835e529c29ac573c63e5,araraquara,SP,toys,1,0.0,0.0,1.49
af4a0e4cfe1d9c26b6712b1be25a72e5,mateus leme,MG,computers_accessories,17,41.18,5.88,1.89
af4a0e4cfe1d9c26b6712b1be25a72e5,mateus leme,MG,construction_tools_construction,2,0.0,0.0,1.8
af7cdac9d9897cddead9c6b08976c642,laranjal paulista,SP,toys,6,16.67,0.0,1.49
afa6714acee029b2dfdf357e5579cc03,descalvado,SP,baby,1,0.0,0.0,1.71
afa6714acee029b2dfdf357e5579cc03,descalvado,SP,computers_accessories,1,0.0,0.0,1.89
afa6714acee029b2dfdf357e5579cc03,descalvado,SP,pet_shop,2,0.0,0.0,1.67
afa6714acee029b2dfdf357e5579cc03,descalvado,SP,toys,12,16.67,0.0,1.49
afe0067131b73e40875c9b6c10bd2e21,lagoa da prata,MG,perfumery,44,9.09,2.27,0.72
b00af24704019bd2e1b335e70ad11f7c,salvador,BA,sports_leisure,1,0.0,0.0,1.2
b01c2b7b8599b325103ebcddc67413e1,venancio aires,RS,health_beauty,4,0.0,0.0,1.2
b026643914f651e8371425e5b8a1e780,rio de janeiro,RJ,health_beauty,1,0.0,0.0,1.2
b0398568231ba5e6734af1881671a317,colatina,ES,auto,1,100.0,0.0,1.48
b0398568231ba5e6734af1881671a317,colatina,ES,cool_stuff,2,0.0,0.0,1.28
b0398568231ba5e6734af1881671a317,colatina,ES,garden_tools,1,0.0,0.0,1.15
b05b432bf68945d4d9783f9e3ca29ee8,birigui,SP,health_beauty,2,0.0,0.0,1.2
b080809eaacb49e5ca07290981472431,belo horizonte,MG,books_general_interest,11,0.0,0.0,0.41
b0b346d3a89f5eb4c2968af3f083cd43,campinas,SP,drinks,5,20.0,0.0,0.35
b0b346d3a89f5eb4c2968af3f083cd43,campinas,SP,food_drink,4,25.0,0.0,0.0
b0f2a6122a90a93eb03e68653dd960e3,curitiba,PR,health_beauty,4,0.0,0.0,1.2
b1204cfda1d4948679db3cfc0d3cb95c,guarulhos,SP,furniture_decor,2,50.0,0.0,1.33
b1204cfda1d4948679db3cfc0d3cb95c,guarulhos,SP,sports_leisure,4,0.0,0.0,1.2
b127efdabeffb5d559349c7b172eb75d,sao paulo,SP,fashion_bags_accessories,9,0.0,0.0,1.11
b12cfd255810394b60caef18ae163547,cascavel,PR,office_furniture,2,0.0,0.0,3.4
b14db04aa7881970e83ffa9426897925,sorocaba,SP,furniture_decor,64,17.19,1.56,1.33
b14db04aa7881970e83ffa9426897925,sorocaba,SP,garden_tools,9,11.11,0.0,1.15
b16d3dadc47d4eb18be3d88bad0775ce,estancia velha,RS,baby,1,0.0,0.0,1.71
b16d3dadc47d4eb18be3d88bad0775ce,estancia velha,RS,health_beauty,2,0.0,0.0,1.2
b16d3dadc47d4eb18be3d88bad0775ce,estancia velha,RS,sports_leisure,7,14.29,0.0,1.2
b17b679f4f5ce2e03ce6968c62648246,ribeirao preto,SP,consoles_games,1,0.0,0.0,1.09
b17b679f4f5ce2e03ce6968c62648246,ribeirao preto,SP,health_beauty,49,16.33,0.0,1.2
b18871c324516afa228a13e8f1ef0ae9,sao paulo,SP,garden_tools,9,44.44,0.0,1.15
b18dc380845b24038cfc48006478f099,diadema,SP,cool_stuff,1,100.0,0.0,1.28
b18dc380845b24038cfc48006478f099,diadema,SP,health_beauty,41,7.32,2.44,1.2
b19c48688808720822399ffa9f2dbe2f,sao paulo,SP,watches_gifts,1,0.0,0.0,2.06
b19f3ca2ea475913750f25a5c37c8d8f,divinopolis,MG,housewares,18,38.89,5.56,1.64
b19f3ca2ea475913750f25a5c37c8d8f,divinopolis,MG,stationery,1,0.0,0.0,1.34
b1a81260566c1bac3114a6d124413f27,carazinho,RS,construction_tools_construction,1,0.0,0.0,1.8
b1a81260566c1bac3114a6d124413f27,carazinho,RS,furniture_decor,7,28.57,0.0,1.33
b1a81260566c1bac3114a6d124413f27,carazinho,RS,luggage_accessories,31,12.9,0.0,0.9
b1a81260566c1bac3114a6d124413f27,carazinho,RS,stationery,11,0.0,0.0,1.34
b1aaae6b66ad3c40f54b389d7ea4bee0,sao paulo,SP,fashion_underwear_beach,11,9.09,0.0,0.86
b1aaae6b66ad3c40f54b389d7ea4bee0,sao paulo,SP,furniture_decor,2,0.0,0.0,1.33
b1aaae6b66ad3c40f54b389d7ea4bee0,sao paulo,SP,health_beauty,1,0.0,0.0,1.2
b1ac6ea7895bc3dd6f0f6f4abbdd2821,canoas,RS,sports_leisure,38,2.63,0.0,1.2
b1b3948701c5c72445495bd161b83a4c,sao paulo,SP,auto,14,71.43,0.0,1.48
b1fc4f64df5a0e8b6913ab38803c57a9,sao goncalo,RJ,watches_gifts,99,18.18,1.01,2.06
b1fecf4da1fa2689bccffa0121953643,campo grande,MS,health_beauty,19,0.0,0.0,1.2
b2479f944e1b90cf8a5de1bbfde284d6,ibitinga,SP,baby,1,0.0,0.0,1.71
b2479f944e1b90cf8a5de1bbfde284d6,ibitinga,SP,bed_bath_table,96,30.21,3.12,1.51
b2479f944e1b90cf8a5de1bbfde284d6,ibitinga,SP,cool_stuff,1,0.0,0.0,1.28
b248792ac0b60ec3f93d80af1b4fae47,sao caetano do sul,SP,food,1,0.0,0.0,0.7
b248792ac0b60ec3f93d80af1b4fae47,sao caetano do sul,SP,sports_leisure,6,16.67,0.0,1.2
b26741d31a563d769b4af0465ab20c56,florianopolis,SC,sports_leisure,1,0.0,0.0,1.2
b26741d31a563d769b4af0465ab20c56,florianopolis,SC,toys,1,0.0,0.0,1.49
b274baf5bbd142410eb2958cf685d684,montenegro,RS,baby,1,0.0,0.0,1.71
b274baf5bbd142410eb2958cf685d684,montenegro,RS,toys,5,20.0,0.0,1.49
b29d3380981c51df13fc6fbe87e1763d,ribeirao preto,SP,bed_bath_table,5,20.0,0.0,1.51
b2a6d334e2833acea353624840e25a0e,sao paulo,SP,auto,2,0.0,0.0,1.48
b2a6d334e2833acea353624840e25a0e,sao paulo,SP,construction_tools_safety,3,33.33,33.33,2.61
b2a6d334e2833acea353624840e25a0e,sao paulo,SP,small_appliances,17,0.0,0.0,1.5
b2a6d334e2833acea353624840e25a0e,sao paulo,SP,telephony,2,0.0,0.0,1.85
b2ac621f0d0322434d04a12b078b9369,curitiba,PR,cool_stuff,2,0.0,0.0,1.28
b2ac621f0d0322434d04a12b078b9369,curitiba,PR,health_beauty,27,7.41,0.0,1.2
b2ba3715d723d245138f291a6fe42594,sao paulo,SP,agro_industry_and_commerce,1,0.0,0.0,3.39
b2ba3715d723d245138f291a6fe42594,sao paulo,SP,air_conditioning,1,100.0,0.0,1.66
b2ba3715d723d245138f291a6fe42594,sao paulo,SP,audio,31,12.9,3.23,3.23
b2ba3715d723d245138f291a6fe42594,sao paulo,SP,auto,2,0.0,0.0,1.48
b2ba3715d723d245138f291a6fe42594,sao paulo,SP,baby,10,0.0,0.0,1.71
b2ba3715d723d245138f291a6fe42594,sao paulo,SP,computers_accessories,18,5.56,0.0,1.89
b2ba3715d723d245138f291a6fe42594,sao paulo,SP,consoles_games,5,20.0,0.0,1.09
b2ba3715d723d245138f291a6fe42594,sao paulo,SP,construction_tools_construction,7,14.29,0.0,1.8
b2ba3715d723d245138f291a6fe42594,sao paulo,SP,cool_stuff,24,20.83,4.17,1.28
b2ba3715d723d245138f291a6fe42594,sao paulo,SP,costruction_tools_tools,1,0.0,0.0,5.32
b2ba3715d723d245138f291a6fe42594,sao paulo,SP,electronics,23,8.7,0.0,1.53
b2ba3715d723d245138f291a6fe42594,sao paulo,SP,fixed_telephony,2,0.0,0.0,2.39
b2ba3715d723d245138f291a6fe42594,sao paulo,SP,furniture_decor,4,0.0,0.0,1.33
b2ba3715d723d245138f291a6fe42594,sao paulo,SP,garden_tools,3,33.33,0.0,1.15
b2ba3715d723d245138f291a6fe42594,sao paulo,SP,health_beauty,16,6.25,12.5,1.2
b2ba3715d723d245138f291a6fe42594,sao paulo,SP,home_appliances_2,3,33.33,0.0,4.0
b2ba3715d723d245138f291a6fe42594,sao paulo,SP,home_confort,1,0.0,0.0,2.17
b2ba3715d723d245138f291a6fe42594,sao paulo,SP,luggage_accessories,3,33.33,0.0,0.9
b2ba3715d723d245138f291a6fe42594,sao paulo,SP,market_place,6,16.67,0.0,1.5
b2ba3715d723d245138f291a6fe42594,sao paulo,SP,perfumery,2,0.0,0.0,0.72
b2ba3715d723d245138f291a6fe42594,sao paulo,SP,pet_shop,2,0.0,0.0,1.67
b2ba3715d723d245138f291a6fe42594,sao paulo,SP,small_appliances,1,0.0,0.0,1.5
b2ba3715d723d245138f291a6fe42594,sao paulo,SP,sports_leisure,9,11.11,0.0,1.2
b2ba3715d723d245138f291a6fe42594,sao paulo,SP,stationery,82,8.54,0.0,1.34
b2ba3715d723d245138f291a6fe42594,sao paulo,SP,telephony,3,33.33,0.0,1.85
b2ba3715d723d245138f291a6fe42594,sao paulo,SP,toys,56,14.29,3.57,1.49
b2ba3715d723d245138f291a6fe42594,sao paulo,SP,watches_gifts,4,0.0,25.0,2.06
b2c97074649f92197d9387d9033dda5f,botucatu,SP,health_beauty,7,0.0,0.0,1.2
b2c97074649f92197d9387d9033dda5f,botucatu,SP,housewares,3,0.0,0.0,1.64
b2eecf5ea250510da76590ca79d60e5d,sao paulo,SP,musical_instruments,9,0.0,0.0,1.83
b2f4d63c7203f539a78252565ca32257,armacao dos buzios,RJ,auto,1,0.0,0.0,1.48
b32be1695eb7ec5f10f72d9610a12527,caxias do sul,RS,housewares,10,10.0,0.0,1.64
b32be1695eb7ec5f10f72d9610a12527,caxias do sul,RS,kitchen_dining_laundry_garden_furniture,20,15.0,5.0,1.69
b32be1695eb7ec5f10f72d9610a12527,caxias do sul,RS,small_appliances,13,7.69,7.69,1.5
b335c59ab742f751a85db9c411a86739,araguari,MG,furniture_decor,11,9.09,0.0,1.33
b335c59ab742f751a85db9c411a86739,araguari,MG,housewares,12,0.0,0.0,1.64
b33aaadd1a8891d2dfef0c4c3bdf0371,limeira,SP,housewares,16,18.75,0.0,1.64
b33e7c55446eabf8fe1a42d037ac7d6d,pradopolis,SP,audio,10,20.0,10.0,3.23
b33e7c55446eabf8fe1a42d037ac7d6d,pradopolis,SP,auto,1,0.0,0.0,1.48
b33e7c55446eabf8fe1a42d037ac7d6d,pradopolis,SP,cool_stuff,9,11.11,11.11,1.28
b33e7c55446eabf8fe1a42d037ac7d6d,pradopolis,SP,sports_leisure,2,50.0,0.0,1.2
b33e7c55446eabf8fe1a42d037ac7d6d,pradopolis,SP,watches_gifts,125,11.2,0.8,2.06
b347677812ea483b0f528eaf8cbc09b7,curitiba,PR,housewares,20,5.0,5.0,1.64
b372ee768ed69e46ca8cdbd267aa7a38,sao jose do rio preto,SP,fashion_bags_accessories,63,9.52,1.59,1.11
b37c4c02bda3161a7546a4e6d222d5b2,sao paulo,SP,fixed_telephony,3,100.0,0.0,2.39
b37c4c02bda3161a7546a4e6d222d5b2,sao paulo,SP,telephony,1,0.0,0.0,1.85
b3809b8d4394588a47c8470ea331e135,sao paulo,SP,electronics,1,0.0,0.0,1.53
b39d7fe263ef469605dbb32608aee0af,ibitinga,SP,bed_bath_table,40,15.0,0.0,1.51
b3b17aab11f273023a5f22ca52e1eb70,londrina,PR,auto,7,0.0,0.0,1.48
b3e2faf2c1004d674f16a3aa3197f0e1,ribeirao preto,SP,auto,2,0.0,0.0,1.48
b3f19518fcec265b2e97af287725f981,tanabi,SP,housewares,7,0.0,0.0,1.64
b410bdd36d5db7a65dcd42b7ead933b8,goiania,GO,housewares,42,0.0,0.0,1.64
b43d8b707f887a30f4675391098354a0,ipira,SP,small_appliances,3,33.33,33.33,1.5
b44dbfbf62e52125f3c15d230569ea91,sao paulo,SP,construction_tools_construction,1,0.0,0.0,1.8
b44dbfbf62e52125f3c15d230569ea91,sao paulo,SP,home_construction,3,0.0,0.0,1.08
b452cb0ae35044c4a53179c39f49fb06,sorocaba,SP,auto,1,0.0,0.0,1.48
b452cb0ae35044c4a53179c39f49fb06,sorocaba,SP,housewares,1,0.0,0.0,1.64
b494891378bd8f4560abe576c52deacd,sao paulo,SP,drinks,1,0.0,0.0,0.35
b494891378bd8f4560abe576c52deacd,sao paulo,SP,food,1,0.0,0.0,0.7
b494891378bd8f4560abe576c52deacd,sao paulo,SP,health_beauty,16,6.25,6.25,1.2
b494891378bd8f4560abe576c52deacd,sao paulo,SP,pet_shop,1,0.0,0.0,1.67
b499c00f28f4b7069ff6550af8c1348a,limeira,SP,computers_accessories,6,33.33,0.0,1.89
b499c00f28f4b7069ff6550af8c1348a,limeira,SP,electronics,6,0.0,0.0,1.53
b499c00f28f4b7069ff6550af8c1348a,limeira,SP,fashio_female_clothing,8,12.5,12.5,8.33
b499c00f28f4b7069ff6550af8c1348a,limeira,SP,fashion_bags_accessories,7,0.0,0.0,1.11
b499c00f28f4b7069ff6550af8c1348a,limeira,SP,fashion_shoes,2,0.0,0.0,0.87
b499c00f28f4b7069ff6550af8c1348a,limeira,SP,furniture_decor,61,6.56,1.64,1.33
b499c00f28f4b7069ff6550af8c1348a,limeira,SP,furniture_living_room,1,0.0,0.0,1.24
b499c00f28f4b7069ff6550af8c1348a,limeira,SP,health_beauty,14,7.14,0.0,1.2
b499c00f28f4b7069ff6550af8c1348a,limeira,SP,housewares,14,14.29,0.0,1.64
b499c00f28f4b7069ff6550af8c1348a,limeira,SP,luggage_accessories,8,0.0,0.0,0.9
b499c00f28f4b7069ff6550af8c1348a,limeira,SP,musical_instruments,12,8.33,0.0,1.83
b499c00f28f4b7069ff6550af8c1348a,limeira,SP,sports_leisure,5,40.0,0.0,1.2
b4a476fbd28de64b1e347abf9089366a,itapevi,SP,electronics,27,11.11,3.7,1.53
b4a476fbd28de64b1e347abf9089366a,itapevi,SP,fixed_telephony,1,0.0,0.0,2.39
b4b447d715f9ab302a188fb43d3e96b3,sao paulo,SP,sports_leisure,5,0.0,0.0,1.2
b4f8921fcc4ff77b66bea6dda43dcd51,caxias do sul,RS,bed_bath_table,17,11.76,5.88,1.51
b4ffb71f0cb1b1c3d63fad021ecf93e1,sao paulo,SP,auto,140,9.29,0.71,1.48
b55638ad525e906c698fa2ce742c1742,imbituba,SC,pet_shop,11,0.0,0.0,1.67
b561927807645834b59ef0d16ba55a24,sao paulo,SP,art,11,0.0,0.0,1.59
b561927807645834b59ef0d16ba55a24,sao paulo,SP,arts_and_craftmanship,1,0.0,0.0,9.09
b561927807645834b59ef0d16ba55a24,sao paulo,SP,construction_tools_construction,1,0.0,0.0,1.8
b561927807645834b59ef0d16ba55a24,sao paulo,SP,stationery,71,11.27,1.41,1.34
b566ab0ef88016e00422755e305103c6,extrema,MG,health_beauty,2,50.0,0.0,1.2
b566ab0ef88016e00422755e305103c6,extrema,MG,home_construction,2,50.0,0.0,1.08
b566ab0ef88016e00422755e305103c6,extrema,MG,perfumery,1,0.0,0.0,0.72
b56828a9f9027f3c918c04ca720d9e3c,praia grande,SP,bed_bath_table,3,33.33,33.33,1.51
b56906f7fd1696e043f1bcce164c487b,echapora,SP,health_beauty,36,16.67,5.56,1.2
b56906f7fd1696e043f1bcce164c487b,echapora,SP,pet_shop,4,50.0,0.0,1.67
b586cd24c010a13916af621b0325fbba,rio do sul,SC,construction_tools_construction,4,0.0,0.0,1.8
b586cd24c010a13916af621b0325fbba,rio do sul,SC,garden_tools,1,100.0,0.0,1.15
b586cd24c010a13916af621b0325fbba,rio do sul,SC,housewares,1,0.0,0.0,1.64
b5abf4f36adc043117b4fca82c22984c,brasilia,DF,bed_bath_table,4,25.0,0.0,1.51
b5abf4f36adc043117b4fca82c22984c,brasilia,DF,computers_accessories,1,100.0,0.0,1.89
b5abf4f36adc043117b4fca82c22984c,brasilia,DF,furniture_decor,2,50.0,0.0,1.33
b5b800c4065bebf4d3442311c9857344,sao paulo,SP,health_beauty,1,0.0,0.0,1.2
b5bb2b985208834bd5bd86c7a402bbad,venancio aires,RS,auto,2,0.0,0.0,1.48
b5d034ac251546e25afe9067f05c1539,itapecerica da serra,SP,baby,1,0.0,0.0,1.71
b5dd7151a92ccaaa282cbe9681a05f44,ribeirao preto,SP,sports_leisure,1,0.0,0.0,1.2
b5e3e38609125694d2ea2417522a60b7,florianopolis,SC,sports_leisure,14,7.14,0.0,1.2
b5f0712d22a873b6797ab6cc65c3fcba,sao paulo,SP,food_drink,1,0.0,0.0,0.0
b5f49fe968dff6b112861e6cd8e192ef,curitiba,PR,furniture_decor,1,0.0,0.0,1.33
b64d51f0435e884e8de603b1655155ae,garulhos,SP,housewares,12,8.33,0.0,1.64
b64d51f0435e884e8de603b1655155ae,garulhos,SP,signaling_and_security,1,0.0,0.0,2.92
b67d6c666e8dce1d078c882825e12704,sao paulo,SP,signaling_and_security,1,0.0,0.0,2.92
b67d6c666e8dce1d078c882825e12704,sao paulo,SP,sports_leisure,6,0.0,0.0,1.2
b6d44737c043328708f6749c2dbe50bd,santo andre,SP,housewares,59,6.78,0.0,1.64
b6dc74ed30f124f95227bed4e43a3bed,arapongas,PR,sports_leisure,9,0.0,0.0,1.2
b6e1504972665f739dec4facb9943775,piracicaba,SP,auto,4,0.0,0.0,1.48
b6e1504972665f739dec4facb9943775,piracicaba,SP,garden_tools,5,20.0,0.0,1.15
b6f52e346160519c24a23af05410ad32,sao paulo,SP,health_beauty,1,0.0,0.0,1.2
b74d1c09cb380e1d03a6f859c6f4224b,rio de janeiro,RJ,garden_tools,3,0.0,0.0,1.15
b74d1c09cb380e1d03a6f859c6f4224b,rio de janeiro,RJ,housewares,9,11.11,0.0,1.64
b74d1c09cb380e1d03a6f859c6f4224b,rio de janeiro,RJ,toys,8,0.0,0.0,1.49
b76a1f8356322f12529c37b67d5c96c2,santos,SP,auto,1,0.0,0.0,1.48
b76a1f8356322f12529c37b67d5c96c2,santos,SP,cool_stuff,1,0.0,0.0,1.28
b76a1f8356322f12529c37b67d5c96c2,santos,SP,furniture_decor,1,0.0,0.0,1.33
b76a1f8356322f12529c37b67d5c96c2,santos,SP,housewares,1,0.0,0.0,1.64
b76dba6c951ab00dc4edf0a1aa88037e,sao paulo,SP,electronics,4,0.0,0.0,1.53
b76dba6c951ab00dc4edf0a1aa88037e,sao paulo,SP,fixed_telephony,37,8.11,0.0,2.39
b76dba6c951ab00dc4edf0a1aa88037e,sao paulo,SP,telephony,114,11.4,4.39,1.85
b76f4d90e85657a240495c876313adc5,hortolandia,SP,toys,1,0.0,0.0,1.49
b77a27b1864483e721dc831d5ba4afa0,duque de caxias,RJ,auto,1,0.0,0.0,1.48
b7ba853e9551f4558440881fd3e5c815,santo antonio da patrulha,RS,cool_stuff,1,100.0,0.0,1.28
b7cc6c5e001441ae8cdd5c69a480cbe4,curitibanos,SC,market_place,1,0.0,0.0,1.5
b7cc6c5e001441ae8cdd5c69a480cbe4,curitibanos,SC,musical_instruments,4,0.0,0.0,1.83
b7d5b4b87af9d42b601865d3f3810bff,florianopolis,SC,garden_tools,1,0.0,0.0,1.15
b7e1750c1157341d2abd0251e07c186b,sao paulo,SP,fashion_sport,1,0.0,0.0,0.0
b7e1750c1157341d2abd0251e07c186b,sao paulo,SP,sports_leisure,2,0.0,0.0,1.2
b7ed9fb14c8eadb37adb9c45d67ab0fb,jacarei,SP,housewares,2,100.0,50.0,1.64
b7ed9fb14c8eadb37adb9c45d67ab0fb,jacarei,SP,stationery,5,20.0,0.0,1.34
b8114f2f589a6804810f04f99b36b498,sao bernardo do campo,SP,housewares,8,0.0,0.0,1.64
b81e3a6c866a764974fe849821abeebd,maua,SP,housewares,6,0.0,0.0,1.64
b81e3a6c866a764974fe849821abeebd,maua,SP,sports_leisure,2,0.0,0.0,1.2
b839e41795b7f3ad94cc2014a52f6796,sao caetano do sul,SP,construction_tools_construction,19,10.53,0.0,1.8
b839e41795b7f3ad94cc2014a52f6796,sao caetano do sul,SP,home_appliances_2,2,0.0,0.0,4.0
b839e41795b7f3ad94cc2014a52f6796,sao caetano do sul,SP,small_appliances,12,33.33,0.0,1.5
b83cedfb587e7911540e3f576d6917ce,sao paulo,SP,health_beauty,23,13.04,0.0,1.2
b83cedfb587e7911540e3f576d6917ce,sao paulo,SP,perfumery,1,0.0,0.0,0.72
b8555308bfdb4ca1ed54325a58da9a97,sao bernardo do campo,SP,office_furniture,26,11.54,0.0,3.4
b8578d2d823bd8e251f6fdd02b40902d,blumenau,SC,sports_leisure,8,0.0,0.0,1.2
b8630e1121437d41cb08e3c749c2c2e2,duque de caxias,RJ,musical_instruments,9,22.22,11.11,1.83
b8630e1121437d41cb08e3c749c2c2e2,duque de caxias,RJ,toys,3,0.0,0.0,1.49
b87a7ea0c30fad2dd6781b74a0064859,sao paulo,SP,auto,9,33.33,0.0,1.48
b88e7c57cb2d8b973b7dd4a2bfa14b36,curitiba,PR,health_beauty,4,0.0,0.0,1.2
b8a0adc91af209270c2c725168eb00fd,ibitinga,SP,bed_bath_table,6,16.67,0.0,1.51
b8bc237ba3788b23da09c0f1f3a3288c,itajai,SC,housewares,44,6.82,2.27,1.64
b8d890108a7a80e4f5d59eea9f362438,curitiba,PR,computers_accessories,1,0.0,0.0,1.89
b906dd0e57f282c7089171b6ed07982e,parana,PR,sports_leisure,1,0.0,0.0,1.2
b90e891671cffd9557f33a97dc523645,sao jose dos pinhais,PR,health_beauty,24,8.33,0.0,1.2
b90e891671cffd9557f33a97dc523645,sao jose dos pinhais,PR,sports_leisure,9,11.11,0.0,1.2
b92e3c8f9738272ff7c59e111e108d7c,uba,MG,furniture_decor,54,18.52,1.85,1.33
b92e3c8f9738272ff7c59e111e108d7c,uba,MG,furniture_living_room,2,0.0,0.0,1.24
b92e3c8f9738272ff7c59e111e108d7c,uba,MG,housewares,2,0.0,0.0,1.64
b92e3c8f9738272ff7c59e111e108d7c,uba,MG,kitchen_dining_laundry_garden_furniture,3,0.0,0.0,1.69
b94cc9f10ddc85e4ba73a6f7974e7101,macae,RJ,cool_stuff,15,20.0,6.67,1.28
b94cc9f10ddc85e4ba73a6f7974e7101,macae,RJ,toys,22,9.09,4.55,1.49
b98b715fe9e276204e2a3464f48cd796,sao paulo,SP,bed_bath_table,4,25.0,0.0,1.51
b9a03475e6447e631b6799ec8274800f,formosa do oeste,PR,art,1,0.0,0.0,1.59
b9a03475e6447e631b6799ec8274800f,formosa do oeste,PR,christmas_supplies,8,12.5,0.0,1.63
b9a03475e6447e631b6799ec8274800f,formosa do oeste,PR,furniture_decor,1,0.0,0.0,1.33
b9c0ffa92f3ff9a5a3d45ef7213c0842,sao paulo,SP,baby,2,0.0,0.0,1.71
b9c0ffa92f3ff9a5a3d45ef7213c0842,sao paulo,SP,cool_stuff,1,0.0,0.0,1.28
b9ca8e8baa5d4aa038394a700f63e69f,sao paulo,SP,baby,1,0.0,0.0,1.71
b9ca8e8baa5d4aa038394a700f63e69f,sao paulo,SP,bed_bath_table,10,10.0,0.0,1.51
b9ca8e8baa5d4aa038394a700f63e69f,sao paulo,SP,sports_leisure,3,0.0,0.0,1.2
b9de031b671cd48b28fae9d828cbf2b4,sao paulo,SP,auto,1,0.0,0.0,1.48
b9ec22de23f18567de0e09d776ca0309,brasilia,DF,stationery,2,0.0,0.0,1.34
ba143b05f0110f0dc71ad71b4466ce92,sao paulo,SP,books_technical,76,7.89,1.32,0.79
ba143b05f0110f0dc71ad71b4466ce92,sao paulo,SP,consoles_games,2,0.0,0.0,1.09
ba143b05f0110f0dc71ad71b4466ce92,sao paulo,SP,dvds_blu_ray,5,20.0,0.0,0.0
ba5daa4041e1f15cdf34b76e3e18a450,sao paulo,SP,toys,15,13.33,0.0,1.49
ba6b4a237f92479743cf0ca06b67a9ac,rio de janeiro,RJ,auto,1,0.0,0.0,1.48
ba6b4a237f92479743cf0ca06b67a9ac,rio de janeiro,RJ,computers_accessories,3,33.33,0.0,1.89
ba6b4a237f92479743cf0ca06b67a9ac,rio de janeiro,RJ,electronics,2,0.0,0.0,1.53
ba6b4a237f92479743cf0ca06b67a9ac,rio de janeiro,RJ,perfumery,1,0.0,0.0,0.72
ba6b4a237f92479743cf0ca06b67a9ac,rio de janeiro,RJ,telephony,1,0.0,0.0,1.85
ba6b68b55fe8704377a7d43c8e5c0185,belo horizonte,MG,audio,1,0.0,0.0,3.23
ba6b68b55fe8704377a7d43c8e5c0185,belo horizonte,MG,sports_leisure,2,50.0,0.0,1.2
ba6ce6de456f6c11d08c17701ba5c26f,sorocaba,SP,sports_leisure,6,16.67,0.0,1.2
ba89796db68db180bd389de96b2ff3b6,sao paulo,SP,cine_photo,1,0.0,0.0,1.59
ba89796db68db180bd389de96b2ff3b6,sao paulo,SP,furniture_decor,1,0.0,0.0,1.33
ba8e85df286308fe68a2ce83a8f8b2d6,santa catarina,SC,perfumery,1,0.0,0.0,0.72
ba90964cff9b9e0e6f32b23b82465f7b,guarulhos,SP,auto,1,0.0,0.0,1.48
ba90964cff9b9e0e6f32b23b82465f7b,guarulhos,SP,music,2,0.0,0.0,2.7
ba90964cff9b9e0e6f32b23b82465f7b,guarulhos,SP,portateis_cozinha_e_preparadores_de_alimentos,3,0.0,33.33,7.69
ba90964cff9b9e0e6f32b23b82465f7b,guarulhos,SP,small_appliances,15,6.67,0.0,1.5
ba90964cff9b9e0e6f32b23b82465f7b,guarulhos,SP,small_appliances_home_oven_and_coffee,17,5.88,0.0,2.78
baa49d93c8c8841e27400a300f5d74b2,sao jose,SC,sports_leisure,6,0.0,0.0,1.2
bab0a8cd684e41ba6e2637dca0979d3b,rio de janeiro,RJ,toys,1,0.0,0.0,1.49
babcc0ab201e4c60188427cae51a5b8b,porto ferreira,SP,construction_tools_lights,1,0.0,0.0,0.88
bac44fa8e13424950488659b5f765c41,sao paulo,SP,furniture_decor,1,0.0,0.0,1.33
bac692d6c0ed08467878018e6cc9c26c,blumenau,SC,construction_tools_lights,1,0.0,0.0,0.88
bacb1f0ed56ad24198f5810d2b3fe9a5,jacarei,SP,baby,1,0.0,0.0,1.71
bacb1f0ed56ad24198f5810d2b3fe9a5,jacarei,SP,cool_stuff,10,20.0,0.0,1.28
bacb1f0ed56ad24198f5810d2b3fe9a5,jacarei,SP,toys,25,4.0,0.0,1.49
baeda7047354773262ba2405f97038ba,americana,SP,pet_shop,1,0.0,0.0,1.67
baf15155e37ef5492731459bdc05be8a,sao paulo,SP,bed_bath_table,1,0.0,100.0,1.51
bafc5aa11e413978be29040f51342e70,belo horizonte,MG,stationery,9,33.33,11.11,1.34
bb135baca94c82fcb731335ad5b04a03,sao paulo,SP,bed_bath_table,3,0.0,0.0,1.51
bb135baca94c82fcb731335ad5b04a03,sao paulo,SP,cool_stuff,3,0.0,0.0,1.28
bb135baca94c82fcb731335ad5b04a03,sao paulo,SP,furniture_decor,10,60.0,0.0,1.33
bb135baca94c82fcb731335ad5b04a03,sao paulo,SP,housewares,1,0.0,0.0,1.64
bb2afe2061d53c6968aa0cffa233a8ec,sao paulo,SP,sports_leisure,5,0.0,0.0,1.2
bb3dca718920a4d7ec3cc9ffb025108b,sao paulo,SP,health_beauty,2,50.0,0.0,1.2
bb5bd94c8f59cc050072d2930c869cac,sao paulo,SP,fashion_bags_accessories,11,0.0,0.0,1.11
bb5bd94c8f59cc050072d2930c869cac,sao paulo,SP,furniture_decor,3,0.0,0.0,1.33
bb5d956dece964a06c12bceb66b923ae,rio de janeiro,RJ,auto,2,0.0,0.0,1.48
bb7a14e229b1c95156719c3d9552eeee,rio de janeiro,RJ,garden_tools,3,33.33,0.0,1.15
bb7a14e229b1c95156719c3d9552eeee,rio de janeiro,RJ,housewares,1,0.0,0.0,1.64
bb7a14e229b1c95156719c3d9552eeee,rio de janeiro,RJ,small_appliances,6,0.0,0.0,1.5
bb7ad8a45c027be8ab075b8e465f8ca0,floranopolis,SC,food,2,0.0,0.0,0.7
bba3293d6f5d5af2f415e004e8b93ae3,sao paulo,SP,cool_stuff,1,0.0,0.0,1.28
bba3293d6f5d5af2f415e004e8b93ae3,sao paulo,SP,health_beauty,16,12.5,0.0,1.2
bba74270a87732727b5a3b4fd9ac1c39,betim,MG,auto,13,7.69,0.0,1.48
bba74270a87732727b5a3b4fd9ac1c39,betim,MG,computers_accessories,3,0.0,0.0,1.89
bba74270a87732727b5a3b4fd9ac1c39,betim,MG,construction_tools_construction,1,0.0,100.0,1.8
bba74270a87732727b5a3b4fd9ac1c39,betim,MG,housewares,1,0.0,0.0,1.64
bba74270a87732727b5a3b4fd9ac1c39,betim,MG,sports_leisure,16,25.0,0.0,1.2
bba8d0c234a52b87b3957037a215d1a4,goiania,GO,furniture_decor,1,0.0,0.0,1.33
bbad7e518d7af88a0897397ffdca1979,sao paulo,SP,baby,40,40.0,2.5,1.71
bbad7e518d7af88a0897397ffdca1979,sao paulo,SP,cool_stuff,14,35.71,0.0,1.28
bbad7e518d7af88a0897397ffdca1979,sao paulo,SP,fashion_male_clothing,3,33.33,0.0,3.81
bbad7e518d7af88a0897397ffdca1979,sao paulo,SP,food,1,100.0,0.0,0.7
bbad7e518d7af88a0897397ffdca1979,sao paulo,SP,garden_tools,3,66.67,0.0,1.15
bbad7e518d7af88a0897397ffdca1979,sao paulo,SP,housewares,2,0.0,0.0,1.64
bbad7e518d7af88a0897397ffdca1979,sao paulo,SP,perfumery,1,0.0,0.0,0.72
bbad7e518d7af88a0897397ffdca1979,sao paulo,SP,toys,1,0.0,0.0,1.49
bbaff50f3b708fda865918715276cd87,atibaia,SP,food_drink,11,0.0,0.0,0.0
bbd3acfe6de99892e73940d3fdceaf68,santo andre,SP,bed_bath_table,1,0.0,0.0,1.51
bbe87dce25ba8b38bb61cc7210a3f10b,sao joao da boa vista,SP,construction_tools_construction,2,0.0,0.0,1.8
bbf4a892cac7b82422baa711dffb8997,curitiba,PR,pet_shop,1,0.0,0.0,1.67
bbf9ad41dca6603e614efcdad7aab8c4,fortaleza,CE,health_beauty,14,7.14,7.14,1.2
bc07d855eac23aab5ac8a120f21d16b2,mogi das cruzes,SP,auto,1,0.0,0.0,1.48
bc07d855eac23aab5ac8a120f21d16b2,mogi das cruzes,SP,construction_tools_construction,2,0.0,0.0,1.8
bc07d855eac23aab5ac8a120f21d16b2,mogi das cruzes,SP,diapers_and_hygiene,1,0.0,0.0,0.0
bc07d855eac23aab5ac8a120f21d16b2,mogi das cruzes,SP,health_beauty,7,14.29,0.0,1.2
bc2ac6b95e1accce9858528ee566c17e,campinas,SP,books_imported,18,11.11,0.0,0.0
bc302730ea8cf49b5c74f579febb5bbf,campinas,SP,costruction_tools_garden,2,0.0,0.0,1.09
bc302730ea8cf49b5c74f579febb5bbf,campinas,SP,garden_tools,2,50.0,0.0,1.15
bc302730ea8cf49b5c74f579febb5bbf,campinas,SP,telephony,7,14.29,0.0,1.85
bc30de0d71bd6260b936a026b5cf7200,pedreira,SP,housewares,3,0.0,0.0,1.64
bc39d8938f90a3a2b98193723ed59774,cajamar,SP,small_appliances,1,0.0,0.0,1.5
bc47d5d1490df2b36add65d733eafaba,santo andre,SP,sports_leisure,19,21.05,0.0,1.2
bc503e244f187939d10c92a5c8e378ce,birigui,SP,computers_accessories,6,33.33,0.0,1.89
bc8c8d665ec4664d286be0d521722b19,sao paulo,SP,health_beauty,1,100.0,0.0,1.2
bca9230d3bbb4efa51872bf605a2f1ad,sao paulo,SP,books_general_interest,5,20.0,0.0,0.41
bcc9dd23e2a8bd8267cf92b19304a1b9,ibitinga,SP,bed_bath_table,2,100.0,0.0,1.51
bccf933e006e9b94a6184af782963e77,assis,SP,health_beauty,44,6.82,0.0,1.2
bce6a5ecf98e99fd2a8868b15c51f04b,guarulhos,SP,watches_gifts,14,21.43,7.14,2.06
bd0389da23d89b726abf911cccc54596,brasilia,DF,art,1,0.0,0.0,1.59
bd0389da23d89b726abf911cccc54596,brasilia,DF,computers_accessories,76,13.16,2.63,1.89
bd0389da23d89b726abf911cccc54596,brasilia,DF,electronics,6,0.0,0.0,1.53
bd0389da23d89b726abf911cccc54596,brasilia,DF,garden_tools,2,0.0,0.0,1.15
bd0389da23d89b726abf911cccc54596,brasilia,DF,telephony,2,0.0,0.0,1.85
bd0a1b0aadca9a83d9304f7e8ff5fbd5,sao paulo,SP,telephony,4,0.0,0.0,1.85
bd149ed516d4c5d418d5781f8e18919f,guarulhos,SP,furniture_decor,8,0.0,0.0,1.33
bd15ee794d5e640d9dd71b665b2ab15b,ribeirao preto,SP,garden_tools,1,100.0,0.0,1.15
bd15ee794d5e640d9dd71b665b2ab15b,ribeirao preto,SP,sports_leisure,11,9.09,0.0,1.2
bd1d49a326abfa9b1036772e40445430,bauru,SP,health_beauty,12,8.33,8.33,1.2
bd23da7354813347129d751591d1a6e2,sao paulo,SP,furniture_decor,83,15.66,1.2,1.33
bd43e172d599bed47a85da877172ca8c,sao bento do sul,SC,bed_bath_table,1,0.0,0.0,1.51
bd4431c1a8dfa744b59e1e2a8bc99b9e,rio de janeiro,RJ,health_beauty,7,0.0,0.0,1.2
bd4889b5e9133b35b66e42a8665cea5c,sao paulo,SP,furniture_decor,35,8.57,2.86,1.33
bd4ff04377f974574f7f0bf9d6ce7dde,santa maria da serra,SP,auto,1,0.0,0.0,1.48
bd4ff04377f974574f7f0bf9d6ce7dde,santa maria da serra,SP,furniture_decor,2,0.0,0.0,1.33
bd4ff04377f974574f7f0bf9d6ce7dde,santa maria da serra,SP,housewares,1,100.0,0.0,1.64
bd65d163ded559eb90a10cd09fec178f,sao paulo,SP,perfumery,1,0.0,0.0,0.72
bd697db56ff8e7c9cd1abeb7f72029b2,sao paulo,SP,auto,20,5.0,5.0,1.48
bdae679a9b282249bc23b9b69dae9a99,brasilia,DF,construction_tools_construction,3,33.33,0.0,1.8
bdae679a9b282249bc23b9b69dae9a99,brasilia,DF,electronics,2,0.0,0.0,1.53
bdb3edbaee43a761e2d4f258dc08f348,lencois paulista,SP,stationery,3,0.0,0.0,1.34
bdb3edbaee43a761e2d4f258dc08f348,lencois paulista,SP,toys,1,100.0,0.0,1.49
bdf0d02d36a1d839d0c39c4a887cdd49,birigui,SP,home_appliances,5,0.0,0.0,1.08
be3b4b0f050a6aa1b2d901c4b77e979f,imbituva,PR,construction_tools_construction,2,0.0,0.0,1.8
be3b4b0f050a6aa1b2d901c4b77e979f,imbituva,PR,housewares,1,100.0,0.0,1.64
be67f78487e2cecb0d55bc769709e4f5,ibirite,MG,health_beauty,1,0.0,0.0,1.2
be7a093e5b4d147b36b72bb1f9e415e5,toledo,PR,health_beauty,1,0.0,0.0,1.2
be8e909810184b9b19e886129149d8e5,piracicaba,SP,computers_accessories,12,25.0,0.0,1.89
be8e909810184b9b19e886129149d8e5,piracicaba,SP,consoles_games,2,0.0,0.0,1.09
be8e909810184b9b19e886129149d8e5,piracicaba,SP,sports_leisure,1,0.0,0.0,1.2
be9a160a9011f627c3e121d076c1ec7b,jaragua do sul,SC,garden_tools,5,0.0,0.0,1.15
beadbee30901a7f61d031b6b686095ad,guarulhos,SP,health_beauty,54,20.37,1.85,1.2
beadbee30901a7f61d031b6b686095ad,guarulhos,SP,perfumery,7,0.0,0.0,0.72
beadbee30901a7f61d031b6b686095ad,guarulhos,SP,watches_gifts,2,0.0,0.0,2.06
bec568278124768c474ee90971ca94d1,sao paulo,SP,furniture_decor,1,0.0,0.0,1.33
bec568278124768c474ee90971ca94d1,sao paulo,SP,watches_gifts,1,0.0,0.0,2.06
bede56095ba33c42038fb85f707b8a42,valinhos,SP,health_beauty,2,0.0,0.0,1.2
bee36b4f9a2b9fdcaff6ec05df202ed0,sao paulo,SP,computers_accessories,1,0.0,0.0,1.89
bf00385a5f7fc1ef39a13c2e9ee50a5f,sao paulo,SP,computers_accessories,6,16.67,0.0,1.89
bf00385a5f7fc1ef39a13c2e9ee50a5f,sao paulo,SP,electronics,7,0.0,14.29,1.53
bf00385a5f7fc1ef39a13c2e9ee50a5f,sao paulo,SP,health_beauty,2,50.0,0.0,1.2
bf00385a5f7fc1ef39a13c2e9ee50a5f,sao paulo,SP,housewares,6,0.0,0.0,1.64
bf00385a5f7fc1ef39a13c2e9ee50a5f,sao paulo,SP,sports_leisure,1,0.0,0.0,1.2
bf00385a5f7fc1ef39a13c2e9ee50a5f,sao paulo,SP,telephony,6,0.0,0.0,1.85
bf0045791395e66460eb04749c68672a,sao paulo,SP,stationery,2,0.0,0.0,1.34
bf100ecb7997df312b285358fb32f92c,sao jose dos pinhais,PR,baby,2,0.0,0.0,1.71
bf100ecb7997df312b285358fb32f92c,sao jose dos pinhais,PR,cool_stuff,9,0.0,0.0,1.28
bf100ecb7997df312b285358fb32f92c,sao jose dos pinhais,PR,health_beauty,7,0.0,0.0,1.2
bf3c6d2a28b2b5501e6c15448982dcc9,sao paulo,SP,baby,34,0.0,0.0,1.71
bf3c6d2a28b2b5501e6c15448982dcc9,sao paulo,SP,stationery,1,100.0,0.0,1.34
bf84056e679dbe9c69929847a40e338f,sao paulo,SP,health_beauty,34,14.71,0.0,1.2
bf84056e679dbe9c69929847a40e338f,sao paulo,SP,perfumery,1,100.0,0.0,0.72
bf961104a38e01b9062ee026bb657dee,ribeirao preto,SP,cool_stuff,4,0.0,0.0,1.28
bfd27a966d91cfaafdb25d076585f0da,serra negra,SP,baby,14,7.14,0.0,1.71
bfd27a966d91cfaafdb25d076585f0da,serra negra,SP,cool_stuff,16,12.5,0.0,1.28
bfd27a966d91cfaafdb25d076585f0da,serra negra,SP,food,6,16.67,0.0,0.7
bfd27a966d91cfaafdb25d076585f0da,serra negra,SP,luggage_accessories,21,14.29,0.0,0.9
bfd27a966d91cfaafdb25d076585f0da,serra negra,SP,stationery,22,4.55,0.0,1.34
bfd27a966d91cfaafdb25d076585f0da,serra negra,SP,toys,34,11.76,2.94,1.49
bfd938b22bc99bce1ae60dc602889f52,rio de janeiro,RJ,garden_tools,1,0.0,0.0,1.15
bfd938b22bc99bce1ae60dc602889f52,rio de janeiro,RJ,health_beauty,2,0.0,0.0,1.2
bff9deb0ec77d437f3305a79cf25529e,limeira,SP,telephony,5,20.0,20.0,1.85
c003204e1ab016dfa150abc119207b24,cajamar,SP,auto,151,1.99,0.66,1.48
c003204e1ab016dfa150abc119207b24,cajamar,SP,electronics,43,11.63,2.33,1.53
c00396cbdd2e088fe4281baa5920aef1,campo magro,PR,construction_tools_construction,1,0.0,0.0,1.8
c004e5ea15737026cecaee0447e00b75,sao paulo,SP,home_appliances_2,1,100.0,100.0,4.0
c0098efcf800861dcae589affca31408,ribeirao preto,SP,auto,9,0.0,0.0,1.48
c013e57c075a06e5b5c48ee03c525719,sao carlos,SP,pet_shop,41,7.32,0.0,1.67
c026ef0d72e9132d9fa112308090c8dc,rio de janeiro,RJ,home_construction,1,0.0,0.0,1.08
c03121937e54a93fcc1825c3098bbb6e,curitiba,PR,books_general_interest,7,0.0,0.0,0.41
c04d70d515d15a7e3db3a73320598566,niteroi,RJ,food_drink,1,0.0,0.0,0.0
c0563dd588b775f2e37747ef6ad6c92c,santo andre,SP,cool_stuff,27,11.11,0.0,1.28
c092292535a57dacd95a8765f5518f87,paracambi,RJ,toys,1,0.0,0.0,1.49
c0aff2da32c17759d30b22fb0af6649d,florianopolis,SC,construction_tools_construction,1,0.0,0.0,1.8
c0aff2da32c17759d30b22fb0af6649d,florianopolis,SC,stationery,3,0.0,0.0,1.34
c0e0b73d039eb9a99b6ce4cb7a429cd3,laurentino,SC,computers_accessories,1,0.0,0.0,1.89
c0e6839516f5398edc34adf5f1d53d1a,guaruja,SP,sports_leisure,1,0.0,0.0,1.2
c0f3eea2e14555b6faeea3dd58c1b1c3,sao paulo,SP,sports_leisure,1,0.0,0.0,1.2
c12b92bf1c350f3e6bf88d3596219c86,garca,SP,auto,8,25.0,12.5,1.48
c12b92bf1c350f3e6bf88d3596219c86,garca,SP,computers_accessories,2,50.0,50.0,1.89
c12b92bf1c350f3e6bf88d3596219c86,garca,SP,construction_tools_safety,1,0.0,0.0,2.61
c12b92bf1c350f3e6bf88d3596219c86,garca,SP,fixed_telephony,1,0.0,0.0,2.39
c12b92bf1c350f3e6bf88d3596219c86,garca,SP,telephony,1,0.0,0.0,1.85
c12b92bf1c350f3e6bf88d3596219c86,garca,SP,toys,3,33.33,0.0,1.49
c12d7463a579237ffb9248bd7cff378b,sao paulo,SP,fashion_bags_accessories,1,0.0,0.0,1.11
c13ef0cfbe42f190780f621ce81f2234,sao paulo sp,SP,electronics,1,0.0,0.0,1.53
c13fb473e7cb8b83ccd543c094df0608,sao paulo,SP,fixed_telephony,1,0.0,0.0,2.39
c13fb473e7cb8b83ccd543c094df0608,sao paulo,SP,telephony,1,0.0,0.0,1.85
c1552b1dab6e6f760950368ae61fb600,sao jose dos campos,SP,health_beauty,2,50.0,0.0,1.2
c157bdeedcbc9a8e3c8bf0d87ff24428,mairinque,SP,housewares,2,0.0,0.0,1.64
c161d1327ebc3a156c09582ab2f59f6c,sao paulo,SP,health_beauty,1,0.0,0.0,1.2
c161d1327ebc3a156c09582ab2f59f6c,sao paulo,SP,perfumery,1,0.0,0.0,0.72
c18309219e789960add0b2255ca4b091,rio de janeiro,RJ,telephony,1,0.0,0.0,1.85
c1849d4d32d7a6cecd5aa471809d3135,santo andre,SP,auto,2,0.0,0.0,1.48
c1849d4d32d7a6cecd5aa471809d3135,santo andre,SP,housewares,1,0.0,0.0,1.64
c1dde11f12d05c478f5de2d7319ad3b2,sao paulo,SP,computers_accessories,1,100.0,100.0,1.89
c1ed9e3daf6154542826a6996af0fb8c,itajai,SC,computers_accessories,8,12.5,0.0,1.89
c1f12f926d0ba950578b4fa41115cbb6,sao paulo,SP,housewares,1,0.0,0.0,1.64
c1f12f926d0ba950578b4fa41115cbb6,sao paulo,SP,sports_leisure,1,0.0,0.0,1.2
c24173065483e421f9e5e7f599de101d,sao paulo,SP,sports_leisure,5,0.0,0.0,1.2
c26a2be5b53b7db6b276280da212a779,nova friburgo,RJ,office_furniture,13,38.46,7.69,3.4
c273175f7c6c80fb02f051e2fc6d0d72,sao paulo,SP,auto,13,23.08,7.69,1.48
c273175f7c6c80fb02f051e2fc6d0d72,sao paulo,SP,housewares,1,0.0,0.0,1.64
c286ec035ee04ba81c97508f0b5df544,curitiba,PR,computers_accessories,1,0.0,0.0,1.89
c2bda99904207edd1834f03e0022b007,sao paulo,SP,books_general_interest,1,0.0,0.0,0.41
c2d70ce2c5d0a2eb75e78668236e6dc8,sao paulo,SP,housewares,13,0.0,0.0,1.64
c31eff8334d6b3047ed34bebd4d62c36,salto,SP,art,100,20.0,2.0,1.59
c31eff8334d6b3047ed34bebd4d62c36,salto,SP,furniture_decor,16,0.0,0.0,1.33
c3251e13f1bbda6c74e37c160f991e19,porto ferreira,SP,auto,1,0.0,0.0,1.48
c3251e13f1bbda6c74e37c160f991e19,porto ferreira,SP,furniture_decor,1,0.0,0.0,1.33
c32fc744b9160ac853450488e3cfea93,ribeirao preto,SP,sports_leisure,1,0.0,0.0,1.2
c33847515fa6305ce6feb1e818569f13,brusque,SC,bed_bath_table,109,20.18,0.92,1.51
c33847515fa6305ce6feb1e818569f13,brusque,SC,fashion_male_clothing,1,0.0,0.0,3.81
c33a5c3c983090c8b78a28e65052a20d,criciuma,SC,perfumery,7,14.29,0.0,0.72
c353f8fc0ce8344999f17d578eb69a5e,porto alegre,RS,health_beauty,2,0.0,0.0,1.2
c35672b10ad50968f567ea3f4b91e877,mesquita,RJ,health_beauty,17,5.88,0.0,1.2
c35672b10ad50968f567ea3f4b91e877,mesquita,RJ,perfumery,1,0.0,0.0,0.72
c35affa65afd250151285c5917fc1c8a,sao paluo,SP,auto,8,12.5,0.0,1.48
c360e4787614ed31ac7a2f95d3b22dc6,lencois paulista,SP,office_furniture,1,100.0,0.0,3.4
c37b2059d4f90d4feead554e5246565e,sao paulo,SP,furniture_decor,11,36.36,9.09,1.33
c3867b4666c7d76867627c2f7fb22e21,guara,SP,sports_leisure,223,15.25,1.79,1.2
c394e193cda3b4225ff2094d32184849,sao paulo,SP,drinks,2,0.0,0.0,0.35
c398bc00a606d33758afd91f4e64fd15,rio de janeiro,RJ,sports_leisure,2,0.0,0.0,1.2
c3aad7dc65449ae90a5e9c3c6c1e78e0,auriflama/sp,SP,party_supplies,6,0.0,0.0,0.0
c3acdfac4e3e97ff87529454fbc03642,sao paulo,SP,watches_gifts,12,8.33,0.0,2.06
c3cfdc648177fdbbbb35635a37472c53,curitiba,PR,auto,2,0.0,0.0,1.48
c3cfdc648177fdbbbb35635a37472c53,curitiba,PR,sports_leisure,270,6.3,0.74,1.2
c3e1abd72a42fe690fcd89cf5720fe29,mogi guacu,SP,pet_shop,13,7.69,0.0,1.67
c3e2398fcc7e581cda2e546557bf6968,sao paulo,SP,furniture_decor,1,0.0,0.0,1.33
c3ee2331a724e6fc02c4b698b57a73f3,sao paulo,SP,kitchen_dining_laundry_garden_furniture,2,0.0,50.0,1.69
c3f5668699a1b04c0fa61ecea1e2bff6,apucarana,PR,health_beauty,1,0.0,0.0,1.2
c3f5668699a1b04c0fa61ecea1e2bff6,apucarana,PR,perfumery,2,0.0,0.0,0.72
c3fe93ba3085f92855c97e57f38c8c05,curitiba,PR,books_general_interest,6,0.0,0.0,0.41
c42fd8e4d47dfb18ce5222f2dd7752f9,osasco,SP,furniture_decor,3,0.0,0.0,1.33
c42fd8e4d47dfb18ce5222f2dd7752f9,osasco,SP,perfumery,1,100.0,0.0,0.72
c43d924a0f1688ee9fae0efcd6f539d4,rio de janeiro,RJ,bed_bath_table,1,0.0,0.0,1.51
c447f8dd3ed213f291d65ef074a268eb,assis,SP,health_beauty,2,0.0,0.0,1.2
c447f8dd3ed213f291d65ef074a268eb,assis,SP,sports_leisure,5,40.0,0.0,1.2
c458e2045a8aa8964f8879af03fdcce6,sao caetano do sul,SP,fixed_telephony,4,50.0,0.0,2.39
c4af86330efa7a2620772227d2d670c9,mogi das cruzes,SP,construction_tools_construction,3,0.0,0.0,1.8
c4d51195486dc781531876a7d00453d8,presidente prudente,SP,electronics,1,0.0,0.0,1.53
c4d51195486dc781531876a7d00453d8,presidente prudente,SP,telephony,16,12.5,0.0,1.85
c4f7fee5b0db50e87766f5a4d1b1b758,sorocaba,SP,auto,1,0.0,0.0,1.48
c4f7fee5b0db50e87766f5a4d1b1b758,sorocaba,SP,cool_stuff,1,0.0,0.0,1.28
c4f7fee5b0db50e87766f5a4d1b1b758,sorocaba,SP,costruction_tools_tools,2,50.0,50.0,5.32
c4f7fee5b0db50e87766f5a4d1b1b758,sorocaba,SP,telephony,1,0.0,0.0,1.85
c4fabeea6e569d42d02993bb1f4f1cbc,fortaleza,CE,baby,7,28.57,0.0,1.71
c4fabeea6e569d42d02993bb1f4f1cbc,fortaleza,CE,furniture_bedroom,4,0.0,0.0,1.12
c4fb51fb1c5b7c07bc5e67be6e7e8f6e,curitiba,PR,bed_bath_table,1,0.0,0.0,1.51
c4fb51fb1c5b7c07bc5e67be6e7e8f6e,curitiba,PR,christmas_supplies,1,0.0,0.0,1.63
c4fb51fb1c5b7c07bc5e67be6e7e8f6e,curitiba,PR,garden_tools,2,0.0,0.0,1.15
c4fb51fb1c5b7c07bc5e67be6e7e8f6e,curitiba,PR,housewares,10,30.0,0.0,1.64
c4fb51fb1c5b7c07bc5e67be6e7e8f6e,curitiba,PR,industry_commerce_and_business,1,0.0,0.0,1.33
c500367424994318b9e779ff1ae9a330,paulinia,SP,baby,6,16.67,16.67,1.71
c500367424994318b9e779ff1ae9a330,paulinia,SP,cool_stuff,2,50.0,0.0,1.28
c500367424994318b9e779ff1ae9a330,paulinia,SP,luggage_accessories,1,0.0,0.0,0.9
c510bc1718f0f2961eaa42a23330681a,indaiatuba,SP,baby,12,16.67,8.33,1.71
c522be04e020c1e7b79f3acff36513d5,santana de parnaiba,SP,auto,3,33.33,0.0,1.48
c522be04e020c1e7b79f3acff36513d5,santana de parnaiba,SP,electronics,1,0.0,0.0,1.53
c522be04e020c1e7b79f3acff36513d5,santana de parnaiba,SP,telephony,2,0.0,0.0,1.85
c52c644cc0dc85121207a27013efc6af,tiradentes,MG,furniture_decor,1,0.0,0.0,1.33
c53bcd3be457a342a97e39e5a9f0be22,neopolis,SE,bed_bath_table,3,33.33,0.0,1.51
c54679b132454625907c773d273d4126,guaruja,SP,perfumery,7,0.0,0.0,0.72
c5e60e39c0f42b8e827daa13cff74afa,sao paulo,SP,bed_bath_table,5,0.0,0.0,1.51
c5ebe6598748b0aeaa61cfb820478b92,lajeado,RS,auto,3,0.0,0.0,1.48
c5f7e746b7e6d07def6c0dae9903279b,curitiba,PR,pet_shop,9,0.0,0.0,1.67
c5f7feb04a6a1fb3596322bfc3cf1917,sao caetano do sul,SP,furniture_decor,11,18.18,9.09,1.33
c60b801f2d52c7f7f91de00870882a75,guarulhos,SP,cool_stuff,5,20.0,0.0,1.28
c60b801f2d52c7f7f91de00870882a75,guarulhos,SP,electronics,1,0.0,0.0,1.53
c60b801f2d52c7f7f91de00870882a75,guarulhos,SP,food,2,0.0,0.0,0.7
c60b801f2d52c7f7f91de00870882a75,guarulhos,SP,watches_gifts,30,33.33,6.67,2.06
c611f4ce9ce875bcc063fa97fd4d7d12,atibaia,SP,garden_tools,1,0.0,0.0,1.15
c6218512d16fcac0af02fe92691cf274,contagem,MG,bed_bath_table,2,50.0,50.0,1.51
c6218512d16fcac0af02fe92691cf274,contagem,MG,furniture_decor,5,0.0,0.0,1.33
c6381b1321d7d97717a5bb4ed5b77882,sao paulo,SP,health_beauty,1,0.0,0.0,1.2
c6381b1321d7d97717a5bb4ed5b77882,sao paulo,SP,perfumery,1,100.0,0.0,0.72
c6381d2d013342748761e906d45aff76,portao,RS,construction_tools_safety,3,0.0,0.0,2.61
c6381d2d013342748761e906d45aff76,portao,RS,housewares,12,33.33,8.33,1.64
c64a2aec32cc408a8a4c6d7c46017f91,imbe,RS,home_construction,9,11.11,0.0,1.08
c66dccfb3f109511246da627dd5a2498,registro,SP,electronics,1,0.0,0.0,1.53
c66dccfb3f109511246da627dd5a2498,registro,SP,watches_gifts,42,7.14,0.0,2.06
c679fb69a36e1d8349e8c50a217b4d58,caxias do sul,RS,costruction_tools_garden,1,0.0,0.0,1.09
c679fb69a36e1d8349e8c50a217b4d58,caxias do sul,RS,housewares,12,25.0,0.0,1.64
c68fb906c8f4b4b946d8386bfa6e5467,jaboticabal,SP,cool_stuff,3,33.33,0.0,1.28
c68fb906c8f4b4b946d8386bfa6e5467,jaboticabal,SP,health_beauty,1,0.0,0.0,1.2
c68fb906c8f4b4b946d8386bfa6e5467,jaboticabal,SP,home_appliances_2,1,0.0,0.0,4.0
c68fb906c8f4b4b946d8386bfa6e5467,jaboticabal,SP,housewares,29,3.45,3.45,1.64
c68fb906c8f4b4b946d8386bfa6e5467,jaboticabal,SP,small_appliances,3,0.0,0.0,1.5
c68fb906c8f4b4b946d8386bfa6e5467,jaboticabal,SP,sports_leisure,2,50.0,0.0,1.2
c68fb906c8f4b4b946d8386bfa6e5467,jaboticabal,SP,toys,4,0.0,0.0,1.49
c68fb906c8f4b4b946d8386bfa6e5467,jaboticabal,SP,watches_gifts,1,0.0,0.0,2.06
c6a7539d424a8402232c2228d7a03c5e,sao paulo,SP,housewares,10,40.0,0.0,1.64
c6bda72e4dbf5c5866b13cb1810c6d03,sao paulo,SP,baby,46,10.87,0.0,1.71
c6bda72e4dbf5c5866b13cb1810c6d03,sao paulo,SP,cool_stuff,8,0.0,0.0,1.28
c6bda72e4dbf5c5866b13cb1810c6d03,sao paulo,SP,luggage_accessories,1,0.0,0.0,0.9
c6bda72e4dbf5c5866b13cb1810c6d03,sao paulo,SP,toys,2,0.0,0.0,1.49
c70a353f02429c00775a46a75fb787da,sao paulo,SP,health_beauty,6,0.0,0.0,1.2
c70c1b0d8ca86052f45a432a38b73958,hortolandia,SP,health_beauty,257,8.56,2.33,1.2
c714262700f93defc16bf17a51a4cb23,sao paulo,SP,cool_stuff,3,0.0,0.0,1.28
c716e0b86ed568878475b60fbb6323ad,rio de janeiro,SP,books_general_interest,1,0.0,0.0,0.41
c7246702dc991a06d788120dc7544391,fortaleza,CE,cool_stuff,1,0.0,0.0,1.28
c72de06d72748d1a0dfb2125be43ba63,guanambi,BA,computers,1,0.0,0.0,1.73
c72de06d72748d1a0dfb2125be43ba63,guanambi,BA,computers_accessories,17,5.88,0.0,1.89
c72de06d72748d1a0dfb2125be43ba63,guanambi,BA,telephony,3,0.0,0.0,1.85
c731d18cea9bf687ffee82a241c25b11,concordia,SC,furniture_decor,1,0.0,0.0,1.33
c731d18cea9bf687ffee82a241c25b11,concordia,SC,garden_tools,1,100.0,0.0,1.15
c731d18cea9bf687ffee82a241c25b11,concordia,SC,housewares,9,11.11,0.0,1.64
c731d18cea9bf687ffee82a241c25b11,concordia,SC,la_cuisine,10,10.0,0.0,0.0
c731d18cea9bf687ffee82a241c25b11,concordia,SC,small_appliances,1,0.0,0.0,1.5
c747d5b92c7648417faea95d36d763e8,pacatuba,CE,furniture_living_room,1,0.0,0.0,1.24
c74f14c1e26cf1bd5bd34b6a1e274426,sao miguel do oeste,SC,books_general_interest,1,0.0,0.0,0.41
c76d418370990614e89e956c7a7567d9,taboao da serra,SP,sports_leisure,2,0.0,0.0,1.2
c79151301b9d90985d1fa52879213105,maringa,PR,computers_accessories,3,0.0,0.0,1.89
c794dab4928dd97beb41d05514441e86,artur nogueira,SP,health_beauty,16,6.25,0.0,1.2
c7a0a13cbcf29d5ce51c8f80afdc0b89,laurentino,SC,fashion_bags_accessories,7,14.29,0.0,1.11
c7a0a13cbcf29d5ce51c8f80afdc0b89,laurentino,SC,furniture_decor,1,0.0,0.0,1.33
c7b7db6c8f3c64a7cc1afa634db21d50,sao paulo,SP,housewares,1,100.0,0.0,1.64
c7bb64409aa480bb7d0335faaaf3d242,joinville,SC,auto,4,50.0,0.0,1.48
c7dcd301ecfe5ab7f778ac172cf74be7,belo horizonte,MG,air_conditioning,1,100.0,0.0,1.66
c7dcd301ecfe5ab7f778ac172cf74be7,belo horizonte,MG,health_beauty,2,0.0,0.0,1.2
c7fdb77fdbff3c41981bc52f787e959e,santo andre,SP,bed_bath_table,8,25.0,0.0,1.51
c8025364abeecb115431bf95c11a747f,porto alegre,RS,sports_leisure,2,0.0,0.0,1.2
c8143b3069f6746a77421b5ce30a450c,abadia de goias,GO,health_beauty,1,0.0,0.0,1.2
c826c40d7b19f62a09e2d7c5e7295ee2,guarulhos,SP,sports_leisure,1,0.0,0.0,1.2
c840d3fdbba0790404fdae73d253b253,curitiba,PR,furniture_decor,8,12.5,0.0,1.33
c840d3fdbba0790404fdae73d253b253,curitiba,PR,housewares,1,100.0,0.0,1.64
c8417879a15366a17c30af34c798c332,sao paulo,SP,bed_bath_table,1,0.0,0.0,1.51
c8417879a15366a17c30af34c798c332,sao paulo,SP,garden_tools,14,0.0,0.0,1.15
c8417879a15366a17c30af34c798c332,sao paulo,SP,housewares,7,28.57,0.0,1.64
c8417879a15366a17c30af34c798c332,sao paulo,SP,stationery,2,0.0,0.0,1.34
c84592044b180dec206770c38603814b,sao paulo,SP,auto,2,0.0,0.0,1.48
c84592044b180dec206770c38603814b,sao paulo,SP,computers_accessories,2,50.0,0.0,1.89
c84592044b180dec206770c38603814b,sao paulo,SP,consoles_games,1,0.0,0.0,1.09
c84592044b180dec206770c38603814b,sao paulo,SP,electronics,9,0.0,0.0,1.53
c8467937e403e76a8ee9f0ab13f6f5ef,pocos de caldas,MG,costruction_tools_tools,28,14.29,7.14,5.32
c847e075301870dd144a116762eaff9a,uberaba,MG,auto,8,0.0,0.0,1.48
c847e075301870dd144a116762eaff9a,uberaba,MG,cool_stuff,26,19.23,3.85,1.28
c847e075301870dd144a116762eaff9a,uberaba,MG,garden_tools,1,0.0,0.0,1.15
c847e075301870dd144a116762eaff9a,uberaba,MG,musical_instruments,5,20.0,0.0,1.83
c864036feaab8c1659f65ea4faebe1da,campo largo,PR,sports_leisure,58,5.17,1.72,1.2
c8660dcf9ba70575f45d80fe28c27713,sao paulo,SP,cool_stuff,1,0.0,0.0,1.28
c8660dcf9ba70575f45d80fe28c27713,sao paulo,SP,pet_shop,3,0.0,0.0,1.67
c8665a4dd081a2c436b1cd921079d0d9,pitangueiras,SP,health_beauty,1,0.0,0.0,1.2
c8771b1a10bb99bb34d3c459c5cffb53,tocantins,SP,toys,1,0.0,0.0,1.49
c878515173c84a492ebe50d6b493230b,itaipulandia,PR,auto,1,100.0,0.0,1.48
c878515173c84a492ebe50d6b493230b,itaipulandia,PR,fashion_bags_accessories,1,0.0,0.0,1.11
c878515173c84a492ebe50d6b493230b,itaipulandia,PR,furniture_decor,2,0.0,0.0,1.33
c878515173c84a492ebe50d6b493230b,itaipulandia,PR,sports_leisure,5,20.0,0.0,1.2
c87abc38c8ed3240861729e1aeadf221,sao paulo,SP,fashion_bags_accessories,1,100.0,0.0,1.11
c89cf7c468a48af70aada384e722f9e2,petropolis,RJ,toys,13,15.38,0.0,1.49
c8b0e2b0a7095e5d8219575d5e7e1181,itaquaquecetuba,SP,auto,82,14.63,1.22,1.48
c8b3445d737de6befde0c88ede534a5e,sao paulo,SP,baby,5,20.0,0.0,1.71
c8b3445d737de6befde0c88ede534a5e,sao paulo,SP,toys,25,4.0,0.0,1.49
c8c1bea22194a4eefa2dc9a9fa89f536,porto belo,SC,pet_shop,7,0.0,0.0,1.67
c8cc60ffd415254af5d9b9f34f32c369,sorocaba,SP,pet_shop,8,0.0,0.0,1.67
c8e135e7b21ecbc36c1153a29d2f5a06,sao paulo,SP,health_beauty,7,0.0,0.0,1.2
c963a25b8671419c6ce9eebe8fd03218,angra dos reis rj,RJ,furniture_decor,1,0.0,0.0,1.33
c97aa4ee7420f937da13b7f9e2228b99,novo hamburgo,RS,pet_shop,1,100.0,0.0,1.67
c990d6cf976a5718aaedc539f383ab88,paulinia,SP,auto,1,0.0,0.0,1.48
c990d6cf976a5718aaedc539f383ab88,paulinia,SP,computers_accessories,2,50.0,0.0,1.89
c990d6cf976a5718aaedc539f383ab88,paulinia,SP,telephony,5,20.0,0.0,1.85
c9a06ece156bb057372c68718ec8909b,brasilia,DF,cool_stuff,1,0.0,0.0,1.28
c9a06ece156bb057372c68718ec8909b,brasilia,DF,garden_tools,10,30.0,0.0,1.15
c9aafcd0621b2207c10e32c649cada4d,sao paulo,SP,health_beauty,39,7.69,2.56,1.2
c9c7905cffc4ef9ff9f113554423e671,itapecerica da serra,SP,audio,2,50.0,0.0,3.23
c9c7905cffc4ef9ff9f113554423e671,itapecerica da serra,SP,auto,24,4.17,0.0,1.48
c9c7905cffc4ef9ff9f113554423e671,itapecerica da serra,SP,computers_accessories,1,0.0,0.0,1.89
c9c7905cffc4ef9ff9f113554423e671,itapecerica da serra,SP,electronics,21,9.52,0.0,1.53
c9c7905cffc4ef9ff9f113554423e671,itapecerica da serra,SP,garden_tools,2,50.0,0.0,1.15
c9c7905cffc4ef9ff9f113554423e671,itapecerica da serra,SP,small_appliances_home_oven_and_coffee,1,0.0,0.0,2.78
c9c7905cffc4ef9ff9f113554423e671,itapecerica da serra,SP,sports_leisure,26,11.54,3.85,1.2
c9c7905cffc4ef9ff9f113554423e671,itapecerica da serra,SP,stationery,7,0.0,0.0,1.34
c9c7905cffc4ef9ff9f113554423e671,itapecerica da serra,SP,telephony,41,14.63,0.0,1.85
c9d2ba8dde44a275ae06475ed1d2fafc,uberlandia,MG,auto,1,0.0,0.0,1.48
c9e5ad1f6647f5dbd1172adf6ae3cada,porto alegre,RS,agro_industry_and_commerce,2,0.0,0.0,3.39
c9e5ad1f6647f5dbd1172adf6ae3cada,porto alegre,RS,construction_tools_construction,1,0.0,0.0,1.8
c9e5ad1f6647f5dbd1172adf6ae3cada,porto alegre,RS,small_appliances,1,0.0,0.0,1.5
ca3bd7cd9f149df75950150d010fe4a2,sao paulo,SP,furniture_decor,2,50.0,0.0,1.33
ca3bd7cd9f149df75950150d010fe4a2,sao paulo,SP,housewares,66,13.64,0.0,1.64
ca4b77513ac2040591b0d8fae6958380,sando andre,SP,health_beauty,14,7.14,0.0,1.2
ca5832c6960267b71041f74bb39e8b12,xanxere,SC,music,1,100.0,0.0,2.7
ca77545ca4d2dfd1431bf61334e2fa3c,maringa,PR,health_beauty,1,0.0,0.0,1.2
ca77545ca4d2dfd1431bf61334e2fa3c,maringa,PR,sports_leisure,5,0.0,0.0,1.2
ca7c6bd577e559472af1c699de9e764e,sao bernardo do campo,SP,health_beauty,6,16.67,0.0,1.2
caa9bc43a9fe8cf9c564ddd8a03cc4a6,jacarei,SP,toys,8,0.0,0.0,1.49
cab85505710c7cb9b720bceb52b01cee,sao paulo,SP,fashion_bags_accessories,199,6.53,0.0,1.11
cac4c8e7b1ca6252d8f20b2fc1a2e4af,indaiatuba,SP,baby,2,50.0,50.0,1.71
cac4c8e7b1ca6252d8f20b2fc1a2e4af,indaiatuba,SP,cool_stuff,1,0.0,0.0,1.28
cac4c8e7b1ca6252d8f20b2fc1a2e4af,indaiatuba,SP,furniture_decor,54,29.63,1.85,1.33
cac4c8e7b1ca6252d8f20b2fc1a2e4af,indaiatuba,SP,housewares,3,0.0,0.0,1.64
cac4c8e7b1ca6252d8f20b2fc1a2e4af,indaiatuba,SP,market_place,4,25.0,0.0,1.5
cac4c8e7b1ca6252d8f20b2fc1a2e4af,indaiatuba,SP,toys,6,0.0,0.0,1.49
cac4e0bc1a3269fa2b6ea5e763f6115b,brusque,SC,housewares,1,0.0,0.0,1.64
cac63f48c38cd7d002a7e846dcd99a23,sumare,SP,toys,9,0.0,0.0,1.49
cac876b37d3abcd6bd76caca30277996,cascavel,PR,bed_bath_table,2,0.0,0.0,1.51
cac876b37d3abcd6bd76caca30277996,cascavel,PR,furniture_living_room,2,0.0,0.0,1.24
cac876b37d3abcd6bd76caca30277996,cascavel,PR,health_beauty,3,33.33,0.0,1.2
cac876b37d3abcd6bd76caca30277996,cascavel,PR,housewares,16,0.0,0.0,1.64
cac876b37d3abcd6bd76caca30277996,cascavel,PR,toys,2,0.0,0.0,1.49
cad10cc982ab6a391570c211b995c17c,avare,SP,costruction_tools_garden,1,0.0,0.0,1.09
cad9969167c09b48ae6f1d123f7fa68d,pocos de caldas,MG,furniture_decor,1,0.0,0.0,1.33
cb0b3bcf14e0a709df412a99424a59d7,sao paulo,SP,auto,2,0.0,0.0,1.48
cb162c8eef257253782d245c08d9097c,barueri,SP,cool_stuff,1,0.0,0.0,1.28
cb32766839f443db85c82a43c4a6c19e,rio claro,SP,fashio_female_clothing,2,50.0,0.0,8.33
cb3dd9ce66268c7a3ca7241ac70ab58c,sao paulo,SP,food_drink,2,0.0,0.0,0.0
cb3dd9ce66268c7a3ca7241ac70ab58c,sao paulo,SP,sports_leisure,46,13.04,0.0,1.2
cb41bfbcbda0aea354a834ab222f9a59,sao paulo,SP,home_construction,11,36.36,0.0,1.08
cb4a705d00e100b9732d0ca34817d441,florianopolis,SC,furniture_decor,1,100.0,0.0,1.33
cb5df0dcb9e280b1780e9d589889f2c7,bady bassitt,SP,furniture_bedroom,5,60.0,20.0,1.12
cb5df0dcb9e280b1780e9d589889f2c7,bady bassitt,SP,furniture_living_room,3,0.0,0.0,1.24
cb5df0dcb9e280b1780e9d589889f2c7,bady bassitt,SP,kitchen_dining_laundry_garden_furniture,1,0.0,0.0,1.69
cb5df0dcb9e280b1780e9d589889f2c7,bady bassitt,SP,office_furniture,1,0.0,0.0,3.4
cb5ff1b9715e99589f3e0c7a6afab9e3,maringa,PR,sports_leisure,4,0.0,0.0,1.2
cb6c9f5888a7a090c75beaf615925792,vila velha,ES,construction_tools_lights,1,0.0,0.0,0.88
cb6c9f5888a7a090c75beaf615925792,vila velha,ES,costruction_tools_tools,1,0.0,0.0,5.32
cb6c9f5888a7a090c75beaf615925792,vila velha,ES,garden_tools,7,0.0,0.0,1.15
cb6c9f5888a7a090c75beaf615925792,vila velha,ES,sports_leisure,1,100.0,0.0,1.2
cb810bd318f51b3dc3c753944d61a1fa,niteroi,RJ,health_beauty,1,0.0,0.0,1.2
cb8bcce248bb1fb274ba762d8b971456,santa rita do sapucai,MG,auto,1,0.0,0.0,1.48
cb8bcce248bb1fb274ba762d8b971456,santa rita do sapucai,MG,computers_accessories,4,0.0,0.0,1.89
cb8bcce248bb1fb274ba762d8b971456,santa rita do sapucai,MG,cool_stuff,60,5.0,0.0,1.28
cbbd5ae8f53de5f5097cd8217b529e24,santana de parnaiba,SP,baby,1,0.0,0.0,1.71
cbd996ad3c1b7dc71fd0e5f5df9087e2,sao jose do rio preto,SP,food,83,7.23,0.0,0.7
cbd996ad3c1b7dc71fd0e5f5df9087e2,sao jose do rio preto,SP,health_beauty,67,16.42,1.49,1.2
cbd996ad3c1b7dc71fd0e5f5df9087e2,sao jose do rio preto,SP,sports_leisure,6,16.67,0.0,1.2
cbf09e831b0c11f6f23ffb51004db972,sbc/sp,SP,housewares,8,0.0,0.0,1.64
cbf09e831b0c11f6f23ffb51004db972,sbc/sp,SP,kitchen_dining_laundry_garden_furniture,2,0.0,0.0,1.69
cc1f04647be106ba74e62b21f358af25,sao paulo,SP,health_beauty,1,100.0,0.0,1.2
cc3d14116804f7209f3884f6367f1152,curitiba,PR,fashion_shoes,1,0.0,0.0,0.87
cc3d14116804f7209f3884f6367f1152,curitiba,PR,small_appliances,25,4.0,4.0,1.5
cc419e0650a3c5ba77189a1882b7556a,santo andre,SP,food,2,50.0,0.0,0.7
cc419e0650a3c5ba77189a1882b7556a,santo andre,SP,health_beauty,1015,13.69,1.67,1.2
cc419e0650a3c5ba77189a1882b7556a,santo andre,SP,perfumery,610,11.31,0.33,0.72
cc419e0650a3c5ba77189a1882b7556a,santo andre,SP,telephony,17,5.88,5.88,1.85
cc5a78bbad32776dc4e3af205218368c,divinopolis,MG,construction_tools_construction,1,0.0,0.0,1.8
cc5a78bbad32776dc4e3af205218368c,divinopolis,MG,housewares,26,7.69,0.0,1.64
cc5a78bbad32776dc4e3af205218368c,divinopolis,MG,pet_shop,1,0.0,0.0,1.67
cc5a78bbad32776dc4e3af205218368c,divinopolis,MG,stationery,2,50.0,50.0,1.34
cc5a78bbad32776dc4e3af205218368c,divinopolis,MG,toys,1,0.0,0.0,1.49
cc63f0dd2acba93ffed4fe9f8e0321fa,sao jose do rio preto,SP,auto,1,0.0,0.0,1.48
cc63f0dd2acba93ffed4fe9f8e0321fa,sao jose do rio preto,SP,housewares,54,9.26,5.56,1.64
cc80e2f693fa6e2408f47ccf62413fc1,curitiba,PR,auto,2,0.0,0.0,1.48
cca3071e3e9bb7d12640c9fbe2301306,ibitinga,SP,baby,2,0.0,0.0,1.71
cca3071e3e9bb7d12640c9fbe2301306,ibitinga,SP,bed_bath_table,203,18.72,1.97,1.51
cca3071e3e9bb7d12640c9fbe2301306,ibitinga,SP,fashio_female_clothing,6,0.0,0.0,8.33
cca3071e3e9bb7d12640c9fbe2301306,ibitinga,SP,fashion_male_clothing,13,15.38,0.0,3.81
cca3071e3e9bb7d12640c9fbe2301306,ibitinga,SP,furniture_decor,426,17.84,2.35,1.33
cca3071e3e9bb7d12640c9fbe2301306,ibitinga,SP,housewares,14,7.14,0.0,1.64
ccada0ef508e698917a6eab263375905,pato bragado,PR,kitchen_dining_laundry_garden_furniture,1,0.0,0.0,1.69
ccb83a794700270fde70898fe9ff368b,sombrio,SC,sports_leisure,12,8.33,8.33,1.2
ccbd753e6863fe7314dc6c0ca5a074e7,blumenau,SC,auto,1,0.0,0.0,1.48
ccc4bbb5f32a6ab2b7066a4130f114e3,curitiba,PR,health_beauty,177,10.73,0.0,1.2
ccc4bbb5f32a6ab2b7066a4130f114e3,curitiba,PR,sports_leisure,5,0.0,0.0,1.2
cce6ab8d1682639fe45ab70234f1665f,curitiba,SP,bed_bath_table,61,4.92,0.0,1.51
ccf8813e5a7d6c84d865cd38bfc2b130,taubate,SP,furniture_decor,24,8.33,0.0,1.33
ccf8813e5a7d6c84d865cd38bfc2b130,taubate,SP,housewares,1,0.0,0.0,1.64
cd06602b43d8800bd0afad514919d35c,sao paulo,SP,bed_bath_table,1,0.0,0.0,1.51
cd06602b43d8800bd0afad514919d35c,sao paulo,SP,construction_tools_construction,2,0.0,0.0,1.8
cd06602b43d8800bd0afad514919d35c,sao paulo,SP,housewares,38,26.32,2.63,1.64
cd2169d9f31ff6fbb9ca3373b0c9e354,nova friburgo,RJ,baby,1,0.0,0.0,1.71
cd233f8bfa30ebfd651f47ee7d054951,birigui,SP,sports_leisure,1,0.0,0.0,1.2
cd3d09fbe6e3e9ff0c0ac0c300e93ae7,nova odessa,SP,auto,12,16.67,0.0,1.48
cd52a8efd71af3336b14b5039b951cc1,palhoca,SP,fashion_bags_accessories,2,0.0,50.0,1.11
cd68562d3f44870c08922d380acae552,ribeirao preto,SP,baby,8,12.5,0.0,1.71
cd68562d3f44870c08922d380acae552,ribeirao preto,SP,cool_stuff,10,10.0,10.0,1.28
cd68562d3f44870c08922d380acae552,ribeirao preto,SP,electronics,17,17.65,5.88,1.53
cd68562d3f44870c08922d380acae552,ribeirao preto,SP,health_beauty,1,0.0,0.0,1.2
cd68562d3f44870c08922d380acae552,ribeirao preto,SP,perfumery,9,22.22,11.11,0.72
cd68562d3f44870c08922d380acae552,ribeirao preto,SP,signaling_and_security,10,20.0,10.0,2.92
cd68562d3f44870c08922d380acae552,ribeirao preto,SP,sports_leisure,42,19.05,0.0,1.2
cd68562d3f44870c08922d380acae552,ribeirao preto,SP,telephony,21,4.76,0.0,1.85
cd68562d3f44870c08922d380acae552,ribeirao preto,SP,toys,3,66.67,0.0,1.49
cd6efc47efaabf134f8bdb654e10b4f1,rio de janeiro,RJ,computers_accessories,2,0.0,0.0,1.89
cd6efc47efaabf134f8bdb654e10b4f1,rio de janeiro,RJ,fashion_bags_accessories,2,0.0,0.0,1.11
cd6efc47efaabf134f8bdb654e10b4f1,rio de janeiro,RJ,housewares,1,0.0,0.0,1.64
cd6efc47efaabf134f8bdb654e10b4f1,rio de janeiro,RJ,luggage_accessories,2,50.0,0.0,0.9
cd6efc47efaabf134f8bdb654e10b4f1,rio de janeiro,RJ,stationery,19,5.26,0.0,1.34
cd6efc47efaabf134f8bdb654e10b4f1,rio de janeiro,RJ,toys,4,0.0,0.0,1.49
cd843d4cf8ef32827de0396605163ba3,juiz de fora,MG,kitchen_dining_laundry_garden_furniture,5,0.0,0.0,1.69
cda598c48d7c614bc1cad7d8ff6f0010,mirassol,SP,air_conditioning,1,0.0,0.0,1.66
cda598c48d7c614bc1cad7d8ff6f0010,mirassol,SP,auto,9,11.11,0.0,1.48
cda598c48d7c614bc1cad7d8ff6f0010,mirassol,SP,health_beauty,4,0.0,0.0,1.2
cda598c48d7c614bc1cad7d8ff6f0010,mirassol,SP,sports_leisure,2,0.0,0.0,1.2
ce20a2ec1514c25e16f2b5b39bc818f0,sao paulo,SP,pet_shop,4,0.0,0.0,1.67
ce248b21cb2adc36282ede306b7660e5,jaragua do sul,SC,air_conditioning,1,0.0,0.0,1.66
ce248b21cb2adc36282ede306b7660e5,jaragua do sul,SC,cool_stuff,4,0.0,0.0,1.28
ce248b21cb2adc36282ede306b7660e5,jaragua do sul,SC,costruction_tools_garden,1,100.0,0.0,1.09
ce248b21cb2adc36282ede306b7660e5,jaragua do sul,SC,home_appliances,5,0.0,0.0,1.08
ce248b21cb2adc36282ede306b7660e5,jaragua do sul,SC,home_appliances_2,7,28.57,14.29,4.0
ce248b21cb2adc36282ede306b7660e5,jaragua do sul,SC,housewares,4,0.0,0.0,1.64
ce248b21cb2adc36282ede306b7660e5,jaragua do sul,SC,music,1,0.0,0.0,2.7
ce248b21cb2adc36282ede306b7660e5,jaragua do sul,SC,musical_instruments,41,12.2,2.44,1.83
ce27a3cc3c8cc1ea79d11e561e9bebb6,sao paulo,SP,auto,2,0.0,0.0,1.48
ce27a3cc3c8cc1ea79d11e561e9bebb6,sao paulo,SP,computers_accessories,35,11.43,0.0,1.89
ce27a3cc3c8cc1ea79d11e561e9bebb6,sao paulo,SP,consoles_games,25,16.0,8.0,1.09
ce27a3cc3c8cc1ea79d11e561e9bebb6,sao paulo,SP,cool_stuff,18,11.11,0.0,1.28
ce27a3cc3c8cc1ea79d11e561e9bebb6,sao paulo,SP,costruction_tools_garden,1,0.0,0.0,1.09
ce27a3cc3c8cc1ea79d11e561e9bebb6,sao paulo,SP,electronics,13,0.0,0.0,1.53
ce27a3cc3c8cc1ea79d11e561e9bebb6,sao paulo,SP,fixed_telephony,2,0.0,0.0,2.39
ce27a3cc3c8cc1ea79d11e561e9bebb6,sao paulo,SP,health_beauty,16,12.5,0.0,1.2
ce27a3cc3c8cc1ea79d11e561e9bebb6,sao paulo,SP,musical_instruments,1,100.0,0.0,1.83
ce27a3cc3c8cc1ea79d11e561e9bebb6,sao paulo,SP,sports_leisure,2,0.0,0.0,1.2
ce27a3cc3c8cc1ea79d11e561e9bebb6,sao paulo,SP,tablets_printing_image,2,0.0,0.0,1.33
ce33c6211beaa8fef4cae8b52db39862,suzano,SP,sports_leisure,1,0.0,0.0,1.2
ce3ad9de960102d0677a81f5d0bb7b2d,rio de janeiro,RJ,baby,1,0.0,0.0,1.71
ce4755084bc097113867e6454f8f5e52,ribeirao preto,SP,health_beauty,1,0.0,0.0,1.2
ce616e1913288884e7742faac9d981db,cotia,SP,auto,13,0.0,0.0,1.48
ce69a8021d18961dd2a40269b7c2c293,curitiba,PR,books_general_interest,2,0.0,0.0,0.41
ce69a8021d18961dd2a40269b7c2c293,curitiba,PR,cine_photo,3,0.0,0.0,1.59
ce69a8021d18961dd2a40269b7c2c293,curitiba,PR,cool_stuff,12,8.33,0.0,1.28
ce69a8021d18961dd2a40269b7c2c293,curitiba,PR,telephony,1,0.0,0.0,1.85
ce7d1888639e6fb06b2749cbfdac1ff7,baependi,MG,baby,1,0.0,0.0,1.71
ce7d1888639e6fb06b2749cbfdac1ff7,baependi,MG,furniture_bedroom,4,0.0,0.0,1.12
ce7d1888639e6fb06b2749cbfdac1ff7,baependi,MG,housewares,69,17.39,0.0,1.64
ce7d1888639e6fb06b2749cbfdac1ff7,baependi,MG,kitchen_dining_laundry_garden_furniture,3,0.0,0.0,1.69
cea729054f157f5870bdd321a958d994,sao paulo,SP,bed_bath_table,2,0.0,0.0,1.51
cea729054f157f5870bdd321a958d994,sao paulo,SP,sports_leisure,21,9.52,4.76,1.2
ceaec5548eefc6e23e6607c5435102e7,sao paulo,SP,cool_stuff,169,11.24,1.78,1.28
ceaec5548eefc6e23e6607c5435102e7,sao paulo,SP,health_beauty,1,0.0,0.0,1.2
ceaec5548eefc6e23e6607c5435102e7,sao paulo,SP,home_appliances,1,0.0,0.0,1.08
ceaec5548eefc6e23e6607c5435102e7,sao paulo,SP,home_appliances_2,9,11.11,22.22,4.0
ceaec5548eefc6e23e6607c5435102e7,sao paulo,SP,housewares,7,14.29,0.0,1.64
ceaec5548eefc6e23e6607c5435102e7,sao paulo,SP,small_appliances,2,0.0,0.0,1.5
ceaec5548eefc6e23e6607c5435102e7,sao paulo,SP,small_appliances_home_oven_and_coffee,5,20.0,0.0,2.78
cecd97bc34ed8330bd4cd15713eda670,cordilheira alta,SC,toys,1,100.0,0.0,1.49
cee48807215b30a12ca2ca10ffb5f250,guaruja,SP,auto,36,22.22,2.78,1.48
cee48807215b30a12ca2ca10ffb5f250,guaruja,SP,sports_leisure,2,0.0,0.0,1.2
cf1313c6e2c01c2f4b014f97db4bcd2b,rio de janeiro \rio de janeiro,RJ,baby,2,0.0,0.0,1.71
cf1313c6e2c01c2f4b014f97db4bcd2b,rio de janeiro \rio de janeiro,RJ,toys,3,0.0,0.0,1.49
cf2384dd2f1dddea3f838efed0945e65,serra negra,SP,furniture_decor,1,100.0,100.0,1.33
cf2384dd2f1dddea3f838efed0945e65,serra negra,SP,furniture_living_room,15,6.67,0.0,1.24
cf654707ed6a99f112c7ec3d6f314b8b,sao paulo,SP,fashion_bags_accessories,3,0.0,0.0,1.11
cf8ab1616079e2793aa29d524df01bb1,sao paulo,SP,sports_leisure,6,66.67,0.0,1.2
cfa5ab0e4d3fc212fd0b3410e7081c62,uba,MG,computers_accessories,1,0.0,0.0,1.89
cfa5ab0e4d3fc212fd0b3410e7081c62,uba,MG,fixed_telephony,1,0.0,0.0,2.39
cfa5ab0e4d3fc212fd0b3410e7081c62,uba,MG,furniture_decor,1,0.0,0.0,1.33
cfa5ab0e4d3fc212fd0b3410e7081c62,uba,MG,furniture_living_room,6,33.33,0.0,1.24
cfa5ab0e4d3fc212fd0b3410e7081c62,uba,MG,garden_tools,1,0.0,0.0,1.15
cfa5ab0e4d3fc212fd0b3410e7081c62,uba,MG,toys,4,0.0,0.0,1.49
cfb1a033743668a192316f3c6d1d2671,votorantim,SP,bed_bath_table,132,12.12,0.76,1.51
cfd7ddab722b902f7ac5b5f3ba6d723d,contagem,MG,agro_industry_and_commerce,1,100.0,0.0,3.39
cfd7ddab722b902f7ac5b5f3ba6d723d,contagem,MG,home_appliances_2,2,0.0,0.0,4.0
cfd7ddab722b902f7ac5b5f3ba6d723d,contagem,MG,housewares,6,0.0,0.0,1.64
cfd7ddab722b902f7ac5b5f3ba6d723d,contagem,MG,kitchen_dining_laundry_garden_furniture,2,0.0,0.0,1.69
cfd7ddab722b902f7ac5b5f3ba6d723d,contagem,MG,small_appliances,1,0.0,0.0,1.5
cfe94489ddd337d1e29e12f2a7205d10,sao paulo,SP,construction_tools_safety,20,5.0,0.0,2.61
d03698c2efd04a549382afa6623e27fb,ilheus,BA,computers_accessories,16,6.25,0.0,1.89
d03698c2efd04a549382afa6623e27fb,ilheus,BA,fixed_telephony,2,0.0,0.0,2.39
d05ae8f7a5bd1d2a690a44cd079e4e27,rio de janeiro,RJ,sports_leisure,74,20.27,1.35,1.2
d06d019f72a04e5497a0b64190af170c,cotia,SP,health_beauty,17,5.88,0.0,1.2
d0d70d21e2234dd7cd3cf63fe414148a,sao bento,PB,bed_bath_table,7,0.0,0.0,1.51
d101c6da914ae3d53f7bee42283f2fe2,sao paulo,SP,furniture_decor,7,57.14,14.29,1.33
d101c6da914ae3d53f7bee42283f2fe2,sao paulo,SP,garden_tools,3,0.0,0.0,1.15
d101c6da914ae3d53f7bee42283f2fe2,sao paulo,SP,industry_commerce_and_business,3,0.0,0.0,1.33
d12c926d74ceff0a90a21184466ce161,sao paulo,SP,electronics,1,0.0,0.0,1.53
d12c926d74ceff0a90a21184466ce161,sao paulo,SP,fashion_sport,2,0.0,0.0,0.0
d12c926d74ceff0a90a21184466ce161,sao paulo,SP,furniture_decor,19,5.26,0.0,1.33
d12c926d74ceff0a90a21184466ce161,sao paulo,SP,housewares,1,0.0,0.0,1.64
d12c926d74ceff0a90a21184466ce161,sao paulo,SP,market_place,9,0.0,0.0,1.5
d12c926d74ceff0a90a21184466ce161,sao paulo,SP,perfumery,10,30.0,0.0,0.72
d12c926d74ceff0a90a21184466ce161,sao paulo,SP,sports_leisure,25,0.0,0.0,1.2
d12c926d74ceff0a90a21184466ce161,sao paulo,SP,stationery,8,12.5,0.0,1.34
d13e50eaa47b4cbe9eb81465865d8cfc,santo andre,SP,food,55,3.64,0.0,0.7
d13e50eaa47b4cbe9eb81465865d8cfc,santo andre,SP,sports_leisure,11,0.0,0.0,1.2
d149de2f383552baea37a7198c2296ce,sao paulo,SP,toys,3,0.0,0.0,1.49
d1582f4043306e6b91afa6a8a884f898,sao paulo,SP,toys,9,11.11,0.0,1.49
d17f467e4bf608a510c20d82f4ba3b6b,caxias do sul,RS,agro_industry_and_commerce,6,0.0,0.0,3.39
d17f467e4bf608a510c20d82f4ba3b6b,caxias do sul,RS,home_appliances_2,1,0.0,0.0,4.0
d17f467e4bf608a510c20d82f4ba3b6b,caxias do sul,RS,housewares,4,0.0,0.0,1.64
d197aa8fbc64087f61984deef05f6227,sao jose dos campos,SP,furniture_decor,2,0.0,0.0,1.33
d197aa8fbc64087f61984deef05f6227,sao jose dos campos,SP,stationery,4,0.0,0.0,1.34
d1a5cc844736958c11b8efab9a2b4c87,curitiba,PR,furniture_decor,1,100.0,0.0,1.33
d1aa1ec0839dcab73a6161130eb1f94a,curitiba,PR,furniture_decor,1,0.0,0.0,1.33
d1b65fc7debc3361ea86b5f14c68d2e2,mogi guacu,SP,fashion_bags_accessories,1,0.0,0.0,1.11
d1b65fc7debc3361ea86b5f14c68d2e2,mogi guacu,SP,luggage_accessories,27,3.7,0.0,0.9
d1b65fc7debc3361ea86b5f14c68d2e2,mogi guacu,SP,stationery,11,0.0,0.0,1.34
d1b9d4be4b6f9ebd85f8acd6745ba612,nova lima,MG,furniture_decor,10,0.0,0.0,1.33
d1c281d3ae149232351cd8c8cc885f0d,ibitinga,SP,baby,6,16.67,16.67,1.71
d1c281d3ae149232351cd8c8cc885f0d,ibitinga,SP,bed_bath_table,195,20.0,0.51,1.51
d1c7fa84e48cfa21a0e595167c1c500e,jacutinga,RS,costruction_tools_garden,3,0.0,0.0,1.09
d1c7fa84e48cfa21a0e595167c1c500e,jacutinga,RS,garden_tools,6,16.67,16.67,1.15
d1c7fa84e48cfa21a0e595167c1c500e,jacutinga,RS,health_beauty,2,0.0,0.0,1.2
d1ef48b38baca7e831711c4a0aeb398f,apucarana,PR,costruction_tools_tools,3,0.0,0.0,5.32
d1ef48b38baca7e831711c4a0aeb398f,apucarana,PR,garden_tools,7,0.0,0.0,1.15
d1ef48b38baca7e831711c4a0aeb398f,apucarana,PR,home_appliances,5,0.0,0.0,1.08
d1ef48b38baca7e831711c4a0aeb398f,apucarana,PR,home_appliances_2,4,0.0,0.0,4.0
d1ef48b38baca7e831711c4a0aeb398f,apucarana,PR,small_appliances,7,0.0,0.0,1.5
d1ef48b38baca7e831711c4a0aeb398f,apucarana,PR,small_appliances_home_oven_and_coffee,2,0.0,0.0,2.78
d20b021d3efdf267a402c402a48ea64b,ibitinga,SP,bed_bath_table,4,0.0,0.0,1.51
d20b021d3efdf267a402c402a48ea64b,ibitinga,SP,furniture_decor,72,19.44,1.39,1.33
d20b021d3efdf267a402c402a48ea64b,ibitinga,SP,home_confort,1,0.0,0.0,2.17
d23019c84ffae2d5ef2270367b8605fc,londrina,PR,musical_instruments,39,5.13,2.56,1.83
d2374cbcbb3ca4ab1086534108cc3ab7,ibitinga,SP,auto,22,9.09,4.55,1.48
d2374cbcbb3ca4ab1086534108cc3ab7,ibitinga,SP,baby,1,100.0,0.0,1.71
d2374cbcbb3ca4ab1086534108cc3ab7,ibitinga,SP,bed_bath_table,466,18.67,0.86,1.51
d2374cbcbb3ca4ab1086534108cc3ab7,ibitinga,SP,cool_stuff,4,50.0,0.0,1.28
d2572f31e9023e9850ef986a636ff9bf,belo horizonte,MG,auto,1,0.0,0.0,1.48
d25aa0aaacb370e912f8cf6efeba38b3,massaranduba,SC,construction_tools_construction,2,0.0,0.0,1.8
d25aa0aaacb370e912f8cf6efeba38b3,massaranduba,SC,housewares,14,7.14,0.0,1.64
d263fa444c1504a75cbca5cc465f592a,americana,SP,furniture_decor,1,0.0,0.0,1.33
d26aa40b90272d4843d63be7c1462c8d,sao paulo,SP,baby,2,0.0,0.0,1.71
d297f1055de2956aedfd3b04113dce3e,nova odessa,SP,agro_industry_and_commerce,1,0.0,0.0,3.39
d29ba1220fb8634fa3a107e54497b8a4,sao carlos,SP,furniture_decor,1,0.0,0.0,1.33
d2df77822373f19934e87694d8640767,arapongas,PR,baby,1,0.0,0.0,1.71
d2df77822373f19934e87694d8640767,arapongas,PR,furniture_living_room,1,100.0,0.0,1.24
d2e753bb80b7d4faa77483ed00edc8ca,porto seguro,BA,fashion_bags_accessories,12,8.33,0.0,1.11
d2e753bb80b7d4faa77483ed00edc8ca,porto seguro,BA,pet_shop,1,0.0,0.0,1.67
d2f3e277560ed4c6361284429b00f037,atibaia,SP,pet_shop,4,0.0,0.0,1.67
d32e3909cfb714fb2a6cb092c85b9c5f,jundiai,SP,health_beauty,1,0.0,0.0,1.2
d32e3909cfb714fb2a6cb092c85b9c5f,jundiai,SP,housewares,6,33.33,0.0,1.64
d354c38a7182125a748cb10474fe963b,aperibe,RJ,sports_leisure,15,0.0,0.0,1.2
d3674f271c91f824f82d24d92011f669,brasilia,DF,health_beauty,1,0.0,0.0,1.2
d3674f271c91f824f82d24d92011f669,brasilia,DF,perfumery,19,15.79,0.0,0.72
d36b07fd3c5088e477a72d1fccfe29d4,itapetininga,SP,garden_tools,1,0.0,0.0,1.15
d379f449f2a3b271bc01c0782020f705,divinopolis,MG,furniture_decor,11,18.18,0.0,1.33
d379f449f2a3b271bc01c0782020f705,divinopolis,MG,garden_tools,6,50.0,0.0,1.15
d379f449f2a3b271bc01c0782020f705,divinopolis,MG,housewares,11,9.09,0.0,1.64
d3891911c2feae53c52fea2bd14054e5,sao paulo,SP,telephony,2,0.0,0.0,1.85
d3dcf0604eabf0224fbd5948b5e02f69,sao paulo,SP,construction_tools_construction,1,0.0,0.0,1.8
d3dcf0604eabf0224fbd5948b5e02f69,sao paulo,SP,music,1,100.0,0.0,2.7
d3dcf0604eabf0224fbd5948b5e02f69,sao paulo,SP,musical_instruments,3,33.33,0.0,1.83
d3dcf0604eabf0224fbd5948b5e02f69,sao paulo,SP,toys,4,0.0,0.0,1.49
d3e7d37c0df9aef383f3f2a15b0dddfb,sao jose dos pinhais,PR,kitchen_dining_laundry_garden_furniture,1,0.0,0.0,1.69
d3f39f05462b79a4562d35893a28f159,mococa,SP,health_beauty,16,31.25,0.0,1.2
d3f39f05462b79a4562d35893a28f159,mococa,SP,perfumery,16,31.25,0.0,0.72
d4828feed4cda2cd9d6b37899a95a71e,juzeiro do norte,CE,fashion_bags_accessories,1,100.0,0.0,1.11
d4910f1cdcfdabd48d6b316e395d4a23,santo andre,SP,pet_shop,11,0.0,9.09,1.67
d4a5e99e0dd915df64ba55a7fbd583fd,sao paulo,SP,health_beauty,1,100.0,0.0,1.2
d4d99b60c4c94cd35acd502cec65dc8d,sao paulo,SP,furniture_decor,1,0.0,0.0,1.33
d4e12e7884759a14fa0f5f896c791cae,sao paulo,SP,bed_bath_table,29,6.9,0.0,1.51
d4e4b5192cba4e0e66eb12a9d347239d,toledo,PR,telephony,11,9.09,9.09,1.85
d4f117125b59ce73c3302f88ee40c458,sao paulo,SP,health_beauty,17,0.0,0.0,1.2
d4f91e8be86b38da2ee35bc489645a9d,guaratingueta,SP,sports_leisure,1,0.0,0.0,1.2
d4ffeb15b67e81ff9af2b4252d99fb7e,atibaia,SP,luggage_accessories,5,0.0,0.0,0.9
d4ffeb15b67e81ff9af2b4252d99fb7e,atibaia,SP,perfumery,5,0.0,0.0,0.72
d50d79cb34e38265a8649c383dcffd48,sao paulo,SP,garden_tools,46,4.35,0.0,1.15
d50d79cb34e38265a8649c383dcffd48,sao paulo,SP,home_appliances_2,6,16.67,0.0,4.0
d50d79cb34e38265a8649c383dcffd48,sao paulo,SP,housewares,13,23.08,0.0,1.64
d50d79cb34e38265a8649c383dcffd48,sao paulo,SP,small_appliances,3,0.0,0.0,1.5
d51e0a403fe2e689ece6c73359d96e12,pompeia,SP,costruction_tools_garden,18,5.56,0.0,1.09
d52cbce9845184537284a23c3bc3da0e,garopaba,SC,stationery,2,0.0,0.0,1.34
d558ebe531605a1285ab2b1bc3256dfb,divinopolis,MG,musical_instruments,3,0.0,0.0,1.83
d566c37fa119d5e66c4e9052e83ee4ea,sao paulo,SP,health_beauty,9,0.0,0.0,1.2
d566c37fa119d5e66c4e9052e83ee4ea,sao paulo,SP,sports_leisure,54,3.7,1.85,1.2
d57e18d5f73c7ccb7f7339b61166898d,sao paulo,SP,fashion_bags_accessories,42,9.52,2.38,1.11
d57e18d5f73c7ccb7f7339b61166898d,sao paulo,SP,luggage_accessories,2,0.0,0.0,0.9
d57e18d5f73c7ccb7f7339b61166898d,sao paulo,SP,perfumery,16,6.25,6.25,0.72
d58d521f3789def2e7a22715e0badd93,sao paulo,SP,computers_accessories,2,0.0,0.0,1.89
d594982fd877af63ace38ea1fca27c76,sao paulo,SP,cool_stuff,6,0.0,0.0,1.28
d594982fd877af63ace38ea1fca27c76,sao paulo,SP,telephony,1,100.0,0.0,1.85
d598f929fc44e1e38678e7f47250ec04,formosa,GO,auto,1,0.0,0.0,1.48
d5b9a084373da994a6e37f732169a853,santo andre,SP,baby,6,16.67,0.0,1.71
d5ba419e26d246a0719437cf37d9b46d,sao paulo,SP,computers_accessories,32,15.62,3.12,1.89
d5c530f4884a75ae0dba9c148718d278,centro,MG,housewares,2,0.0,0.0,1.64
d624126b9206f595fb3fbb6ba03b28a8,curitiba,PR,auto,21,0.0,0.0,1.48
d624126b9206f595fb3fbb6ba03b28a8,curitiba,PR,watches_gifts,1,0.0,0.0,2.06
d63c73efd41eb002280e7ec831424edb,piracicaba,SP,health_beauty,2,0.0,0.0,1.2
d63f306de130e0391d38a792541723b8,sao paulo,SP,auto,1,0.0,0.0,1.48
d650b663c3b5f6fb392b6326366efa9a,cotia,SP,sports_leisure,3,0.0,0.0,1.2
d650b663c3b5f6fb392b6326366efa9a,cotia,SP,watches_gifts,53,5.66,1.89,2.06
d66c11a9572221d92fbb8c4897db5f9b,rio de janeiro,RJ,computers_accessories,1,0.0,0.0,1.89
d66c11a9572221d92fbb8c4897db5f9b,rio de janeiro,RJ,electronics,13,0.0,0.0,1.53
d66c11a9572221d92fbb8c4897db5f9b,rio de janeiro,RJ,home_appliances_2,2,0.0,0.0,4.0
d66c305afaec317ebee552073a674429,ribeirao das neves,MG,auto,1,0.0,0.0,1.48
d66c305afaec317ebee552073a674429,ribeirao das neves,MG,consoles_games,8,0.0,0.0,1.09
d66c305afaec317ebee552073a674429,ribeirao das neves,MG,cool_stuff,1,0.0,0.0,1.28
d66c305afaec317ebee552073a674429,ribeirao das neves,MG,electronics,1,0.0,0.0,1.53
d66c305afaec317ebee552073a674429,ribeirao das neves,MG,home_appliances,2,0.0,0.0,1.08
d66c305afaec317ebee552073a674429,ribeirao das neves,MG,home_appliances_2,3,0.0,0.0,4.0
d66c305afaec317ebee552073a674429,ribeirao das neves,MG,small_appliances,7,0.0,0.0,1.5
d673a59aac7a70d8b01e6902bf090a11,ibitinga,SP,baby,74,13.51,2.7,1.71
d673a59aac7a70d8b01e6902bf090a11,ibitinga,SP,bed_bath_table,2,0.0,0.0,1.51
d6ab728cf30867cf3f1a2e216ae2f9b7,sao paulo,SP,signaling_and_security,1,0.0,0.0,2.92
d6ab728cf30867cf3f1a2e216ae2f9b7,sao paulo,SP,sports_leisure,11,9.09,0.0,1.2
d6b1ce66b035a475f00c017792ff9769,salto,SP,construction_tools_lights,62,6.45,0.0,0.88
d6b1ce66b035a475f00c017792ff9769,salto,SP,furniture_decor,25,4.0,0.0,1.33
d6b1ce66b035a475f00c017792ff9769,salto,SP,home_construction,1,0.0,0.0,1.08
d6b664fa0667064c6d76394e7848d790,araraquara,SP,garden_tools,6,0.0,0.0,1.15
d6cd01c59123df02fc226eadbadb5f89,sao paulo,SP,electronics,1,0.0,0.0,1.53
d71d863e5ef30d94e440c11be17dcd8f,osasco,SP,air_conditioning,8,37.5,0.0,1.66
d71d863e5ef30d94e440c11be17dcd8f,osasco,SP,auto,1,0.0,0.0,1.48
d71d863e5ef30d94e440c11be17dcd8f,osasco,SP,construction_tools_safety,2,0.0,0.0,2.61
d71d863e5ef30d94e440c11be17dcd8f,osasco,SP,cool_stuff,3,0.0,0.0,1.28
d71d863e5ef30d94e440c11be17dcd8f,osasco,SP,telephony,6,83.33,0.0,1.85
d73cbd89533ce8b041a9190241453ac8,guiricema,MG,fashion_bags_accessories,3,0.0,0.0,1.11
d7485b33791774c36108f8c69602d48d,curitiba,PR,sports_leisure,9,0.0,0.0,1.2
d7827b2af99326a03b0ed9c7a24db0d3,londrina,SP,garden_tools,1,0.0,0.0,1.15
d79e8478eed9999493990b44955fb22e,rio de janeiro / rio de janeiro,RJ,computers_accessories,4,25.0,0.0,1.89
d7b2377bae6ace1b11fc69a11900ac36,sao paulo,SP,fashion_underwear_beach,3,33.33,0.0,0.86
d7d517afce974cd491b8d52bb5b5b1fc,sao paulo,SP,housewares,1,0.0,0.0,1.64
d7f1cfc638473be93baedbfd02208016,belford roxo,RJ,flowers,1,0.0,0.0,0.0
d85efbc8eff2b7adf524e2820569adc8,sao paulo,SP,stationery,1,0.0,0.0,1.34
d8b8f2cf9ff6ba0389072541cb42498c,formosa,GO,health_beauty,1,0.0,0.0,1.2
d8bf0fc082fd4a77fc2e5679b6c00133,sao paulo,SP,construction_tools_construction,1,0.0,0.0,1.8
d8c7ba53e7e38711eaef8c2849d6d2e1,floresta,PR,baby,10,0.0,0.0,1.71
d8c7ba53e7e38711eaef8c2849d6d2e1,floresta,PR,bed_bath_table,7,0.0,0.0,1.51
d8c7ba53e7e38711eaef8c2849d6d2e1,floresta,PR,sports_leisure,5,0.0,0.0,1.2
d8cf3b6a2151949f930d0252b180ec42,mandaguacu,PR,drinks,6,33.33,0.0,0.35
d8d9567d0bfb0bc7eb845a205ba42657,sao paulo,SP,baby,1,0.0,0.0,1.71
d8d9567d0bfb0bc7eb845a205ba42657,sao paulo,SP,books_general_interest,2,0.0,0.0,0.41
d8dd176509baa37f359644d082bf7f7b,sao caetano do sul,SP,cool_stuff,2,100.0,0.0,1.28
d90fe2229fee1a5da999ccd0c06c1667,sao paulo,SP,auto,3,0.0,0.0,1.48
d91fb3b7d041e83b64a00a3edfb37e4f,praia grande,SP,air_conditioning,11,27.27,0.0,1.66
d91fb3b7d041e83b64a00a3edfb37e4f,praia grande,SP,garden_tools,12,8.33,0.0,1.15
d91fb3b7d041e83b64a00a3edfb37e4f,praia grande,SP,home_appliances,487,13.14,1.44,1.08
d91fb3b7d041e83b64a00a3edfb37e4f,praia grande,SP,luggage_accessories,1,0.0,0.0,0.9
d91fb3b7d041e83b64a00a3edfb37e4f,praia grande,SP,small_appliances,3,33.33,0.0,1.5
d91fb3b7d041e83b64a00a3edfb37e4f,praia grande,SP,small_appliances_home_oven_and_coffee,6,16.67,33.33,2.78
d921b68bf747894be13a97ae52b0f386,formiga,MG,auto,1,0.0,0.0,1.48
d921b68bf747894be13a97ae52b0f386,formiga,MG,electronics,2,0.0,0.0,1.53
d921b68bf747894be13a97ae52b0f386,formiga,MG,housewares,5,0.0,0.0,1.64
d921b68bf747894be13a97ae52b0f386,formiga,MG,pet_shop,1,0.0,0.0,1.67
d921b68bf747894be13a97ae52b0f386,formiga,MG,sports_leisure,1,0.0,0.0,1.2
d921b68bf747894be13a97ae52b0f386,formiga,MG,watches_gifts,66,4.55,3.03,2.06
d93844a9c55ba7ce353388bcf849ea56,curitiba,PR,furniture_decor,12,8.33,0.0,1.33
d93919c944be9cff128f6c9cb899eacb,mombuca,SP,christmas_supplies,32,18.75,3.12,1.63
d93919c944be9cff128f6c9cb899eacb,mombuca,SP,furniture_decor,1,0.0,0.0,1.33
d93b8458c6fe139d85cfa5eadbf55bd2,sao paulo,SP,sports_leisure,1,0.0,0.0,1.2
d9442042130b7fe579d1295f9f4a248f,sao paulo,SP,auto,3,0.0,0.0,1.48
d9442042130b7fe579d1295f9f4a248f,sao paulo,SP,furniture_living_room,2,0.0,0.0,1.24
d9442042130b7fe579d1295f9f4a248f,sao paulo,SP,garden_tools,4,0.0,0.0,1.15
d9442042130b7fe579d1295f9f4a248f,sao paulo,SP,housewares,9,22.22,0.0,1.64
d94a40fd42351c259927028d163af842,baependi,MG,housewares,94,8.51,0.0,1.64
d94ba08b99bedd6a5f6c875ecc4a6fac,apucarana,PR,housewares,8,0.0,0.0,1.64
d97df38225e5abadaff1e72cb72b823c,sao caetano do sul,SP,auto,27,22.22,0.0,1.48
d98eec89afa3380e14463da2aabaea72,porto alegre,RS,baby,56,10.71,0.0,1.71
d98eec89afa3380e14463da2aabaea72,porto alegre,RS,fashion_bags_accessories,59,5.08,0.0,1.11
d98eec89afa3380e14463da2aabaea72,porto alegre,RS,fashion_childrens_clothes,3,0.0,0.0,0.0
d98eec89afa3380e14463da2aabaea72,porto alegre,RS,toys,48,6.25,0.0,1.49
d9a84e1403de8da0c3aa531d6d108ba6,sao paulo,SP,baby,14,14.29,0.0,1.71
d9a84e1403de8da0c3aa531d6d108ba6,sao paulo,SP,housewares,2,0.0,0.0,1.64
d9a84e1403de8da0c3aa531d6d108ba6,sao paulo,SP,sports_leisure,4,0.0,0.0,1.2
d9a84e1403de8da0c3aa531d6d108ba6,sao paulo,SP,toys,26,3.85,0.0,1.49
d9a84e1403de8da0c3aa531d6d108ba6,sao paulo,SP,watches_gifts,7,0.0,0.0,2.06
d9b00a97818674c7f8d8b1ef0e689679,ponta grossa,PR,health_beauty,1,0.0,0.0,1.2
d9bd94811c3338dceb4181f3dbc0c73e,sao paulo,SP,baby,21,4.76,0.0,1.71
d9bd94811c3338dceb4181f3dbc0c73e,sao paulo,SP,food,2,0.0,0.0,0.7
d9bd94811c3338dceb4181f3dbc0c73e,sao paulo,SP,health_beauty,9,11.11,0.0,1.2
d9bd94811c3338dceb4181f3dbc0c73e,sao paulo,SP,perfumery,20,0.0,0.0,0.72
d9bd94811c3338dceb4181f3dbc0c73e,sao paulo,SP,pet_shop,2,0.0,0.0,1.67
d9c349beabc06aa6ff1c6d68b5e9e22e,sao paulo,SP,construction_tools_construction,1,0.0,0.0,1.8
d9cb0052a666de5308b32f32ad5f1b1c,olimpia,SP,health_beauty,2,0.0,0.0,1.2
d9cd369bffa979d1634f8e1318bf2f1b,bady bassitt,SP,home_construction,3,0.0,0.0,1.08
d9d43faf741ceaa8da52fdbb81d9e0e3,juiz de fora,SP,books_general_interest,4,25.0,0.0,0.41
d9e7e7778b32987280a6f2cb9a39c57d,sao paulo,SP,health_beauty,11,27.27,0.0,1.2
d9e8c084b68fe958861d8f2c21202e6b,sao paulo,SP,agro_industry_and_commerce,8,0.0,0.0,3.39
d9e8c084b68fe958861d8f2c21202e6b,sao paulo,SP,computers_accessories,1,100.0,0.0,1.89
da03c298e3999e9d828591fc2179d109,sao paulo,SP,food,4,0.0,0.0,0.7
da20530872245d6cd9d2f5725613c430,igrejinha,RS,sports_leisure,2,0.0,0.0,1.2
da2782c804606d2a5d8e1760dbb3e7ec,sao paulo,SP,baby,1,100.0,0.0,1.71
da3fede3469bf49b7293ce3fc45b294d,mogi das cruzes,SP,books_general_interest,1,0.0,0.0,0.41
da6a60cc8cc724fe51be021ff8be779c,sao pedro da aldeia,RJ,books_general_interest,9,0.0,0.0,0.41
da6a60cc8cc724fe51be021ff8be779c,sao pedro da aldeia,RJ,furniture_decor,3,0.0,0.0,1.33
da7039f29f90ce5b4846ffc0fcc93beb,santo andre,SP,cine_photo,17,5.88,0.0,1.59
da8622b14eb17ae2831f4ac5b9dab84a,piracicaba,SP,bed_bath_table,1051,12.75,0.86,1.51
da8622b14eb17ae2831f4ac5b9dab84a,piracicaba,SP,cool_stuff,3,0.0,0.0,1.28
da8622b14eb17ae2831f4ac5b9dab84a,piracicaba,SP,furniture_decor,1,100.0,0.0,1.33
da8622b14eb17ae2831f4ac5b9dab84a,piracicaba,SP,health_beauty,234,5.56,0.43,1.2
dace965ca58120f92f8d742a9fa1864b,sao paulo,SP,health_beauty,8,12.5,0.0,1.2
daeb5653dd96c1b11860f72209795012,belo horizonte,MG,auto,2,0.0,0.0,1.48
daeb5653dd96c1b11860f72209795012,belo horizonte,MG,baby,2,0.0,0.0,1.71
daeb5653dd96c1b11860f72209795012,belo horizonte,MG,fashion_bags_accessories,1,0.0,0.0,1.11
daeb5653dd96c1b11860f72209795012,belo horizonte,MG,garden_tools,1,0.0,0.0,1.15
daeb5653dd96c1b11860f72209795012,belo horizonte,MG,health_beauty,4,25.0,0.0,1.2
daeb5653dd96c1b11860f72209795012,belo horizonte,MG,housewares,10,20.0,0.0,1.64
daeb5653dd96c1b11860f72209795012,belo horizonte,MG,luggage_accessories,1,0.0,0.0,0.9
daeb5653dd96c1b11860f72209795012,belo horizonte,MG,toys,17,11.76,5.88,1.49
daf565f087a52def0fd5c5825b3661bc,brusque,SC,bed_bath_table,7,28.57,0.0,1.51
db1f0f7c7e5e87f40b62226f020bb297,pinhais,PR,signaling_and_security,3,0.0,0.0,2.92
db2956745b3a8e9f3785c99f34b5d25e,sao sebastiao,SP,health_beauty,44,18.18,0.0,1.2
db4350fd57ae30082dec7acbaacc17f9,sao paulo,SP,audio,3,33.33,0.0,3.23
db4350fd57ae30082dec7acbaacc17f9,sao paulo,SP,consoles_games,2,0.0,0.0,1.09
db4350fd57ae30082dec7acbaacc17f9,sao paulo,SP,health_beauty,8,25.0,0.0,1.2
db4350fd57ae30082dec7acbaacc17f9,sao paulo,SP,sports_leisure,3,0.0,0.0,1.2
db4350fd57ae30082dec7acbaacc17f9,sao paulo,SP,telephony,115,10.43,5.22,1.85
db46ca7bce82b11f7e247539271fc390,rio de janeiro,RJ,pet_shop,16,6.25,0.0,1.67
db6a4d4b5f1f5f98820ce6ce2619e2de,sao paulo,SP,luggage_accessories,1,0.0,0.0,0.9
db7ed69a53aa9fb1c01930ba54a88bbe,jaguariuna,SP,sports_leisure,1,0.0,0.0,1.2
dbb9b48c841a0e39e21f98e1a6b2ec3e,sao paulo,SP,audio,1,0.0,0.0,3.23
dbb9b48c841a0e39e21f98e1a6b2ec3e,sao paulo,SP,bed_bath_table,1,0.0,0.0,1.51
dbb9b48c841a0e39e21f98e1a6b2ec3e,sao paulo,SP,cool_stuff,8,0.0,0.0,1.28
dbb9b48c841a0e39e21f98e1a6b2ec3e,sao paulo,SP,fashion_bags_accessories,11,0.0,0.0,1.11
dbb9b48c841a0e39e21f98e1a6b2ec3e,sao paulo,SP,fashion_childrens_clothes,2,0.0,0.0,0.0
dbb9b48c841a0e39e21f98e1a6b2ec3e,sao paulo,SP,furniture_decor,23,13.04,4.35,1.33
dbb9b48c841a0e39e21f98e1a6b2ec3e,sao paulo,SP,housewares,40,7.5,0.0,1.64
dbb9b48c841a0e39e21f98e1a6b2ec3e,sao paulo,SP,party_supplies,7,28.57,0.0,0.0
dbb9b48c841a0e39e21f98e1a6b2ec3e,sao paulo,SP,stationery,6,16.67,0.0,1.34
dbb9b48c841a0e39e21f98e1a6b2ec3e,sao paulo,SP,toys,8,37.5,0.0,1.49
dbbcfe2c8d026742134ac3e28ccde274,curitiba,PR,sports_leisure,4,25.0,0.0,1.2
dbc22125167c298ef99da25668e1011f,borda da mata,MG,fashion_bags_accessories,13,7.69,0.0,1.11
dbc22125167c298ef99da25668e1011f,borda da mata,MG,luggage_accessories,249,6.43,0.8,0.9
dbc22125167c298ef99da25668e1011f,borda da mata,MG,sports_leisure,44,9.09,0.0,1.2
dbc22125167c298ef99da25668e1011f,borda da mata,MG,stationery,80,6.25,2.5,1.34
dbc51f5e45d654ecc16cb68e6817ecea,franca,SP,health_beauty,1,0.0,0.0,1.2
dbd66278cbfe1aa1000f90a217ca4695,sao paulo,SP,construction_tools_construction,1,100.0,0.0,1.8
dbd66278cbfe1aa1000f90a217ca4695,sao paulo,SP,electronics,67,1.49,0.0,1.53
dbd66278cbfe1aa1000f90a217ca4695,sao paulo,SP,furniture_living_room,1,0.0,0.0,1.24
dbd66278cbfe1aa1000f90a217ca4695,sao paulo,SP,health_beauty,9,0.0,0.0,1.2
dbd66278cbfe1aa1000f90a217ca4695,sao paulo,SP,home_appliances,6,0.0,0.0,1.08
dbdd0ec73a4817971d962698f2fea022,fortaleza,CE,health_beauty,16,12.5,0.0,1.2
dbec9a0a7efeff029d4d9dce7dc4cc95,belo horizonte,MG,furniture_decor,3,33.33,0.0,1.33
dc120d932ddf9d4dfb6fd68beefda622,sao jose dos pinhais,PR,computers_accessories,1,100.0,0.0,1.89
dc317f341ab0e22f39acbd9dbf9b4a1f,cachoeirinha,RS,cool_stuff,52,15.38,0.0,1.28
dc317f341ab0e22f39acbd9dbf9b4a1f,cachoeirinha,RS,health_beauty,1,100.0,0.0,1.2
dc317f341ab0e22f39acbd9dbf9b4a1f,cachoeirinha,RS,small_appliances,2,0.0,0.0,1.5
dc4a0fc896dc34b0d5bfec8438291c80,ibitinga,SP,baby,1,0.0,0.0,1.71
dc4a0fc896dc34b0d5bfec8438291c80,ibitinga,SP,bed_bath_table,203,20.69,2.46,1.51
dc4a0fc896dc34b0d5bfec8438291c80,ibitinga,SP,furniture_decor,6,0.0,0.0,1.33
dc4a0fc896dc34b0d5bfec8438291c80,ibitinga,SP,housewares,8,0.0,0.0,1.64
dc50afafdfa325eadc890c7fa42a8f4e,maringa,PR,home_appliances,3,0.0,0.0,1.08
dc50afafdfa325eadc890c7fa42a8f4e,maringa,PR,small_appliances,1,0.0,0.0,1.5
dc64d75cc406bb0697be983831430e60,belo horizonte,MG,computers_accessories,4,0.0,0.0,1.89
dc7192adf8ba09569261f4a8d576afe0,itapeva,SP,health_beauty,1,100.0,0.0,1.2
dc7192adf8ba09569261f4a8d576afe0,itapeva,SP,small_appliances_home_oven_and_coffee,4,0.0,0.0,2.78
dc7192adf8ba09569261f4a8d576afe0,itapeva,SP,sports_leisure,1,0.0,0.0,1.2
dc8798cbf453b7e0f98745e396cc5616,sao paulo,SP,fashio_female_clothing,11,0.0,0.0,8.33
dc8798cbf453b7e0f98745e396cc5616,sao paulo,SP,fashion_male_clothing,20,45.0,5.0,3.81
dcb7367a92f5ffb89f1e2152ed260285,osvaldo cruz,SP,signaling_and_security,1,0.0,0.0,2.92
dcf3755cefcdc158ad0b7bdde51e871b,cachoeira do sul,RS,art,1,0.0,0.0,1.59
dcf3755cefcdc158ad0b7bdde51e871b,cachoeira do sul,RS,furniture_decor,1,0.0,0.0,1.33
dd264199fc8b687ad029de7de6d760e6,cascavel,PR,auto,1,0.0,0.0,1.48
dd2bdf855a9172734fbc3744021ae9b9,belo horizonte,MG,bed_bath_table,75,20.0,5.33,1.51
dd2bdf855a9172734fbc3744021ae9b9,belo horizonte,MG,computers_accessories,10,20.0,0.0,1.89
dd2bdf855a9172734fbc3744021ae9b9,belo horizonte,MG,costruction_tools_garden,1,0.0,0.0,1.09
dd2bdf855a9172734fbc3744021ae9b9,belo horizonte,MG,furniture_decor,3,33.33,0.0,1.33
dd2bdf855a9172734fbc3744021ae9b9,belo horizonte,MG,housewares,8,0.0,0.0,1.64
dd2bdf855a9172734fbc3744021ae9b9,belo horizonte,MG,industry_commerce_and_business,1,0.0,0.0,1.33
dd2bdf855a9172734fbc3744021ae9b9,belo horizonte,MG,small_appliances,1,0.0,0.0,1.5
dd2bdf855a9172734fbc3744021ae9b9,belo horizonte,MG,sports_leisure,2,0.0,0.0,1.2
dd39ad39b5d3df33037e141c72497ba6,sao paulo,SP,fashio_female_clothing,1,0.0,0.0,8.33
dd39ad39b5d3df33037e141c72497ba6,sao paulo,SP,toys,1,0.0,0.0,1.49
dd4d95ba2d15c071e6c695e2ef6ce169,cachoeiro de itapemirim,ES,stationery,4,0.0,25.0,1.34
dd533b429f380718b70ad9922c294bae,barretos,SP,cool_stuff,6,16.67,0.0,1.28
dd533b429f380718b70ad9922c294bae,barretos,SP,toys,31,12.9,3.23,1.49
dd5450b022b2d00a2145a66331e1aef6,joinville,SC,housewares,1,0.0,0.0,1.64
dd55f1bb788714a40e7954c3be6df745,sao paulo,SP,computers_accessories,1,0.0,0.0,1.89
dd55f1bb788714a40e7954c3be6df745,sao paulo,SP,construction_tools_lights,1,0.0,0.0,0.88
dd55f1bb788714a40e7954c3be6df745,sao paulo,SP,cool_stuff,19,26.32,0.0,1.28
dd55f1bb788714a40e7954c3be6df745,sao paulo,SP,electronics,5,20.0,0.0,1.53
dd55f1bb788714a40e7954c3be6df745,sao paulo,SP,fixed_telephony,2,0.0,0.0,2.39
dd55f1bb788714a40e7954c3be6df745,sao paulo,SP,home_construction,1,100.0,0.0,1.08
dd55f1bb788714a40e7954c3be6df745,sao paulo,SP,telephony,6,0.0,0.0,1.85
dd58ee93286b0821565574c570e9e1dc,curitiba,PR,health_beauty,2,0.0,0.0,1.2
dd7ddc04e1b6c2c614352b383efe2d36,sao paulo,SP,pet_shop,100,18.0,1.0,1.67
dd88d13bea9e4c2bf47daf224f8141e5,lajeado,RS,furniture_decor,1,0.0,0.0,1.33
dd8a29ce82d5c705ba932d81494600a5,sao paulo,SP,market_place,2,0.0,0.0,1.5
dd9661d3cda1e6feb237f0c4d8b26f2e,campos novos,SC,housewares,1,0.0,0.0,1.64
dda37071807e404c5bb2a1590c66326f,sao paulo,SP,luggage_accessories,1,0.0,0.0,0.9
ddd51ae8cda92f3995a51fc0f0f3eec7,rio de janeiro,RJ,housewares,8,0.0,0.0,1.64
dde698c6d0bd24834c586e5111c2bba7,petropolis,RJ,fashion_bags_accessories,1,0.0,0.0,1.11
de09d00cfc265b8804c7df34075a68fa,sao paulo,SP,fashion_bags_accessories,3,33.33,33.33,1.11
de0c78824586e9a5f5f04fd84e25df39,vargem grande paulista,SP,pet_shop,13,0.0,0.0,1.67
de23c3b98a88888289c6f5cc1209054a,sao paulo,SP,auto,1,100.0,0.0,1.48
de23c3b98a88888289c6f5cc1209054a,sao paulo,SP,baby,1,100.0,0.0,1.71
de23c3b98a88888289c6f5cc1209054a,sao paulo,SP,housewares,2,0.0,0.0,1.64
de23c3b98a88888289c6f5cc1209054a,sao paulo,SP,perfumery,6,16.67,0.0,0.72
de23c3b98a88888289c6f5cc1209054a,sao paulo,SP,stationery,64,10.94,3.12,1.34
de23c3b98a88888289c6f5cc1209054a,sao paulo,SP,toys,84,7.14,0.0,1.49
de66a66f2dd06bb9ec37aa96987466a3,rio de janeiro,RJ,furniture_decor,5,0.0,0.0,1.33
de66a66f2dd06bb9ec37aa96987466a3,rio de janeiro,RJ,health_beauty,2,50.0,0.0,1.2
de722cd6dad950a92b7d4f82673f8833,recife,PE,computers_accessories,321,9.03,0.31,1.89
de722cd6dad950a92b7d4f82673f8833,recife,PE,cool_stuff,15,13.33,0.0,1.28
de9727ca376d1be6ec121b110aa7954c,sarandi,PR,computers_accessories,9,33.33,0.0,1.89
debe6615cd90cc0c2eac2b8988e1f628,sao paulo,SP,electronics,3,0.0,0.0,1.53
debe6615cd90cc0c2eac2b8988e1f628,sao paulo,SP,market_place,2,0.0,0.0,1.5
dedcab67899479e4ea5dcc4eba47f587,jaragua do sul,SC,auto,2,0.0,0.0,1.48
dee656f0f566ed1aa85bd137c943f08f,cruzeiro,SP,auto,10,30.0,0.0,1.48
dee656f0f566ed1aa85bd137c943f08f,cruzeiro,SP,construction_tools_construction,1,0.0,0.0,1.8
dee656f0f566ed1aa85bd137c943f08f,cruzeiro,SP,construction_tools_lights,5,0.0,0.0,0.88
dee656f0f566ed1aa85bd137c943f08f,cruzeiro,SP,costruction_tools_tools,1,0.0,0.0,5.32
dee656f0f566ed1aa85bd137c943f08f,cruzeiro,SP,garden_tools,4,25.0,0.0,1.15
dee656f0f566ed1aa85bd137c943f08f,cruzeiro,SP,home_appliances_2,3,0.0,0.0,4.0
dee656f0f566ed1aa85bd137c943f08f,cruzeiro,SP,housewares,8,0.0,0.0,1.64
dee656f0f566ed1aa85bd137c943f08f,cruzeiro,SP,perfumery,6,16.67,0.0,0.72
dee656f0f566ed1aa85bd137c943f08f,cruzeiro,SP,sports_leisure,31,3.23,0.0,1.2
dee656f0f566ed1aa85bd137c943f08f,cruzeiro,SP,telephony,1,0.0,0.0,1.85
dee656f0f566ed1aa85bd137c943f08f,cruzeiro,SP,toys,10,0.0,0.0,1.49
dee656f0f566ed1aa85bd137c943f08f,cruzeiro,SP,watches_gifts,10,0.0,0.0,2.06
df0f42bc4c2142eacf0eaf2cffd0cfbb,itajai,SC,health_beauty,13,7.69,0.0,1.2
df47da4ae86fa4db890d05aaf24e21d8,sao paulo,SP,furniture_decor,1,0.0,0.0,1.33
df47da4ae86fa4db890d05aaf24e21d8,sao paulo,SP,housewares,4,25.0,25.0,1.64
df560393f3a51e74553ab94004ba5c87,loanda,PR,furniture_decor,8,0.0,0.0,1.33
df560393f3a51e74553ab94004ba5c87,loanda,PR,garden_tools,18,11.11,0.0,1.15
df56d7b40d437f88407c5f78b63bc328,cascavel,PR,sports_leisure,22,13.64,0.0,1.2
df683dfda87bf71ac3fc63063fba369d,farroupilha,RS,furniture_decor,1,100.0,0.0,1.33
df91910b6a03bb2e3358fa6a35e32f6f,sao paulo,SP,housewares,13,0.0,0.0,1.64
dfa0c4c6229ab200a4a1336b4d7128ff,florianopolis,SC,auto,9,33.33,11.11,1.48
dfa0c4c6229ab200a4a1336b4d7128ff,florianopolis,SC,baby,1,0.0,0.0,1.71
dfa0c4c6229ab200a4a1336b4d7128ff,florianopolis,SC,christmas_supplies,4,25.0,0.0,1.63
dfa0c4c6229ab200a4a1336b4d7128ff,florianopolis,SC,furniture_decor,1,0.0,0.0,1.33
dfa0c4c6229ab200a4a1336b4d7128ff,florianopolis,SC,health_beauty,4,25.0,0.0,1.2
dfa0c4c6229ab200a4a1336b4d7128ff,florianopolis,SC,housewares,36,11.11,0.0,1.64
dfa0c4c6229ab200a4a1336b4d7128ff,florianopolis,SC,luggage_accessories,9,11.11,0.0,0.9
dfa0c4c6229ab200a4a1336b4d7128ff,florianopolis,SC,pet_shop,2,0.0,0.0,1.67
dfa0c4c6229ab200a4a1336b4d7128ff,florianopolis,SC,sports_leisure,1,0.0,0.0,1.2
dfa0c4c6229ab200a4a1336b4d7128ff,florianopolis,SC,stationery,3,33.33,0.0,1.34
dfa0c4c6229ab200a4a1336b4d7128ff,florianopolis,SC,toys,5,20.0,0.0,1.49
dfc475d54e1b6dbeeb7d7d9bdaa63827,curitiba,PR,garden_tools,1,0.0,0.0,1.15
dfc475d54e1b6dbeeb7d7d9bdaa63827,curitiba,PR,housewares,16,6.25,0.0,1.64
dfc5fb7259bb2b599ca565e6e9448f0f,sao bernardo do campo,SP,furniture_decor,3,0.0,0.0,1.33
dfc5fb7259bb2b599ca565e6e9448f0f,sao bernardo do campo,SP,garden_tools,29,6.9,3.45,1.15
e00d85ce20ea50c1224c66ca5050527d,osasco,SP,audio,1,0.0,0.0,3.23
e0482f2c769468c3bbcd8a01e09d98c5,sao paulo,SP,construction_tools_safety,1,0.0,0.0,2.61
e0487761face83d64fcada2408959a36,sao paulo,SP,food,1,0.0,0.0,0.7
e0487761face83d64fcada2408959a36,sao paulo,SP,telephony,1,0.0,0.0,1.85
e067ad2c1c0b48758eb1b5228bcf7a68,santos,SP,pet_shop,54,11.11,0.0,1.67
e06f09ec0a4aca210779cf1cfc63cf19,sao paulo,SP,bed_bath_table,1,0.0,0.0,1.51
e06f09ec0a4aca210779cf1cfc63cf19,sao paulo,SP,computers_accessories,1,0.0,0.0,1.89
e06f09ec0a4aca210779cf1cfc63cf19,sao paulo,SP,consoles_games,3,0.0,0.0,1.09
e06f09ec0a4aca210779cf1cfc63cf19,sao paulo,SP,cool_stuff,4,25.0,0.0,1.28
e06f09ec0a4aca210779cf1cfc63cf19,sao paulo,SP,furniture_decor,1,0.0,0.0,1.33
e06f09ec0a4aca210779cf1cfc63cf19,sao paulo,SP,housewares,6,50.0,0.0,1.64
e06f09ec0a4aca210779cf1cfc63cf19,sao paulo,SP,luggage_accessories,1,0.0,0.0,0.9
e06f09ec0a4aca210779cf1cfc63cf19,sao paulo,SP,perfumery,4,0.0,0.0,0.72
e06f09ec0a4aca210779cf1cfc63cf19,sao paulo,SP,sports_leisure,1,0.0,0.0,1.2
e06f09ec0a4aca210779cf1cfc63cf19,sao paulo,SP,stationery,3,33.33,0.0,1.34
e06f09ec0a4aca210779cf1cfc63cf19,sao paulo,SP,toys,4,0.0,0.0,1.49
e0878efa0e0b7e5313ac0b43bc04c081,curitiba,PR,stationery,10,10.0,10.0,1.34
e0878efa0e0b7e5313ac0b43bc04c081,curitiba,PR,toys,16,37.5,12.5,1.49
e09887ca8c7bf8a4621ce481820414ef,sao paulo,SP,furniture_decor,2,50.0,0.0,1.33
e0a366315b1b726b6c7832d664c0f530,sao paulo,SP,construction_tools_construction,35,8.57,2.86,1.8
e0a366315b1b726b6c7832d664c0f530,sao paulo,SP,furniture_decor,4,25.0,0.0,1.33
e0a366315b1b726b6c7832d664c0f530,sao paulo,SP,home_construction,1,0.0,0.0,1.08
e0a366315b1b726b6c7832d664c0f530,sao paulo,SP,perfumery,2,50.0,0.0,0.72
e0a3c37054ade6478d923a6efc10f308,camboriu,SC,baby,2,0.0,0.0,1.71
e0b162a693bc7f9eab00f783a31d60ea,pelotas,RS,health_beauty,1,0.0,0.0,1.2
e0eabded302882513ced4ea3eb0c7059,campinas,SP,computers_accessories,1,0.0,0.0,1.89
e0eabded302882513ced4ea3eb0c7059,campinas,SP,consoles_games,7,0.0,0.0,1.09
e1643dff33666ca629e3644c02738179,sao paulo,SP,housewares,1,0.0,0.0,1.64
e1b12447a7563944843191754aeb5562,guarulhos,SP,industry_commerce_and_business,1,0.0,0.0,1.33
e1b12447a7563944843191754aeb5562,guarulhos,SP,signaling_and_security,1,0.0,0.0,2.92
e1b12447a7563944843191754aeb5562,guarulhos,SP,sports_leisure,4,0.0,0.0,1.2
e1b12447a7563944843191754aeb5562,guarulhos,SP,telephony,3,33.33,0.0,1.85
e1bed63d68ac36fe1f3061befe196af5,mogi guacu,SP,cool_stuff,1,0.0,0.0,1.28
e1c76f339ebd5460999f25a2aa8c92c5,sao paulo,SP,small_appliances,1,0.0,0.0,1.5
e1dc0754bada9ee4cfe9713f22f61292,duque de caxias,RJ,baby,8,25.0,12.5,1.71
e1dc0754bada9ee4cfe9713f22f61292,duque de caxias,RJ,cool_stuff,1,0.0,0.0,1.28
e1dc0754bada9ee4cfe9713f22f61292,duque de caxias,RJ,fashion_bags_accessories,2,50.0,0.0,1.11
e1dc0754bada9ee4cfe9713f22f61292,duque de caxias,RJ,toys,1,0.0,0.0,1.49
e21a1e8be4715b0fcfd5385643bc49c4,jaguaruna,SC,auto,8,12.5,0.0,1.48
e21a1e8be4715b0fcfd5385643bc49c4,jaguaruna,SC,bed_bath_table,5,20.0,0.0,1.51
e21a1e8be4715b0fcfd5385643bc49c4,jaguaruna,SC,computers_accessories,4,25.0,0.0,1.89
e24d3429d294b2eb200b064ebb035879,sao paulo,SP,health_beauty,19,10.53,0.0,1.2
e24fc9fcd865784fb25705606fe3dfe7,braganca paulista,SP,cool_stuff,1,0.0,0.0,1.28
e24fc9fcd865784fb25705606fe3dfe7,braganca paulista,SP,health_beauty,38,13.16,2.63,1.2
e24fc9fcd865784fb25705606fe3dfe7,braganca paulista,SP,pet_shop,12,8.33,0.0,1.67
e250d617a0ad591ba9bd663e584a895d,guarulhos,SP,furniture_decor,7,28.57,0.0,1.33
e256a62e0ac58c0edfba09966142d561,curitiba,PR,construction_tools_construction,1,0.0,0.0,1.8
e256a62e0ac58c0edfba09966142d561,curitiba,PR,housewares,11,9.09,0.0,1.64
e26901d5ab434ce92fd9b5c256820a4e,maua,SP,audio,3,0.0,0.0,3.23
e26901d5ab434ce92fd9b5c256820a4e,maua,SP,baby,44,2.27,2.27,1.71
e26901d5ab434ce92fd9b5c256820a4e,maua,SP,cool_stuff,13,7.69,0.0,1.28
e26901d5ab434ce92fd9b5c256820a4e,maua,SP,garden_tools,68,16.18,4.41,1.15
e26901d5ab434ce92fd9b5c256820a4e,maua,SP,health_beauty,7,0.0,0.0,1.2
e26901d5ab434ce92fd9b5c256820a4e,maua,SP,housewares,48,10.42,2.08,1.64
e2a1ac9bf33e5549a2a4f834e70df2f8,sao paulo,SP,computers_accessories,5,0.0,0.0,1.89
e2aee0892199b1d92530e371abd825bf,rolandia,PR,computers_accessories,7,28.57,0.0,1.89
e2aee0892199b1d92530e371abd825bf,rolandia,PR,fixed_telephony,1,100.0,0.0,2.39
e2aee0892199b1d92530e371abd825bf,rolandia,PR,furniture_living_room,2,0.0,0.0,1.24
e2aee0892199b1d92530e371abd825bf,rolandia,PR,sports_leisure,24,16.67,0.0,1.2
e2c92f9c1c7746d899d18f2e158bbff7,sao jose do rio preto,SP,auto,12,0.0,0.0,1.48
e333046ce6517bd8bb510291d44f0130,ipaussu,SP,audio,1,0.0,0.0,3.23
e333046ce6517bd8bb510291d44f0130,ipaussu,SP,cool_stuff,5,0.0,0.0,1.28
e333046ce6517bd8bb510291d44f0130,ipaussu,SP,health_beauty,5,0.0,0.0,1.2
e333046ce6517bd8bb510291d44f0130,ipaussu,SP,housewares,47,10.64,2.13,1.64
e333046ce6517bd8bb510291d44f0130,ipaussu,SP,perfumery,7,14.29,0.0,0.72
e333046ce6517bd8bb510291d44f0130,ipaussu,SP,small_appliances,2,0.0,0.0,1.5
e38db885400cd35c71dfd162f2c1dbcf,brasilia,DF,bed_bath_table,30,6.67,0.0,1.51
e3a386fc36e22064434e1fa256f6a9fa,engenheiro coelho,SP,health_beauty,16,12.5,0.0,1.2
e3b4998c7a498169dc7bce44e6bb6277,sao paulo,SP,housewares,1,0.0,0.0,1.64
e3d3b3efac954a60d61be70b7e05b49b,sao paulo,SP,home_construction,3,0.0,0.0,1.08
e3dd723429d1b23614b7fa85e2c7a853,sao bernardo do campo,SP,diapers_and_hygiene,2,0.0,0.0,0.0
e3dd723429d1b23614b7fa85e2c7a853,sao bernardo do campo,SP,health_beauty,5,20.0,0.0,1.2
e3e290b38963293022cdcd6db8328103,sao paulo,SP,sports_leisure,2,50.0,0.0,1.2
e433f5fd4050e3352b5d83522b7fe24b,arapongas,PR,home_construction,1,0.0,0.0,1.08
e439f7176d763f92de325271111b2fd5,joinville,SC,electronics,6,0.0,0.0,1.53
e45edf75f568ed2f93f78d060e246e25,rio de janeiro,RJ,housewares,6,0.0,0.0,1.64
e48b04bf1aa1ef711caebeb7aede6180,curitiba,PR,baby,10,0.0,0.0,1.71
e48b04bf1aa1ef711caebeb7aede6180,curitiba,PR,toys,11,9.09,9.09,1.49
e48cc16ab70bfa09e1401740dce0b3d7,aracatuba,SP,computers_accessories,13,23.08,0.0,1.89
e49c26c3edfa46d227d5121a6b6e4d37,brejao,PE,audio,1,0.0,0.0,3.23
e49c26c3edfa46d227d5121a6b6e4d37,brejao,PE,computers_accessories,14,7.14,0.0,1.89
e49c26c3edfa46d227d5121a6b6e4d37,brejao,PE,consoles_games,15,6.67,0.0,1.09
e49c26c3edfa46d227d5121a6b6e4d37,brejao,PE,home_confort,1,0.0,0.0,2.17
e49c26c3edfa46d227d5121a6b6e4d37,brejao,PE,telephony,1,0.0,0.0,1.85
e49c26c3edfa46d227d5121a6b6e4d37,brejao,PE,toys,2,0.0,0.0,1.49
e4ebd3f87bf70440014f07ddda7fbe03,presidente epitacio,SP,bed_bath_table,2,0.0,0.0,1.51
e4ebd3f87bf70440014f07ddda7fbe03,presidente epitacio,SP,health_beauty,4,0.0,0.0,1.2
e4f121bf6ef8b9a1d4d3e65dd0473fab,sao jose do rio preto,SP,party_supplies,1,0.0,0.0,0.0
e4f121bf6ef8b9a1d4d3e65dd0473fab,sao jose do rio preto,SP,sports_leisure,1,100.0,0.0,1.2
e4fc40017a6d22c46a14ac2e17f87c3e,arapongas,PR,furniture_bedroom,1,0.0,0.0,1.12
e503f22be6a4f456d9851920a5d9c670,sao paulo,SP,drinks,2,0.0,0.0,0.35
e504a4e2efaa45cbff7e268a2c58c956,sao pedro,SP,housewares,9,22.22,0.0,1.64
e51f22821f0c12a16ad5c020cdcd55e9,carapicuiba,SP,computers_accessories,4,0.0,0.0,1.89
e53d5b9b29d1218281f4a907ada18626,toledo,PR,toys,3,0.0,0.0,1.49
e546117ed9cafbc40239c0c78635c584,sao paulo,SP,perfumery,2,0.0,0.0,0.72
e5475dcab1e07b63d7f6e902d8f5eda8,diadema,SP,fashion_bags_accessories,9,22.22,0.0,1.11
e5475dcab1e07b63d7f6e902d8f5eda8,diadema,SP,sports_leisure,10,10.0,0.0,1.2
e5545d4d4473876ea78c5bcebca365c3,marilia,SP,toys,1,0.0,0.0,1.49
e560e4022d8f7aebf155db95946c5c0f,belo horizonte,MG,cool_stuff,2,0.0,0.0,1.28
e5899683388855d3dabe8913bbe365de,sao carlos,SP,furniture_decor,3,0.0,0.0,1.33
e58a5b390e28abc0b216cfb0e07d27d7,rio de janeiro,RJ,luggage_accessories,2,0.0,0.0,0.9
e58a5b390e28abc0b216cfb0e07d27d7,rio de janeiro,RJ,sports_leisure,5,0.0,0.0,1.2
e595809a6c31ec4314fd06ef198c244d,navegantes,SC,telephony,1,0.0,0.0,1.85
e59aa562b9f8076dd550fcddf0e73491,curitiba,PR,agro_industry_and_commerce,69,10.14,2.9,3.39
e59e489e2ea74bd409b798b5daf49de3,maringa,PR,furniture_decor,2,50.0,0.0,1.33
e59e575a175fadcadf8479e191770425,nova iguacu,RJ,air_conditioning,1,0.0,0.0,1.66
e5a3438891c0bfdb9394643f95273d8e,limeira,SP,fashion_bags_accessories,137,19.71,0.0,1.11
e5a38146df062edaf55c38afa99e42dc,sao paulo,SP,auto,1,0.0,0.0,1.48
e5a38146df062edaf55c38afa99e42dc,sao paulo,SP,bed_bath_table,1,0.0,0.0,1.51
e5a38146df062edaf55c38afa99e42dc,sao paulo,SP,cool_stuff,1,0.0,0.0,1.28
e5a38146df062edaf55c38afa99e42dc,sao paulo,SP,furniture_decor,22,22.73,0.0,1.33
e5a38146df062edaf55c38afa99e42dc,sao paulo,SP,garden_tools,8,25.0,12.5,1.15
e5a38146df062edaf55c38afa99e42dc,sao paulo,SP,health_beauty,39,23.08,5.13,1.2
e5a38146df062edaf55c38afa99e42dc,sao paulo,SP,housewares,43,4.65,4.65,1.64
e5a38146df062edaf55c38afa99e42dc,sao paulo,SP,pet_shop,2,50.0,0.0,1.67
e5a38146df062edaf55c38afa99e42dc,sao paulo,SP,small_appliances,1,0.0,0.0,1.5
e5c84227854980f1db19a58958c551d9,fazenda rio grande,PR,bed_bath_table,1,0.0,0.0,1.51
e5c84227854980f1db19a58958c551d9,fazenda rio grande,PR,housewares,3,0.0,0.0,1.64
e5cbe890e679490127e9a390b46bbd20,sao paulo,SP,health_beauty,2,0.0,0.0,1.2
e5d4b2b0c3bca22085f7a19a28de0c42,joinville,SC,baby,1,0.0,0.0,1.71
e5d4b2b0c3bca22085f7a19a28de0c42,joinville,SC,housewares,2,0.0,0.0,1.64
e5def42655b7490edac5a56fe8e9e603,amparo,SP,watches_gifts,1,0.0,0.0,2.06
e5e33c0d8e7e002f398f5dc4cbbb338f,bauru,SP,auto,26,3.85,0.0,1.48
e5f9e61ceb5f523cc966e0f34095032f,brusque,SC,computers_accessories,2,50.0,0.0,1.89
e5f9e61ceb5f523cc966e0f34095032f,brusque,SC,cool_stuff,2,0.0,0.0,1.28
e601b04acf48b4576e73ddca9481f0dc,sao paulo,SP,auto,2,0.0,0.0,1.48
e601b04acf48b4576e73ddca9481f0dc,sao paulo,SP,electronics,1,100.0,0.0,1.53
e601b04acf48b4576e73ddca9481f0dc,sao paulo,SP,garden_tools,4,0.0,0.0,1.15
e601b04acf48b4576e73ddca9481f0dc,sao paulo,SP,health_beauty,4,25.0,0.0,1.2
e601b04acf48b4576e73ddca9481f0dc,sao paulo,SP,office_furniture,1,0.0,0.0,3.4
e601b04acf48b4576e73ddca9481f0dc,sao paulo,SP,sports_leisure,1,0.0,0.0,1.2
e601b04acf48b4576e73ddca9481f0dc,sao paulo,SP,stationery,1,0.0,0.0,1.34
e627629ba868740e287800f1a9be81c2,sao paulo,SP,food_drink,7,0.0,0.0,0.0
e627629ba868740e287800f1a9be81c2,sao paulo,SP,sports_leisure,1,0.0,0.0,1.2
e62b2d6ac10570a035a30bafcf01d263,sao paulo,SP,audio,2,0.0,0.0,3.23
e62b2d6ac10570a035a30bafcf01d263,sao paulo,SP,computers_accessories,7,0.0,14.29,1.89
e62b2d6ac10570a035a30bafcf01d263,sao paulo,SP,cool_stuff,2,0.0,0.0,1.28
e62b2d6ac10570a035a30bafcf01d263,sao paulo,SP,fixed_telephony,1,100.0,0.0,2.39
e62b2d6ac10570a035a30bafcf01d263,sao paulo,SP,flowers,7,14.29,0.0,0.0
e62b2d6ac10570a035a30bafcf01d263,sao paulo,SP,furniture_decor,8,25.0,0.0,1.33
e62b2d6ac10570a035a30bafcf01d263,sao paulo,SP,home_construction,1,0.0,0.0,1.08
e62b2d6ac10570a035a30bafcf01d263,sao paulo,SP,housewares,1,0.0,0.0,1.64
e62b2d6ac10570a035a30bafcf01d263,sao paulo,SP,sports_leisure,2,0.0,0.0,1.2
e62b2d6ac10570a035a30bafcf01d263,sao paulo,SP,tablets_printing_image,19,15.79,0.0,1.33
e62b2d6ac10570a035a30bafcf01d263,sao paulo,SP,telephony,9,22.22,11.11,1.85
e63e8bfa530fb16910dd6956e592bb81,guarulhos,SP,furniture_decor,3,0.0,0.0,1.33
e63e8bfa530fb16910dd6956e592bb81,guarulhos,SP,housewares,37,10.81,0.0,1.64
e644cbadf7eeb30d0d29f335ce7d52ec,sao paulo,SP,consoles_games,3,0.0,0.0,1.09
e644cbadf7eeb30d0d29f335ce7d52ec,sao paulo,SP,sports_leisure,3,0.0,0.0,1.2
e644cbadf7eeb30d0d29f335ce7d52ec,sao paulo,SP,telephony,1,0.0,0.0,1.85
e64882b4ef12aee8d0faca4db5b681f4,goiania,GO,construction_tools_safety,1,0.0,0.0,2.61
e64d65bc8dbec2accda90c58de5d1246,rio claro,SP,health_beauty,12,41.67,0.0,1.2
e64ddbe1cbcf4f2fc3092b7c481f3f9d,sao paulo,SP,health_beauty,1,0.0,0.0,1.2
e6a69c4a27dfdd98ffe5aa757ad744bc,sao paulo,SP,furniture_decor,2,0.0,0.0,1.33
e6a69c4a27dfdd98ffe5aa757ad744bc,sao paulo,SP,health_beauty,5,0.0,0.0,1.2
e6a69c4a27dfdd98ffe5aa757ad744bc,sao paulo,SP,housewares,9,11.11,0.0,1.64
e6a69c4a27dfdd98ffe5aa757ad744bc,sao paulo,SP,small_appliances,4,0.0,0.0,1.5
e70053bf73d1b5863932e53a9fa47496,sao paulo,SP,auto,2,0.0,0.0,1.48
e70053bf73d1b5863932e53a9fa47496,sao paulo,SP,telephony,5,0.0,0.0,1.85
e72b4feb7abe210c52aa667abc25a3a2,sao paulo,SP,bed_bath_table,1,0.0,0.0,1.51
e732329483fd5f27367dd997b47f598a,blumenau,SC,fashion_bags_accessories,1,0.0,0.0,1.11
e73bf2cea7fe4b0b4d287a7568ed1099,chapeco,SC,construction_tools_construction,2,0.0,0.0,1.8
e73bf2cea7fe4b0b4d287a7568ed1099,chapeco,SC,housewares,1,0.0,0.0,1.64
e76ecc7e9a1a1e3c6df9d2a8261c423d,belo horizonte,MG,books_general_interest,1,0.0,0.0,0.41
e7d5b006eb624f13074497221eb37807,santo andre,SP,computers_accessories,17,17.65,0.0,1.89
e7d5b006eb624f13074497221eb37807,santo andre,SP,telephony,11,27.27,9.09,1.85
e7df4cd29ab5abab70fb0783ddb53987,sao paulo,SP,fashion_sport,11,0.0,0.0,0.0
e7df4cd29ab5abab70fb0783ddb53987,sao paulo,SP,sports_leisure,10,10.0,10.0,1.2
e7df4cd29ab5abab70fb0783ddb53987,sao paulo,SP,watches_gifts,1,100.0,0.0,2.06
e7f3bf1ecd8526eb7f3b18059e6716e5,ubatuba,SP,arts_and_craftmanship,1,0.0,0.0,9.09
e7f3bf1ecd8526eb7f3b18059e6716e5,ubatuba,SP,musical_instruments,1,0.0,0.0,1.83
e7f3bf1ecd8526eb7f3b18059e6716e5,ubatuba,SP,toys,10,0.0,0.0,1.49
e819bcfade7b5d88a27325eb6cfd62c5,guarulhos,SP,arts_and_craftmanship,1,0.0,0.0,9.09
e819bcfade7b5d88a27325eb6cfd62c5,guarulhos,SP,furniture_decor,3,33.33,0.0,1.33
e819bcfade7b5d88a27325eb6cfd62c5,guarulhos,SP,stationery,1,0.0,0.0,1.34
e81e1f9c3e762e620f3fb60a51499e16,curitibanos,SC,health_beauty,4,0.0,0.0,1.2
e81e1f9c3e762e620f3fb60a51499e16,curitibanos,SC,signaling_and_security,1,0.0,0.0,2.92
e81e1f9c3e762e620f3fb60a51499e16,curitibanos,SC,sports_leisure,11,18.18,0.0,1.2
e82de6494d91d3c4c54450f59b227a94,ibitinga,SP,housewares,1,0.0,0.0,1.64
e82de6494d91d3c4c54450f59b227a94,ibitinga,SP,watches_gifts,1,0.0,0.0,2.06
e83c76265fc54bf41eac728805e4da77,aracatuba,SP,auto,8,12.5,0.0,1.48
e83e93b71371817b11d78a63ff156aee,barueri,SP,furniture_decor,2,0.0,0.0,1.33
e84ad2127668df3aafc6b73531a0beb8,sao paulo,SP,baby,3,0.0,0.0,1.71
e84ad2127668df3aafc6b73531a0beb8,sao paulo,SP,cool_stuff,16,12.5,0.0,1.28
e88165a185134e13fdfc85d4fa654db8,ferraz de  vasconcelos,SP,sports_leisure,2,50.0,0.0,1.2
e882b2a25a10b9c057cc49695f222c19,teresopolis,RJ,construction_tools_construction,2,50.0,0.0,1.8
e882b2a25a10b9c057cc49695f222c19,teresopolis,RJ,costruction_tools_garden,2,0.0,0.0,1.09
e882b2a25a10b9c057cc49695f222c19,teresopolis,RJ,garden_tools,2,0.0,0.0,1.15
e882b2a25a10b9c057cc49695f222c19,teresopolis,RJ,health_beauty,1,0.0,0.0,1.2
e882b2a25a10b9c057cc49695f222c19,teresopolis,RJ,home_appliances,12,0.0,0.0,1.08
e882b2a25a10b9c057cc49695f222c19,teresopolis,RJ,home_appliances_2,34,2.94,2.94,4.0
e882b2a25a10b9c057cc49695f222c19,teresopolis,RJ,small_appliances,1,0.0,0.0,1.5
e882b2a25a10b9c057cc49695f222c19,teresopolis,RJ,sports_leisure,3,33.33,0.0,1.2
e883aa812c37a7413226856f4579fe91,itapevi,SP,cool_stuff,3,66.67,0.0,1.28
e883aa812c37a7413226856f4579fe91,itapevi,SP,home_appliances,8,0.0,0.0,1.08
e883aa812c37a7413226856f4579fe91,itapevi,SP,housewares,1,0.0,0.0,1.64
e883aa812c37a7413226856f4579fe91,itapevi,SP,small_appliances,13,0.0,0.0,1.5
e883aa812c37a7413226856f4579fe91,itapevi,SP,toys,1,100.0,0.0,1.49
e88c9b79e592e370d6bd852eeefbf057,pato branco,PR,toys,7,0.0,0.0,1.49
e88f7a2995ba184710d339c5c4bf2e30,votuporanga,SP,pet_shop,2,0.0,0.0,1.67
e89c4adbe7b1d0819dbb636e16461cf1,indaiatuba,SP,sports_leisure,24,16.67,0.0,1.2
e8a85b5f3df47be0984c55fd4064dbb4,brasilia,DF,health_beauty,2,0.0,0.0,1.2
e8a85b5f3df47be0984c55fd4064dbb4,brasilia,DF,housewares,3,0.0,0.0,1.64
e8a85b5f3df47be0984c55fd4064dbb4,brasilia,DF,perfumery,2,50.0,0.0,0.72
e8a85b5f3df47be0984c55fd4064dbb4,brasilia,DF,sports_leisure,1,0.0,0.0,1.2
e8b3a3a38279a82f0e5d006d5e5b7d2c,jussara,PR,computers_accessories,26,11.54,0.0,1.89
e8b3a3a38279a82f0e5d006d5e5b7d2c,jussara,PR,consoles_games,44,22.73,0.0,1.09
e8b3a3a38279a82f0e5d006d5e5b7d2c,jussara,PR,perfumery,1,0.0,0.0,0.72
e8b3a3a38279a82f0e5d006d5e5b7d2c,jussara,PR,stationery,6,0.0,0.0,1.34
e8b3a3a38279a82f0e5d006d5e5b7d2c,jussara,PR,telephony,2,0.0,0.0,1.85
e8b3a3a38279a82f0e5d006d5e5b7d2c,jussara,PR,watches_gifts,1,0.0,0.0,2.06
e8b4225284fbb02d16f200513f1f395d,novo horizonte,SP,baby,30,3.33,3.33,1.71
e8dba4d70f7f2b20e775d09cae01142d,santa barbara d oeste,SP,luggage_accessories,2,0.0,0.0,0.9
e8dba4d70f7f2b20e775d09cae01142d,santa barbara d oeste,SP,sports_leisure,6,16.67,0.0,1.2
e8f6dc8e6a1dcde89d20e3995c8d90b3,sao paulo,SP,air_conditioning,1,0.0,0.0,1.66
e8f6dc8e6a1dcde89d20e3995c8d90b3,sao paulo,SP,auto,1,0.0,0.0,1.48
e8f6dc8e6a1dcde89d20e3995c8d90b3,sao paulo,SP,computers_accessories,3,33.33,0.0,1.89
e8f6dc8e6a1dcde89d20e3995c8d90b3,sao paulo,SP,cool_stuff,1,0.0,0.0,1.28
e8f6dc8e6a1dcde89d20e3995c8d90b3,sao paulo,SP,diapers_and_hygiene,1,0.0,0.0,0.0
e8f6dc8e6a1dcde89d20e3995c8d90b3,sao paulo,SP,furniture_decor,17,23.53,11.76,1.33
e8f6dc8e6a1dcde89d20e3995c8d90b3,sao paulo,SP,perfumery,1,0.0,0.0,0.72
e8f6dc8e6a1dcde89d20e3995c8d90b3,sao paulo,SP,sports_leisure,3,0.0,0.0,1.2
e8f6dc8e6a1dcde89d20e3995c8d90b3,sao paulo,SP,telephony,6,0.0,0.0,1.85
e8ff5a6ceb895583033fc2a0f314e3c2,blumenau,SC,diapers_and_hygiene,1,0.0,0.0,0.0
e908c0f3646e8b60375734a350d95d71,sao paulo,SP,computers_accessories,1,0.0,0.0,1.89
e94b64dc6979b302a5a5be1662c83bb6,itapecerica da serra,SP,construction_tools_lights,2,0.0,0.0,0.88
e9511df20ccd82658a30c37b7fb343af,bauru,SP,construction_tools_construction,16,6.25,0.0,1.8
e9511df20ccd82658a30c37b7fb343af,bauru,SP,garden_tools,6,16.67,0.0,1.15
e96498ed8daaa3e9c23f7a62da76591c,sao paulo,SP,auto,34,20.59,0.0,1.48
e9729944ba65dc3ce425e0c5a22ae7b2,petropolis,RJ,garden_tools,3,0.0,0.0,1.15
e9779976487b77c6d4ac45f75ec7afe9,praia grande,SP,drinks,165,6.67,0.61,0.35
e9779976487b77c6d4ac45f75ec7afe9,praia grande,SP,food,23,26.09,4.35,0.7
e9779976487b77c6d4ac45f75ec7afe9,praia grande,SP,food_drink,20,0.0,0.0,0.0
e9779976487b77c6d4ac45f75ec7afe9,praia grande,SP,health_beauty,148,11.49,0.68,1.2
e9779976487b77c6d4ac45f75ec7afe9,praia grande,SP,housewares,3,33.33,0.0,1.64
e9779976487b77c6d4ac45f75ec7afe9,praia grande,SP,perfumery,10,10.0,0.0,0.72
e9779976487b77c6d4ac45f75ec7afe9,praia grande,SP,pet_shop,1,0.0,0.0,1.67
e9779976487b77c6d4ac45f75ec7afe9,praia grande,SP,sports_leisure,268,11.19,1.12,1.2
e9874ae10b2d60d43917b6bbfa13a599,rolandia,PR,bed_bath_table,1,0.0,0.0,1.51
e99e927c81e3f51739c94fcdfca9f10f,uberlandia,MG,garden_tools,12,8.33,0.0,1.15
e99e927c81e3f51739c94fcdfca9f10f,uberlandia,MG,health_beauty,6,33.33,0.0,1.2
e99e927c81e3f51739c94fcdfca9f10f,uberlandia,MG,housewares,1,0.0,0.0,1.64
e9b6c33b71b67737693b4cfa68341c8d,sao paulo,SP,housewares,1,0.0,0.0,1.64
e9bc59e7b60fc3063eb2290deda4cced,maringa,PR,computers_accessories,159,12.58,2.52,1.89
e9bc59e7b60fc3063eb2290deda4cced,maringa,PR,cool_stuff,44,20.45,0.0,1.28
e9c2dc0dd4ac38448289be644ac94f42,joinville,SC,furniture_decor,1,0.0,0.0,1.33
e9c2dc0dd4ac38448289be644ac94f42,joinville,SC,toys,2,0.0,0.0,1.49
e9c6969d40e6a3d2d0f90013165c2b98,sao paulo,SP,pet_shop,10,10.0,10.0,1.67
e9d99831abad74458942f21e16f33f92,sao paulo,SP,computers_accessories,75,14.67,4.0,1.89
e9d99831abad74458942f21e16f33f92,sao paulo,SP,electronics,49,14.29,0.0,1.53
e9d99831abad74458942f21e16f33f92,sao paulo,SP,tablets_printing_image,3,66.67,0.0,1.33
e9d99831abad74458942f21e16f33f92,sao paulo,SP,telephony,1,0.0,0.0,1.85
e9e446d01bd10a97a8ffcfc4a3a20cb2,sao paulo,SP,perfumery,3,0.0,0.0,0.72
ea00f977a203ff88adf7057cb7806998,santos,SP,auto,18,5.56,5.56,1.48
ea1776927851da2532aa70d6a32c095a,sao paulo,SP,housewares,1,0.0,0.0,1.64
ea1776927851da2532aa70d6a32c095a,sao paulo,SP,portateis_cozinha_e_preparadores_de_alimentos,1,100.0,0.0,7.69
ea3ebea5317b0efbc663ecc8ce5e9bc2,florianopolis,SC,auto,3,0.0,0.0,1.48
ea4e9ce63a2134743b4a92777437fcdd,palhoca,SC,air_conditioning,3,0.0,0.0,1.66
ea566164622c6b439516ab18062c42cd,sao  paulo,SP,baby,1,0.0,0.0,1.71
ea566164622c6b439516ab18062c42cd,sao  paulo,SP,computers_accessories,11,9.09,0.0,1.89
ea566164622c6b439516ab18062c42cd,sao  paulo,SP,consoles_games,1,0.0,0.0,1.09
ea566164622c6b439516ab18062c42cd,sao  paulo,SP,cool_stuff,7,14.29,14.29,1.28
ea566164622c6b439516ab18062c42cd,sao  paulo,SP,electronics,2,50.0,0.0,1.53
ea566164622c6b439516ab18062c42cd,sao  paulo,SP,health_beauty,11,18.18,0.0,1.2
ea566164622c6b439516ab18062c42cd,sao  paulo,SP,perfumery,5,40.0,0.0,0.72
ea566164622c6b439516ab18062c42cd,sao  paulo,SP,sports_leisure,3,66.67,0.0,1.2
ea566164622c6b439516ab18062c42cd,sao  paulo,SP,telephony,9,33.33,11.11,1.85
ea65d8b58316a6f2362f2a9e4b3e86ad,campinas,SP,computers_accessories,3,33.33,0.0,1.89
ea65d8b58316a6f2362f2a9e4b3e86ad,campinas,SP,consoles_games,1,0.0,0.0,1.09
ea65d8b58316a6f2362f2a9e4b3e86ad,campinas,SP,construction_tools_construction,2,50.0,0.0,1.8
ea65d8b58316a6f2362f2a9e4b3e86ad,campinas,SP,garden_tools,1,0.0,0.0,1.15
ea65d8b58316a6f2362f2a9e4b3e86ad,campinas,SP,housewares,1,0.0,0.0,1.64
ea65d8b58316a6f2362f2a9e4b3e86ad,campinas,SP,sports_leisure,1,0.0,0.0,1.2
ea67327e24487bdfac5fbfa37ea124df,ibitinga,SP,bed_bath_table,30,20.0,6.67,1.51
ea6b12bf9ffe2bac34602ec631d97a47,guarulhos,SP,consoles_games,1,0.0,0.0,1.09
ea6b12bf9ffe2bac34602ec631d97a47,guarulhos,SP,housewares,1,0.0,0.0,1.64
ea6b12bf9ffe2bac34602ec631d97a47,guarulhos,SP,toys,1,0.0,0.0,1.49
ea846a0e7ad98a741783e886d89dfa44,aracatuba,SP,perfumery,2,0.0,0.0,0.72
ea8482cd71df3c1969d7b9473ff13abc,sao paulo,SP,auto,24,16.67,4.17,1.48
ea8482cd71df3c1969d7b9473ff13abc,sao paulo,SP,telephony,1092,14.01,1.19,1.85
eaaa46e98c9e61f6764dd1d7a2ab8b3e,messias targino,RN,small_appliances,1,0.0,0.0,1.5
ead2bab70821ea148476ae9bc08548ac,belo horizonte,MG,fashion_bags_accessories,7,14.29,0.0,1.11
eaf6d55068dea77334e8477d3878d89e,sao paulo,SP,auto,3,0.0,0.0,1.48
eb1bf309f4f6af9a97e9ddac3fdbeabe,diadema,SP,sports_leisure,1,0.0,0.0,1.2
eb3071b9f0b0ddaa2df5ea130f09f26b,sao paulo,SP,baby,3,0.0,0.0,1.71
eb3071b9f0b0ddaa2df5ea130f09f26b,sao paulo,SP,furniture_bedroom,6,0.0,0.0,1.12
eb4a59a06b3948e851a7d7a830bcbc42,salvador,BA,health_beauty,1,0.0,0.0,1.2
eb4df17aed01d918c65f0f8d650900c0,paulinia,SP,auto,10,10.0,0.0,1.48
eb5b6204dde3a6e03b5f1bb8479f055b,embu guacu,SP,air_conditioning,2,0.0,0.0,1.66
eb5b6204dde3a6e03b5f1bb8479f055b,embu guacu,SP,computers_accessories,2,0.0,0.0,1.89
eb5b6204dde3a6e03b5f1bb8479f055b,embu guacu,SP,furniture_decor,2,0.0,0.0,1.33
eb5b6204dde3a6e03b5f1bb8479f055b,embu guacu,SP,housewares,11,18.18,9.09,1.64
eb5b6204dde3a6e03b5f1bb8479f055b,embu guacu,SP,small_appliances,2,0.0,0.0,1.5
eb72802c83dc7547529c9546d1a9b8ef,rio claro,SP,cool_stuff,1,0.0,0.0,1.28
eb72802c83dc7547529c9546d1a9b8ef,rio claro,SP,garden_tools,2,0.0,0.0,1.15
eb72802c83dc7547529c9546d1a9b8ef,rio claro,SP,health_beauty,2,50.0,50.0,1.2
eb72802c83dc7547529c9546d1a9b8ef,rio claro,SP,housewares,1,0.0,0.0,1.64
eb72802c83dc7547529c9546d1a9b8ef,rio claro,SP,small_appliances,1,0.0,0.0,1.5
eb72802c83dc7547529c9546d1a9b8ef,rio claro,SP,toys,1,0.0,0.0,1.49
eb9267cccc90f1b49c8d2f9887c7dd97,recife,PE,sports_leisure,1,0.0,0.0,1.2
eb9cd5b35d95206585e2185318cb5c61,sao paulo,SP,furniture_decor,2,50.0,50.0,1.33
eba88037e1dca898cd02881f67ced679,sao paulo,SP,stationery,6,16.67,0.0,1.34
ebd1417732defaf66c50b5a800eb293e,londrina,PR,cool_stuff,1,0.0,0.0,1.28
ebd2d60905fb58271facef5596b620d3,lencois paulista,SP,health_beauty,81,9.88,2.47,1.2
ebe3dabc4955c9b0d695e7bda38bf5c3,ribeirao preto,SP,computers_accessories,1,0.0,0.0,1.89
ebef8d8c92b4fd3226e5d407bbff21ac,ribeirao preto,SP,health_beauty,1,0.0,0.0,1.2
ebef8d8c92b4fd3226e5d407bbff21ac,ribeirao preto,SP,sports_leisure,2,50.0,0.0,1.2
ec21206b7894c503788a684a7bc822a6,armacao dos buzios,RJ,housewares,1,0.0,0.0,1.64
ec2e006556300a79a5a91e4876ab3a56,sao paulo,SP,construction_tools_construction,2,100.0,0.0,1.8
ec4608a1f76453166bb312b2968aeaf4,porto ferreira,SP,furniture_decor,17,29.41,0.0,1.33
ec5c1d94df153d473b37f880977ae58e,rio de janeiro,SP,health_beauty,1,0.0,0.0,1.2
ec5c1d94df153d473b37f880977ae58e,rio de janeiro,SP,perfumery,1,100.0,0.0,0.72
ec80e49e69745ab6c14f984bf2149423,limeira,SP,housewares,11,9.09,18.18,1.64
ec8463980a4e0ea9f8517aea1ed0c419,florianopolis,SC,construction_tools_lights,2,0.0,0.0,0.88
ec8879960bd2221d5c32f8e12f7da711,itatiba,SP,computers_accessories,34,11.76,0.0,1.89
ec933281fb017b5020d06df29c3f77e8,sao paulo,SP,baby,8,0.0,0.0,1.71
ecccfa2bb93b34a3bf033cc5d1dcdc69,curitiba,PR,health_beauty,12,41.67,0.0,1.2
ececbfcff9804a2d6b40f589df8eef2b,franca,SP,health_beauty,64,15.62,0.0,1.2
ececbfcff9804a2d6b40f589df8eef2b,franca,SP,toys,1,0.0,0.0,1.49
ececbfcff9804a2d6b40f589df8eef2b,franca,SP,watches_gifts,31,6.45,0.0,2.06
ed4311e67debd72b8610a5347a743087,guarulhos,SP,housewares,24,4.17,0.0,1.64
ed46f1eb4a638113deb2a1137b5f22e9,indaial,SC,health_beauty,4,25.0,25.0,1.2
ed49da7cadefc454d6a67de249eab240,sao paulo,SP,sports_leisure,1,0.0,0.0,1.2
ed4acab38528488b65a9a9c603ff024a,sao paulo,SP,computers_accessories,25,20.0,8.0,1.89
ed4acab38528488b65a9a9c603ff024a,sao paulo,SP,consoles_games,3,33.33,0.0,1.09
ed4acab38528488b65a9a9c603ff024a,sao paulo,SP,cool_stuff,1,0.0,0.0,1.28
ed4acab38528488b65a9a9c603ff024a,sao paulo,SP,telephony,2,0.0,0.0,1.85
ed859002ad59dbf8cf3602696a6c3000,londrina,PR,air_conditioning,4,0.0,0.0,1.66
ed859002ad59dbf8cf3602696a6c3000,londrina,PR,auto,1,100.0,0.0,1.48
ed859002ad59dbf8cf3602696a6c3000,londrina,PR,housewares,1,0.0,0.0,1.64
ed8cb7b190ceb6067227478e48cf8dde,santos,SP,electronics,4,25.0,0.0,1.53
ed8cb7b190ceb6067227478e48cf8dde,santos,SP,home_appliances,1,0.0,0.0,1.08
ed8cb7b190ceb6067227478e48cf8dde,santos,SP,housewares,3,33.33,0.0,1.64
ed8cb7b190ceb6067227478e48cf8dde,santos,SP,portateis_cozinha_e_preparadores_de_alimentos,6,33.33,0.0,7.69
ed9eef5be0992d413d251fadba1a410d,mogi guacu,SP,furniture_decor,3,0.0,0.0,1.33
edb1ef5e36e0c8cd84eb3c9b003e486d,teresopolis,RJ,health_beauty,165,7.27,0.0,1.2
edb58a1390adf273840030a3d6253829,piracicaba,SP,home_appliances,1,0.0,0.0,1.08
edb65fe661681b1c0de8bd47c8655855,sao paulo,SP,small_appliances,1,0.0,0.0,1.5
edc518ba25576a0188a0e8f2c3af186f,guarulhos,SP,agro_industry_and_commerce,1,0.0,0.0,3.39
edc518ba25576a0188a0e8f2c3af186f,guarulhos,SP,housewares,3,33.33,0.0,1.64
edc518ba25576a0188a0e8f2c3af186f,guarulhos,SP,pet_shop,1,100.0,0.0,1.67
edc518ba25576a0188a0e8f2c3af186f,guarulhos,SP,stationery,1,0.0,0.0,1.34
edd066cd02126d7800f9b66e980e9931,brasilia,DF,housewares,6,0.0,0.0,1.64
ede0c03645598cdfc63ca8237acbe73d,ribeirao preto,SP,audio,1,100.0,0.0,3.23
ede0c03645598cdfc63ca8237acbe73d,ribeirao preto,SP,auto,5,20.0,0.0,1.48
ede0c03645598cdfc63ca8237acbe73d,ribeirao preto,SP,computers_accessories,36,27.78,2.78,1.89
ede2977fbaf3738583170735ca403f6c,curitiba,PR,health_beauty,1,0.0,0.0,1.2
edf3fabebcc20f7463cc9c53da932ea8,sao paulo,SP,furniture_decor,1,0.0,0.0,1.33
edf96ef93ed595084bbcbd9224bd2894,sao paulo,SP,electronics,24,12.5,0.0,1.53
edf96ef93ed595084bbcbd9224bd2894,sao paulo,SP,sports_leisure,1,0.0,0.0,1.2
ee27a8f15b1dded4d213a468ba4eb391,goiania,GO,art,1,0.0,0.0,1.59
ee2fbacc2fc3794e656cc4d933d59ce7,sao paulo,SP,sports_leisure,2,0.0,0.0,1.2
eeb6de78f79159600292e314a77cbd18,lages,SC,costruction_tools_tools,7,0.0,0.0,5.32
eeb6de78f79159600292e314a77cbd18,lages,SC,garden_tools,66,7.58,1.52,1.15
eeb6de78f79159600292e314a77cbd18,lages,SC,industry_commerce_and_business,9,0.0,0.0,1.33
eebb3372362aa9a46975164bed19a7e7,sao paulo,SP,telephony,4,25.0,0.0,1.85
eec3469d83e142f9a104886655338c37,bauru,SP,bed_bath_table,1,0.0,0.0,1.51
eec3469d83e142f9a104886655338c37,bauru,SP,furniture_decor,3,0.0,0.0,1.33
eed78ac17f7f795a19a709745f00cd4e,botucatu,SP,furniture_decor,21,23.81,4.76,1.33
ef0ace09169ac090589d85746e3e036f,sao goncalo,RJ,health_beauty,20,5.0,0.0,1.2
ef0ace09169ac090589d85746e3e036f,sao goncalo,RJ,perfumery,108,8.33,0.0,0.72
ef2fbc2b607d8492bcffe657a4645434,rio de janeiro,RJ,auto,11,27.27,0.0,1.48
ef2fbc2b607d8492bcffe657a4645434,rio de janeiro,RJ,baby,1,0.0,0.0,1.71
ef2fbc2b607d8492bcffe657a4645434,rio de janeiro,RJ,costruction_tools_garden,2,0.0,0.0,1.09
ef2fbc2b607d8492bcffe657a4645434,rio de janeiro,RJ,health_beauty,2,0.0,0.0,1.2
ef2fbc2b607d8492bcffe657a4645434,rio de janeiro,RJ,housewares,1,0.0,0.0,1.64
ef30892870c278497523264be1be2241,araraquara,SP,stationery,9,11.11,0.0,1.34
ef506c96320abeedfb894c34db06f478,sao paulo,SP,agro_industry_and_commerce,12,8.33,8.33,3.39
ef506c96320abeedfb894c34db06f478,sao paulo,SP,fixed_telephony,10,10.0,0.0,2.39
ef506c96320abeedfb894c34db06f478,sao paulo,SP,market_place,1,0.0,0.0,1.5
ef506c96320abeedfb894c34db06f478,sao paulo,SP,telephony,286,16.43,0.7,1.85
ef728fa1f17436c91ed1ccd03dcf9631,jau,SP,arts_and_craftmanship,3,0.0,0.0,9.09
ef990a83bbea832f36ebe81376335aa8,joinville,SC,construction_tools_construction,4,0.0,0.0,1.8
ef990a83bbea832f36ebe81376335aa8,joinville,SC,sports_leisure,38,26.32,5.26,1.2
ef9952469137ff190bacafe117f51537,uberaba,MG,furniture_decor,5,0.0,0.0,1.33
efb628aa07c8ca93d7db0d85b91a4f5a,nova iguacu,RJ,furniture_bedroom,1,0.0,0.0,1.12
efcd8d2104f1a05d028af7bad20d974b,aracatuba,SP,fashion_bags_accessories,43,6.98,0.0,1.11
efff9341f3f8f5237b44ff67ed36a7bf,vitoria,ES,costruction_tools_tools,1,0.0,0.0,5.32
efff9341f3f8f5237b44ff67ed36a7bf,vitoria,ES,garden_tools,3,0.0,0.0,1.15
efff9341f3f8f5237b44ff67ed36a7bf,vitoria,ES,signaling_and_security,1,0.0,0.0,2.92
f00e21b1e91a79653163b7fd8f293ff1,andradas,SP,cool_stuff,2,0.0,0.0,1.28
f00e21b1e91a79653163b7fd8f293ff1,andradas,SP,fashion_shoes,1,0.0,0.0,0.87
f00e21b1e91a79653163b7fd8f293ff1,andradas,SP,sports_leisure,1,0.0,0.0,1.2
f00e21b1e91a79653163b7fd8f293ff1,andradas,SP,stationery,1,0.0,0.0,1.34
f00e21b1e91a79653163b7fd8f293ff1,andradas,SP,toys,25,16.0,4.0,1.49
f00f5b35d0abcacbdd863672f4bb2c1a,sao paulo,SP,furniture_decor,1,0.0,0.0,1.33
f021c962aaba8ef6eb527a9c2c8394d1,itajai,SC,musical_instruments,5,20.0,0.0,1.83
f049a72cf58fd31b11f8919cade515e7,sao paulo,SP,bed_bath_table,1,0.0,0.0,1.51
f049a72cf58fd31b11f8919cade515e7,sao paulo,SP,health_beauty,1,0.0,0.0,1.2
f0837c8d71434931d9e38e7b79234797,arvorezinha,RS,housewares,22,0.0,0.0,1.64
f08a5b9dd6767129688d001acafc21e5,porto alegre,RS,agro_industry_and_commerce,4,25.0,0.0,3.39
f08a5b9dd6767129688d001acafc21e5,porto alegre,RS,computers_accessories,6,0.0,0.0,1.89
f08a5b9dd6767129688d001acafc21e5,porto alegre,RS,industry_commerce_and_business,1,0.0,0.0,1.33
f08c008c8a8d31417763738a1788a2a8,santa terezinha de itaipu,PR,sports_leisure,17,23.53,0.0,1.2
f09b760d23495ac9a7e00d29b769007c,catanduva,SP,sports_leisure,1,0.0,0.0,1.2
f0b47fbbc6dee9aafe415a6e33051b3f,maua,SP,books_general_interest,43,6.98,0.0,0.41
f0b47fbbc6dee9aafe415a6e33051b3f,maua,SP,housewares,19,21.05,5.26,1.64
f0b47fbbc6dee9aafe415a6e33051b3f,maua,SP,small_appliances,1,0.0,0.0,1.5
f0b47fbbc6dee9aafe415a6e33051b3f,maua,SP,stationery,1,0.0,0.0,1.34
f0e103c63864d5405b958d984b6e94c9,osasco,SP,health_beauty,4,0.0,0.0,1.2
f0e103c63864d5405b958d984b6e94c9,osasco,SP,sports_leisure,1,0.0,0.0,1.2
f0ec78809fe0bc3edb11c9fe5b97b059,sao paulo,SP,housewares,2,0.0,0.0,1.64
f114dca2828bf718548db175ebe2cfcd,cambe,PR,sports_leisure,1,100.0,100.0,1.2
f1198c871e0171278b63f40d112caeec,sao paulo,SP,kitchen_dining_laundry_garden_furniture,2,0.0,0.0,1.69
f125f3a310c2e5f822d116147de1e474,sao paulo,SP,construction_tools_construction,13,0.0,0.0,1.8
f125f3a310c2e5f822d116147de1e474,sao paulo,SP,home_construction,3,33.33,0.0,1.08
f12d3c2a14729ae461b920c11fe20fdc,santo andre,SP,furniture_decor,5,0.0,0.0,1.33
f12d3c2a14729ae461b920c11fe20fdc,santo andre,SP,stationery,4,0.0,0.0,1.34
f12ff17ad8bbf01ec5c33b17e506649b,sao paulo,SP,auto,28,14.29,0.0,1.48
f181738b150df1f37cb0bd72e705b193,carapicuiba,SP,cool_stuff,15,6.67,0.0,1.28
f181738b150df1f37cb0bd72e705b193,carapicuiba,SP,furniture_bedroom,9,0.0,0.0,1.12
f181738b150df1f37cb0bd72e705b193,carapicuiba,SP,housewares,12,8.33,0.0,1.64
f19516b9ff26bfeb091b30108db4ddbd,artur nogueira,SP,costruction_tools_garden,2,0.0,0.0,1.09
f1b854361f4e15d5851b494df66f22b2,rio de janeiro,RJ,pet_shop,2,50.0,0.0,1.67
f1b854361f4e15d5851b494df66f22b2,rio de janeiro,RJ,toys,1,0.0,0.0,1.49
f1b93673502375d491780bb49d615dbc,sao jose dos campos,SP,construction_tools_construction,4,25.0,0.0,1.8
f1b93673502375d491780bb49d615dbc,sao jose dos campos,SP,furniture_living_room,2,50.0,50.0,1.24
f1b93673502375d491780bb49d615dbc,sao jose dos campos,SP,housewares,2,50.0,0.0,1.64
f1c1ac3f3efc07e659c035008e615e66,sao paulo,SP,auto,3,33.33,33.33,1.48
f1ce5fdecd64935c28b9ff932751d0dc,santana de parnaiba,SP,furniture_decor,2,0.0,0.0,1.33
f1ed6bd0a9b11b581f16c851c6a5a527,porto alegre,RS,furniture_decor,8,0.0,0.0,1.33
f1ed6bd0a9b11b581f16c851c6a5a527,porto alegre,RS,perfumery,2,0.0,0.0,0.72
f1ed6bd0a9b11b581f16c851c6a5a527,porto alegre,RS,stationery,7,14.29,0.0,1.34
f1fd5ab1181f827ffad998c1a5de7d74,curitiba,PR,luggage_accessories,14,0.0,0.0,0.9
f1fd5ab1181f827ffad998c1a5de7d74,curitiba,PR,stationery,1,0.0,0.0,1.34
f1fdf2d13186575751aa25876536d85c,sao paulo,SP,sports_leisure,1,0.0,0.0,1.2
f205b1a3ca9a34e0f8a228bae6e4c7b3,cachoeirinha,RS,furniture_decor,8,0.0,0.0,1.33
f214d28e8d8e3ef068748498ccc2f813,sao paulo,SP,fashion_bags_accessories,33,6.06,0.0,1.11
f214d28e8d8e3ef068748498ccc2f813,sao paulo,SP,fashion_male_clothing,2,0.0,50.0,3.81
f214d28e8d8e3ef068748498ccc2f813,sao paulo,SP,housewares,1,0.0,0.0,1.64
f214d28e8d8e3ef068748498ccc2f813,sao paulo,SP,toys,14,21.43,7.14,1.49
f22a247b79dd22ecd91dc8e3b2a1b07c,itaquaquecetuba,SP,health_beauty,8,12.5,0.0,1.2
f2336e113377dd21c744d9c4fc8293a9,sao paulo,SP,furniture_decor,1,0.0,0.0,1.33
f2336e113377dd21c744d9c4fc8293a9,sao paulo,SP,garden_tools,3,0.0,0.0,1.15
f235413f677777a0738ff215d0184901,bariri,SP,auto,2,0.0,0.0,1.48
f25e239052084705e17a982bc600ab2a,sao paulo,SP,computers_accessories,1,100.0,100.0,1.89
f25e239052084705e17a982bc600ab2a,sao paulo,SP,fixed_telephony,2,0.0,0.0,2.39
f25e239052084705e17a982bc600ab2a,sao paulo,SP,luggage_accessories,1,0.0,0.0,0.9
f25e239052084705e17a982bc600ab2a,sao paulo,SP,pet_shop,3,0.0,0.0,1.67
f262cbc1c910c83959f849465454ddd3,sao paulo,SP,computers_accessories,97,8.25,2.06,1.89
f262cbc1c910c83959f849465454ddd3,sao paulo,SP,consoles_games,4,0.0,0.0,1.09
f262cbc1c910c83959f849465454ddd3,sao paulo,SP,construction_tools_construction,13,23.08,7.69,1.8
f262cbc1c910c83959f849465454ddd3,sao paulo,SP,construction_tools_safety,1,0.0,0.0,2.61
f262cbc1c910c83959f849465454ddd3,sao paulo,SP,cool_stuff,1,0.0,0.0,1.28
f262cbc1c910c83959f849465454ddd3,sao paulo,SP,electronics,21,19.05,4.76,1.53
f262cbc1c910c83959f849465454ddd3,sao paulo,SP,luggage_accessories,33,21.21,0.0,0.9
f262cbc1c910c83959f849465454ddd3,sao paulo,SP,stationery,6,50.0,0.0,1.34
f262cbc1c910c83959f849465454ddd3,sao paulo,SP,telephony,11,9.09,0.0,1.85
f266295f49a28eee21f413e0cbb0521d,ponta grossa,PR,construction_tools_construction,1,0.0,0.0,1.8
f266295f49a28eee21f413e0cbb0521d,ponta grossa,PR,garden_tools,1,0.0,0.0,1.15
f26d70155c2b6326fcfa1780c8c684e4,presidente getulio,SC,garden_tools,1,0.0,0.0,1.15
f27e33c6d29b5138fa9967bcd445b6d5,sao paulo,SP,auto,12,0.0,0.0,1.48
f27e33c6d29b5138fa9967bcd445b6d5,sao paulo,SP,baby,1,0.0,0.0,1.71
f27e33c6d29b5138fa9967bcd445b6d5,sao paulo,SP,computers_accessories,4,25.0,0.0,1.89
f27e33c6d29b5138fa9967bcd445b6d5,sao paulo,SP,consoles_games,3,0.0,0.0,1.09
f27e33c6d29b5138fa9967bcd445b6d5,sao paulo,SP,cool_stuff,15,20.0,6.67,1.28
f27e33c6d29b5138fa9967bcd445b6d5,sao paulo,SP,electronics,18,16.67,11.11,1.53
f27e33c6d29b5138fa9967bcd445b6d5,sao paulo,SP,fixed_telephony,2,0.0,0.0,2.39
f27e33c6d29b5138fa9967bcd445b6d5,sao paulo,SP,furniture_decor,3,33.33,0.0,1.33
f27e33c6d29b5138fa9967bcd445b6d5,sao paulo,SP,health_beauty,3,0.0,0.0,1.2
f27e33c6d29b5138fa9967bcd445b6d5,sao paulo,SP,pet_shop,22,27.27,4.55,1.67
f27e33c6d29b5138fa9967bcd445b6d5,sao paulo,SP,telephony,10,10.0,10.0,1.85
f3041c2e75ec683697a6a5ea82192210,itauna,MG,furniture_decor,1,0.0,0.0,1.33
f307937c1bb287c3efc2a514b94b0d1d,araxa,MG,auto,1,0.0,0.0,1.48
f326006815956455b2859abd58fe7e39,fernandopolis,SP,construction_tools_construction,1,0.0,0.0,1.8
f326006815956455b2859abd58fe7e39,fernandopolis,SP,furniture_decor,4,0.0,0.0,1.33
f326006815956455b2859abd58fe7e39,fernandopolis,SP,sports_leisure,4,0.0,0.0,1.2
f3295428338a40977a03f555246a70f4,vitoria,ES,health_beauty,4,25.0,0.0,1.2
f3511c85f59f8dec53d140501ee8e7a8,curitiba,PR,health_beauty,1,0.0,0.0,1.2
f356c348fbc8df6a882823e21f5ce8b7,canoas,RS,housewares,2,50.0,0.0,1.64
f35b3c613c4f7b2275f4185d0a3c59ec,sao paulo,SP,health_beauty,1,0.0,0.0,1.2
f35b3c613c4f7b2275f4185d0a3c59ec,sao paulo,SP,sports_leisure,8,12.5,0.0,1.2
f35becee938e982bd615edf8ef12bcfb,alvares machado,SP,home_confort,3,33.33,0.0,2.17
f35becee938e982bd615edf8ef12bcfb,alvares machado,SP,perfumery,3,0.0,0.0,0.72
f3862c2188522d89860c38a3ea8b550d,ribeirao preto,SP,perfumery,1,0.0,0.0,0.72
f3975e8a41157005d4bcbb358678cd9b,pinhalzinho,SC,baby,1,0.0,0.0,1.71
f3975e8a41157005d4bcbb358678cd9b,pinhalzinho,SC,toys,1,0.0,0.0,1.49
f3b80352b986ab4d1057a4b724be19d0,brasilia,DF,air_conditioning,4,0.0,0.0,1.66
f3b80352b986ab4d1057a4b724be19d0,brasilia,DF,health_beauty,82,12.2,2.44,1.2
f3c38ab652836d21de61fb8314b69182,sao paulo,SP,agro_industry_and_commerce,1,0.0,0.0,3.39
f3c38ab652836d21de61fb8314b69182,sao paulo,SP,computers_accessories,6,16.67,0.0,1.89
f3c38ab652836d21de61fb8314b69182,sao paulo,SP,construction_tools_construction,2,0.0,0.0,1.8
f3c38ab652836d21de61fb8314b69182,sao paulo,SP,electronics,6,0.0,0.0,1.53
f3da5b2ff499efb8d4a6d371d175d7dd,sao paulo,SP,baby,13,15.38,0.0,1.71
f3da5b2ff499efb8d4a6d371d175d7dd,sao paulo,SP,construction_tools_construction,2,0.0,0.0,1.8
f3da5b2ff499efb8d4a6d371d175d7dd,sao paulo,SP,construction_tools_safety,6,16.67,0.0,2.61
f3da5b2ff499efb8d4a6d371d175d7dd,sao paulo,SP,cool_stuff,4,25.0,0.0,1.28
f3da5b2ff499efb8d4a6d371d175d7dd,sao paulo,SP,furniture_decor,3,0.0,0.0,1.33
f3da5b2ff499efb8d4a6d371d175d7dd,sao paulo,SP,health_beauty,5,0.0,0.0,1.2
f3da5b2ff499efb8d4a6d371d175d7dd,sao paulo,SP,housewares,17,41.18,11.76,1.64
f3da5b2ff499efb8d4a6d371d175d7dd,sao paulo,SP,luggage_accessories,7,0.0,0.0,0.9
f3da5b2ff499efb8d4a6d371d175d7dd,sao paulo,SP,pet_shop,1,0.0,0.0,1.67
f3da5b2ff499efb8d4a6d371d175d7dd,sao paulo,SP,stationery,6,16.67,0.0,1.34
f3da5b2ff499efb8d4a6d371d175d7dd,sao paulo,SP,toys,5,40.0,0.0,1.49
f410c8873029fcc3809b9df6d0b28914,caxias do sul,SP,auto,2,0.0,0.0,1.48
f41ce2e25237f9092cd8e6e7516c7a2f,guarulhos,SP,computers_accessories,5,0.0,0.0,1.89
f41ce2e25237f9092cd8e6e7516c7a2f,guarulhos,SP,consoles_games,13,0.0,0.0,1.09
f41ce2e25237f9092cd8e6e7516c7a2f,guarulhos,SP,cool_stuff,1,0.0,0.0,1.28
f41ce2e25237f9092cd8e6e7516c7a2f,guarulhos,SP,market_place,3,0.0,0.0,1.5
f41ce2e25237f9092cd8e6e7516c7a2f,guarulhos,SP,toys,4,25.0,0.0,1.49
f435898e493ba0356019a0b1cb8b55b1,curitiba,PR,auto,10,10.0,0.0,1.48
f43827dd686be3a4a80e00aa299990fb,sao jose do rio preto,SP,housewares,1,100.0,0.0,1.64
f44b6f775a2b390380e0e30b5c9d3eee,sao paulo,SP,baby,2,0.0,0.0,1.71
f44b6f775a2b390380e0e30b5c9d3eee,sao paulo,SP,cool_stuff,7,0.0,0.0,1.28
f44bdc12aa39f5271f0b95f66cd4c289,braganca paulista,SP,auto,5,40.0,0.0,1.48
f45122a9ab94eb4f3f8953578bc0c560,piracicaba,SP,baby,35,28.57,5.71,1.71
f45122a9ab94eb4f3f8953578bc0c560,piracicaba,SP,fashion_bags_accessories,8,12.5,0.0,1.11
f45122a9ab94eb4f3f8953578bc0c560,piracicaba,SP,housewares,4,0.0,0.0,1.64
f45122a9ab94eb4f3f8953578bc0c560,piracicaba,SP,musical_instruments,3,33.33,0.0,1.83
f45122a9ab94eb4f3f8953578bc0c560,piracicaba,SP,pet_shop,126,14.29,3.17,1.67
f45122a9ab94eb4f3f8953578bc0c560,piracicaba,SP,small_appliances,3,0.0,0.0,1.5
f45122a9ab94eb4f3f8953578bc0c560,piracicaba,SP,toys,1,0.0,0.0,1.49
f457c46070d02cadd8a68551231220dd,maringa,PR,computers_accessories,178,17.42,0.56,1.89
f46490624488d3ff7ce78613913a7711,guarulhos,SP,health_beauty,80,23.75,1.25,1.2
f4a04f7be452aa3bb31760bf00055dd0,santo andre,SP,perfumery,18,0.0,0.0,0.72
f4aba7c0bca51484c30ab7bdc34bcdd1,sao paulo,SP,health_beauty,103,15.53,0.0,1.2
f4aba7c0bca51484c30ab7bdc34bcdd1,sao paulo,SP,sports_leisure,1,0.0,0.0,1.2
f4c4daa86e30c7e5a553a8d518ac03a5,cascavel,PR,fashion_bags_accessories,3,0.0,0.0,1.11
f4c4daa86e30c7e5a553a8d518ac03a5,cascavel,PR,watches_gifts,13,23.08,0.0,2.06
f4ce8ca9fa7157e3b33f536ac9a4487d,penapolis,SP,bed_bath_table,2,0.0,0.0,1.51
f4ce8ca9fa7157e3b33f536ac9a4487d,penapolis,SP,housewares,2,0.0,0.0,1.64
f4db9b37944bcb8873e6b456ee190bbf,itaquaquecetuba,SP,fashion_bags_accessories,18,0.0,0.0,1.11
f4db9b37944bcb8873e6b456ee190bbf,itaquaquecetuba,SP,luggage_accessories,3,0.0,0.0,0.9
f524ad65d7e0f1daab730ef2d2e86196,soledade,RS,garden_tools,1,100.0,0.0,1.15
f52c2422904463fdd7741f99045fecb6,santo andre/sao paulo,SP,health_beauty,2,50.0,0.0,1.2
f52c2422904463fdd7741f99045fecb6,santo andre/sao paulo,SP,housewares,7,0.0,0.0,1.64
f52c2422904463fdd7741f99045fecb6,santo andre/sao paulo,SP,sports_leisure,3,0.0,0.0,1.2
f593898ec748b7a8cb81fc04edafd98a,pedreira,SP,art,1,0.0,0.0,1.59
f593898ec748b7a8cb81fc04edafd98a,pedreira,SP,furniture_decor,6,16.67,0.0,1.33
f593898ec748b7a8cb81fc04edafd98a,pedreira,SP,furniture_living_room,2,0.0,0.0,1.24
f593898ec748b7a8cb81fc04edafd98a,pedreira,SP,toys,7,57.14,0.0,1.49
f5a590cf36251cf1162ea35bef76fe84,sao bernardo do campo,SP,cool_stuff,11,18.18,0.0,1.28
f5a590cf36251cf1162ea35bef76fe84,sao bernardo do campo,SP,market_place,2,0.0,0.0,1.5
f5a590cf36251cf1162ea35bef76fe84,sao bernardo do campo,SP,musical_instruments,97,10.31,1.03,1.83
f5b44895715ddfe3087dc414f30268f3,sorocaba,SP,auto,19,15.79,5.26,1.48
f5b84683a9bf9e1df748cf40f601b39c,sao paulo,SP,baby,1,0.0,0.0,1.71
f5f1f2c5f923f36ad79ea1d07185ddc9,taruma,SP,pet_shop,10,20.0,0.0,1.67
f5f2ab9bdb6b30c14c61be68c5ed37da,porto ferreira,SP,baby,1,0.0,0.0,1.71
f5f2ab9bdb6b30c14c61be68c5ed37da,porto ferreira,SP,sports_leisure,1,0.0,0.0,1.2
f5f2ab9bdb6b30c14c61be68c5ed37da,porto ferreira,SP,toys,16,12.5,12.5,1.49
f5f46307a4d15880ca14fab4ad9dfc9b,rio do sul,SC,cool_stuff,3,0.0,0.0,1.28
f5f46307a4d15880ca14fab4ad9dfc9b,rio do sul,SC,housewares,2,50.0,0.0,1.64
f5f46307a4d15880ca14fab4ad9dfc9b,rio do sul,SC,sports_leisure,4,0.0,0.0,1.2
f5fea3ffed6c2e889bab72705557c63a,rio de janeiro,RJ,furniture_decor,1,0.0,0.0,1.33
f6122bc84774df1b372bdb3bb88ddb9f,barueri,SP,computers_accessories,3,33.33,0.0,1.89
f615fe7efbef0f4f08fd3086bc7a3e60,atibaia,SP,baby,3,0.0,0.0,1.71
f615fe7efbef0f4f08fd3086bc7a3e60,atibaia,SP,food,2,0.0,0.0,0.7
f615fe7efbef0f4f08fd3086bc7a3e60,atibaia,SP,toys,16,18.75,0.0,1.49
f61c63d13f7cd800549d5acdd390ae72,pilar do sul,SP,housewares,17,17.65,0.0,1.64
f61c63d13f7cd800549d5acdd390ae72,pilar do sul,SP,small_appliances,1,0.0,0.0,1.5
f61c63d13f7cd800549d5acdd390ae72,pilar do sul,SP,telephony,2,0.0,0.0,1.85
f61c63d13f7cd800549d5acdd390ae72,pilar do sul,SP,toys,6,0.0,0.0,1.49
f626e15b7314c267e4429010866f70e9,marechal candido rondon,SP,drinks,1,0.0,0.0,0.35
f626e15b7314c267e4429010866f70e9,marechal candido rondon,SP,food_drink,3,0.0,0.0,0.0
f626e15b7314c267e4429010866f70e9,marechal candido rondon,SP,health_beauty,1,100.0,100.0,1.2
f62d7bb4a613ec758a03342d46b580b2,vicosa,MG,home_appliances_2,13,7.69,0.0,4.0
f62d7bb4a613ec758a03342d46b580b2,vicosa,MG,small_appliances_home_oven_and_coffee,19,5.26,0.0,2.78
f63d8f293af3a6454377546bd9dd19ff,votorantim,SP,auto,6,33.33,0.0,1.48
f63d8f293af3a6454377546bd9dd19ff,votorantim,SP,garden_tools,11,0.0,0.0,1.15
f650a9708fa1bab22bdd8d3a818cc415,ararangua,SC,furniture_decor,4,25.0,0.0,1.33
f67efa3f0b6761102a7f8c6b7b571f5d,curitiba,PR,garden_tools,3,0.0,0.0,1.15
f67efa3f0b6761102a7f8c6b7b571f5d,curitiba,PR,pet_shop,16,0.0,0.0,1.67
f67efa3f0b6761102a7f8c6b7b571f5d,curitiba,PR,sports_leisure,10,10.0,0.0,1.2
f67efa3f0b6761102a7f8c6b7b571f5d,curitiba,PR,toys,1,0.0,0.0,1.49
f680f85bee2d253556ac91be391d2c82,carapicuiba,SP,baby,31,3.23,0.0,1.71
f680f85bee2d253556ac91be391d2c82,carapicuiba,SP,garden_tools,14,14.29,0.0,1.15
f682e0f848abafc6f41e0d4e868c66ef,mairipora,SP,auto,2,0.0,0.0,1.48
f7315bb81aea4ddca2d39e249a801c98,guarulhos,SP,luggage_accessories,2,0.0,0.0,0.9
f7496d659ca9fdaf323c0aae84176632,sao paulo,SP,furniture_decor,14,7.14,0.0,1.33
f7496d659ca9fdaf323c0aae84176632,sao paulo,SP,housewares,6,16.67,0.0,1.64
f76a3b1349b6df1ee875d1f3fa4340f0,sao paulo,SP,housewares,23,30.43,0.0,1.64
f7720c4fa8e3aba4546301ab80ea1f1b,curitiba,PR,furniture_decor,29,6.9,0.0,1.33
f7720c4fa8e3aba4546301ab80ea1f1b,curitiba,PR,garden_tools,21,9.52,4.76,1.15
f7720c4fa8e3aba4546301ab80ea1f1b,curitiba,PR,home_construction,9,0.0,0.0,1.08
f783a638e9c6af4a7d0dbfde811e7a81,sao paulo,SP,baby,1,0.0,0.0,1.71
f783a638e9c6af4a7d0dbfde811e7a81,sao paulo,SP,toys,4,25.0,0.0,1.49
f789d2c4f2c2eb38fc4373e7a4b35264,juiz de fora,MG,pet_shop,40,12.5,7.5,1.67
f789d2c4f2c2eb38fc4373e7a4b35264,juiz de fora,MG,sports_leisure,1,0.0,0.0,1.2
f7ba60f8c3f99e7ee4042fdef03b70c4,sao bernardo do campo,SP,health_beauty,190,9.47,0.0,1.2
f7ba60f8c3f99e7ee4042fdef03b70c4,sao bernardo do campo,SP,sports_leisure,26,15.38,0.0,1.2
f7ccf836d21b2fb1de37564105216cc1,ibitinga,SP,bed_bath_table,64,18.75,4.69,1.51
f7ccf836d21b2fb1de37564105216cc1,ibitinga,SP,luggage_accessories,2,50.0,0.0,0.9
f805b96fa705ba7995a221f1749dc141,maringa,PR,musical_instruments,7,0.0,0.0,1.83
f80edd2c5aaa505cc4b0a3b219abf4b8,sao paulo,SP,bed_bath_table,8,37.5,0.0,1.51
f80edd2c5aaa505cc4b0a3b219abf4b8,sao paulo,SP,construction_tools_construction,1,100.0,0.0,1.8
f80edd2c5aaa505cc4b0a3b219abf4b8,sao paulo,SP,costruction_tools_garden,39,12.82,0.0,1.09
f80edd2c5aaa505cc4b0a3b219abf4b8,sao paulo,SP,home_confort,4,25.0,0.0,2.17
f80edd2c5aaa505cc4b0a3b219abf4b8,sao paulo,SP,kitchen_dining_laundry_garden_furniture,54,7.41,1.85,1.69
f80edd2c5aaa505cc4b0a3b219abf4b8,sao paulo,SP,sports_leisure,6,0.0,0.0,1.2
f8201cab383e484733266d1906e2fdfa,palhoca,SC,cool_stuff,10,10.0,0.0,1.28
f84a00e60c73a49e7e851c9bdca3a5bb,rio de janeiro,RJ,furniture_mattress_and_upholstery,9,22.22,0.0,2.7
f84a00e60c73a49e7e851c9bdca3a5bb,rio de janeiro,RJ,health_beauty,78,19.23,3.85,1.2
f84fa566034f5e8e880a07ec624c56af,indaiatuba,SP,auto,3,0.0,0.0,1.48
f84fa566034f5e8e880a07ec624c56af,indaiatuba,SP,health_beauty,79,12.66,0.0,1.2
f84fa566034f5e8e880a07ec624c56af,indaiatuba,SP,perfumery,7,0.0,0.0,0.72
f88adb15807168d3c43d71021090ce4a,porto ferreira,SP,baby,1,0.0,0.0,1.71
f88adb15807168d3c43d71021090ce4a,porto ferreira,SP,party_supplies,2,50.0,0.0,0.0
f8d5c7085db9a4ad2b8c1ffbeb2798c8,sao paulo,SP,fashion_bags_accessories,6,0.0,0.0,1.11
f8db351d8c4c4c22c6835c19a46f01b0,salto,SP,audio,1,0.0,0.0,3.23
f8db351d8c4c4c22c6835c19a46f01b0,salto,SP,auto,9,11.11,0.0,1.48
f8db351d8c4c4c22c6835c19a46f01b0,salto,SP,computers_accessories,34,5.88,2.94,1.89
f8db351d8c4c4c22c6835c19a46f01b0,salto,SP,construction_tools_construction,7,0.0,0.0,1.8
f8db351d8c4c4c22c6835c19a46f01b0,salto,SP,construction_tools_lights,1,0.0,0.0,0.88
f8db351d8c4c4c22c6835c19a46f01b0,salto,SP,cool_stuff,34,8.82,0.0,1.28
f8db351d8c4c4c22c6835c19a46f01b0,salto,SP,garden_tools,40,12.5,5.0,1.15
f8db351d8c4c4c22c6835c19a46f01b0,salto,SP,health_beauty,22,9.09,0.0,1.2
f8db351d8c4c4c22c6835c19a46f01b0,salto,SP,home_appliances,34,5.88,0.0,1.08
f8db351d8c4c4c22c6835c19a46f01b0,salto,SP,housewares,167,8.38,0.6,1.64
f8db351d8c4c4c22c6835c19a46f01b0,salto,SP,kitchen_dining_laundry_garden_furniture,6,0.0,0.0,1.69
f8db351d8c4c4c22c6835c19a46f01b0,salto,SP,office_furniture,17,0.0,0.0,3.4
f8db351d8c4c4c22c6835c19a46f01b0,salto,SP,perfumery,41,9.76,0.0,0.72
f8db351d8c4c4c22c6835c19a46f01b0,salto,SP,pet_shop,76,11.84,3.95,1.67
f8db351d8c4c4c22c6835c19a46f01b0,salto,SP,signaling_and_security,2,0.0,0.0,2.92
f8db351d8c4c4c22c6835c19a46f01b0,salto,SP,sports_leisure,74,8.11,0.0,1.2
f8db351d8c4c4c22c6835c19a46f01b0,salto,SP,stationery,7,14.29,0.0,1.34
f8db351d8c4c4c22c6835c19a46f01b0,salto,SP,toys,50,16.0,0.0,1.49
f8db351d8c4c4c22c6835c19a46f01b0,salto,SP,watches_gifts,25,4.0,0.0,2.06
f8e2c1b59cd4225a3e4fd0d013a76b93,ribeirao preto,SP,furniture_decor,1,0.0,0.0,1.33
f8f35af4634605e6693c17cc3ffff5a8,campanha,MG,housewares,1,0.0,0.0,1.64
f90f77ef2799a27f80d90c425ca944f7,londrina,PR,books_technical,1,0.0,0.0,0.79
f918546be4bec7104d117789ba758b2b,sao paulo,SP,garden_tools,20,20.0,0.0,1.15
f9244d45189d3a3605499abddeade7d5,sao paulo,SP,cool_stuff,2,50.0,50.0,1.28
f9244d45189d3a3605499abddeade7d5,sao paulo,SP,garden_tools,3,0.0,0.0,1.15
f9244d45189d3a3605499abddeade7d5,sao paulo,SP,small_appliances,15,0.0,0.0,1.5
f92d8c817434bd2d84d4e9c61322b7fa,sorocaba,SP,sports_leisure,5,0.0,0.0,1.2
f97e2b0650c2068227e1d366140eb62f,santo antonio de posse,SP,garden_tools,3,33.33,0.0,1.15
f97e2b0650c2068227e1d366140eb62f,santo antonio de posse,SP,pet_shop,12,16.67,0.0,1.67
f9903dd0f812c7e771fcad47b6fff231,blumenau,SC,auto,2,0.0,0.0,1.48
f9903dd0f812c7e771fcad47b6fff231,blumenau,SC,construction_tools_lights,4,25.0,0.0,0.88
f9903dd0f812c7e771fcad47b6fff231,blumenau,SC,housewares,2,50.0,0.0,1.64
f9bbdd976532d50b7816d285a22bd01e,sao paulo,SP,sports_leisure,1,0.0,0.0,1.2
f9d010e39375d9c91dce3f40b73a2f84,lorena,SP,toys,4,25.0,0.0,1.49
f9ec7093df3a7b346b7bcf7864069ca3,sao paulo,SP,baby,2,0.0,0.0,1.71
f9ec7093df3a7b346b7bcf7864069ca3,sao paulo,SP,furniture_decor,1,0.0,0.0,1.33
f9ec7093df3a7b346b7bcf7864069ca3,sao paulo,SP,housewares,3,0.0,0.0,1.64
f9ec7093df3a7b346b7bcf7864069ca3,sao paulo,SP,sports_leisure,1,0.0,0.0,1.2
f9ec7093df3a7b346b7bcf7864069ca3,sao paulo,SP,toys,1,0.0,0.0,1.49
f9eedec3129e8cc6b6429c42d0808c5b,"rio de janeiro, rio de janeiro, brasil",RJ,watches_gifts,2,0.0,0.0,2.06
f9f68daa2af419d38f745478bcb3da1a,sumare,SP,sports_leisure,1,0.0,0.0,1.2
fa14641f57b655e933124a9ea49cd7a5,sao paulo,SP,computers_accessories,3,0.0,0.0,1.89
fa14641f57b655e933124a9ea49cd7a5,sao paulo,SP,cool_stuff,1,0.0,0.0,1.28
fa14641f57b655e933124a9ea49cd7a5,sao paulo,SP,telephony,3,0.0,0.0,1.85
fa1a9dec3a9940c072684a46728bf1fc,icara,SC,pet_shop,52,11.54,0.0,1.67
fa1c13f2614d7b5c4749cbc52fecda94,sumare,SP,auto,1,100.0,0.0,1.48
fa1c13f2614d7b5c4749cbc52fecda94,sumare,SP,electronics,2,50.0,50.0,1.53
fa1c13f2614d7b5c4749cbc52fecda94,sumare,SP,health_beauty,1,0.0,0.0,1.2
fa1c13f2614d7b5c4749cbc52fecda94,sumare,SP,sports_leisure,3,0.0,0.0,1.2
fa1c13f2614d7b5c4749cbc52fecda94,sumare,SP,watches_gifts,560,8.75,1.25,2.06
fa3a0b5aabb344b9a92e3524b0202123,sao jose dos pinhais,SP,musical_instruments,7,14.29,0.0,1.83
fa40cc5b934574b62717c68f3d678b6d,sao paulo,SP,baby,31,6.45,0.0,1.71
fa40cc5b934574b62717c68f3d678b6d,sao paulo,SP,market_place,2,0.0,0.0,1.5
fa40cc5b934574b62717c68f3d678b6d,sao paulo,SP,toys,268,7.09,0.37,1.49
fa5fdc4e4bb6bd1009ad0e4ac4096562,santo andre,SP,auto,1,0.0,0.0,1.48
fa74b2f3287d296e9fbd2cc80f2d1cf1,presidente prudente,SP,perfumery,5,40.0,0.0,0.72
fa8d335d68129e464e60c1826a683e96,tres coroas,RS,auto,1,0.0,0.0,1.48
fac1a9017ade7bdc94058fc1c969f355,sao paulo,SP,computers_accessories,8,0.0,12.5,1.89
fac1a9017ade7bdc94058fc1c969f355,sao paulo,SP,sports_leisure,1,0.0,0.0,1.2
fac35d150712afb921ec59ac5f39bb11,bonfinopolis de minas,MG,construction_tools_construction,3,0.0,0.0,1.8
fac35d150712afb921ec59ac5f39bb11,bonfinopolis de minas,MG,industry_commerce_and_business,2,0.0,0.0,1.33
fad44952713764836814be105382aee5,rio de janeiro,RJ,health_beauty,31,3.23,3.23,1.2
fadb07c842a2aef5d5a676b85f220e71,sao jose do rio preto,SP,housewares,2,0.0,0.0,1.64
fadb07c842a2aef5d5a676b85f220e71,sao jose do rio preto,SP,sports_leisure,5,0.0,0.0,1.2
fb3cfbc8a86f5d7fbb4d36b8df63f60d,rio de janeiro,RJ,bed_bath_table,10,10.0,0.0,1.51
fb503a924a0b9db19d83dd0ac6dbef8c,pelotas,RS,health_beauty,1,0.0,0.0,1.2
fb8904a8ea99f8831b64ce27db2c1765,sao caetano do sul,SP,sports_leisure,1,0.0,0.0,1.2
fb89df7f89fd1b8f03fa2acca1ba7364,foz do iguacu,PR,health_beauty,22,18.18,0.0,1.2
fbc14c0cf93505ef89f64665ffa4a7b5,serrana,SP,computers_accessories,1,0.0,0.0,1.89
fbc14c0cf93505ef89f64665ffa4a7b5,serrana,SP,construction_tools_safety,3,0.0,0.0,2.61
fbc14c0cf93505ef89f64665ffa4a7b5,serrana,SP,electronics,1,0.0,0.0,1.53
fbc14c0cf93505ef89f64665ffa4a7b5,serrana,SP,fixed_telephony,10,20.0,0.0,2.39
fbc14c0cf93505ef89f64665ffa4a7b5,serrana,SP,home_construction,2,0.0,0.0,1.08
fc0b214b59a83615fea981c6424a02ae,maua,SP,baby,1,0.0,0.0,1.71
fc38b5dceee1a730fad8853453437fbd,campinas,SP,bed_bath_table,2,0.0,0.0,1.51
fc38b5dceee1a730fad8853453437fbd,campinas,SP,perfumery,3,0.0,0.0,0.72
fc4751cfe3b279c419615b9b00c1abb4,londrina,PR,housewares,1,0.0,0.0,1.64
fc59392d66ef99377e50356ee4f3b4e1,salvador,BA,computers_accessories,2,50.0,0.0,1.89
fc59392d66ef99377e50356ee4f3b4e1,salvador,BA,electronics,2,50.0,0.0,1.53
fc59392d66ef99377e50356ee4f3b4e1,salvador,BA,fixed_telephony,1,0.0,0.0,2.39
fc5a0d7a310a7a41abf86a458585ff2b,sao paulo,SP,books_general_interest,1,0.0,0.0,0.41
fc6295add6f51a0936407ead70c1001d,sao paulo,SP,furniture_decor,1,100.0,0.0,1.33
fc906263ca5083d09dce42fe02247800,belo horizonte,MG,computers_accessories,61,8.2,1.64,1.89
fc906263ca5083d09dce42fe02247800,belo horizonte,MG,consoles_games,21,9.52,0.0,1.09
fc906263ca5083d09dce42fe02247800,belo horizonte,MG,sports_leisure,1,0.0,0.0,1.2
fc908879b9ca1bd65419e54e50432d38,sao paulo,SP,books_general_interest,4,0.0,0.0,0.41
fcb5ace8bcc92f75707dc0f01a27d269,guarulhos,SP,cine_photo,2,50.0,50.0,1.59
fcb5ace8bcc92f75707dc0f01a27d269,guarulhos,SP,computers_accessories,5,0.0,0.0,1.89
fcb5ace8bcc92f75707dc0f01a27d269,guarulhos,SP,consoles_games,4,0.0,0.0,1.09
fcb5ace8bcc92f75707dc0f01a27d269,guarulhos,SP,construction_tools_construction,5,0.0,0.0,1.8
fcb5ace8bcc92f75707dc0f01a27d269,guarulhos,SP,cool_stuff,14,14.29,7.14,1.28
fcb5ace8bcc92f75707dc0f01a27d269,guarulhos,SP,electronics,1,0.0,0.0,1.53
fcb5ace8bcc92f75707dc0f01a27d269,guarulhos,SP,fixed_telephony,1,0.0,0.0,2.39
fcb5ace8bcc92f75707dc0f01a27d269,guarulhos,SP,health_beauty,4,25.0,0.0,1.2
fcb5ace8bcc92f75707dc0f01a27d269,guarulhos,SP,sports_leisure,8,12.5,0.0,1.2
fcb5ace8bcc92f75707dc0f01a27d269,guarulhos,SP,stationery,12,8.33,0.0,1.34
fcb5ace8bcc92f75707dc0f01a27d269,guarulhos,SP,telephony,1,100.0,0.0,1.85
fcba71d4d5db057f43249145e4eb1e27,limeira,SP,watches_gifts,3,0.0,0.0,2.06
fcdd820084f17e9982427971e4e9d47f,ribeirao preto,SP,air_conditioning,15,20.0,0.0,1.66
fcdd820084f17e9982427971e4e9d47f,ribeirao preto,SP,stationery,1,0.0,0.0,1.34
fce62094ffe6a4009188ec44e681dfdd,sao paulo,SP,furniture_decor,2,50.0,0.0,1.33
fce62094ffe6a4009188ec44e681dfdd,sao paulo,SP,market_place,1,0.0,0.0,1.5
fce62094ffe6a4009188ec44e681dfdd,sao paulo,SP,sports_leisure,1,0.0,0.0,1.2
fcf16b7a8697e559f0123190bb30177d,sao paulo,SP,musical_instruments,3,33.33,0.0,1.83
fd312b6bf05efac6c3772d5b52205d8a,votorantim,SP,health_beauty,2,0.0,0.0,1.2
fd386aa7bed2af3c7035c65506c9b4a3,sao paulo,SP,agro_industry_and_commerce,1,0.0,0.0,3.39
fd386aa7bed2af3c7035c65506c9b4a3,sao paulo,SP,arts_and_craftmanship,1,0.0,0.0,9.09
fd386aa7bed2af3c7035c65506c9b4a3,sao paulo,SP,auto,2,0.0,0.0,1.48
fd386aa7bed2af3c7035c65506c9b4a3,sao paulo,SP,computers_accessories,4,25.0,0.0,1.89
fd386aa7bed2af3c7035c65506c9b4a3,sao paulo,SP,electronics,1,100.0,0.0,1.53
fd386aa7bed2af3c7035c65506c9b4a3,sao paulo,SP,furniture_decor,4,0.0,0.0,1.33
fd386aa7bed2af3c7035c65506c9b4a3,sao paulo,SP,health_beauty,11,0.0,0.0,1.2
fd386aa7bed2af3c7035c65506c9b4a3,sao paulo,SP,home_construction,1,0.0,0.0,1.08
fd386aa7bed2af3c7035c65506c9b4a3,sao paulo,SP,housewares,11,18.18,0.0,1.64
fd386aa7bed2af3c7035c65506c9b4a3,sao paulo,SP,luggage_accessories,1,0.0,0.0,0.9
fd386aa7bed2af3c7035c65506c9b4a3,sao paulo,SP,music,1,0.0,0.0,2.7
fd386aa7bed2af3c7035c65506c9b4a3,sao paulo,SP,sports_leisure,2,0.0,0.0,1.2
fd386aa7bed2af3c7035c65506c9b4a3,sao paulo,SP,stationery,19,21.05,0.0,1.34
fd386aa7bed2af3c7035c65506c9b4a3,sao paulo,SP,toys,7,28.57,0.0,1.49
fd435faa3c0422b60440ea3480d0e77c,joao pessoa,PB,electronics,1,0.0,0.0,1.53
fdaaf5bfda82b7b80535610c831b8d09,sao jose do rio preto,SP,housewares,1,100.0,0.0,1.64
fdaaf5bfda82b7b80535610c831b8d09,sao jose do rio preto,SP,sports_leisure,9,11.11,0.0,1.2
fdb9095204a334cd8872252ffec6f2db,sao paulo,SP,bed_bath_table,46,13.04,0.0,1.51
fde0cc9ea29c8ccfc0a2c22256a58c71,curitiba,PR,cool_stuff,3,0.0,0.0,1.28
fde0cc9ea29c8ccfc0a2c22256a58c71,curitiba,PR,furniture_living_room,5,20.0,0.0,1.24
fde0cc9ea29c8ccfc0a2c22256a58c71,curitiba,PR,toys,27,7.41,0.0,1.49
fdf736c18c589ed030e058312203e1b2,pocos de caldas,MG,computers_accessories,1,0.0,0.0,1.89
fe19dce63ae80346207c6c55713d1023,uberaba,MG,health_beauty,1,0.0,0.0,1.2
fe1b067411b8c5066e962aa146ccee03,presidente prudente,SP,computers_accessories,1,0.0,0.0,1.89
fe1b067411b8c5066e962aa146ccee03,presidente prudente,SP,perfumery,7,0.0,0.0,0.72
fe1bbc5feda5c8979a8a1b3b2512d5a6,arinos,MG,sports_leisure,8,0.0,0.0,1.2
fe2032dab1a61af8794248c8196565c9,campinas,SP,health_beauty,3,0.0,0.0,1.2
fe2032dab1a61af8794248c8196565c9,campinas,SP,perfumery,285,9.47,0.35,0.72
fe26f3ecb51a15e6d8335cd92da42562,sao paulo,SP,auto,6,0.0,0.0,1.48
fe49ee029e61e789a1f3a5525f57ba8d,osasco,SP,consoles_games,2,0.0,0.0,1.09
fe49ee029e61e789a1f3a5525f57ba8d,osasco,SP,cool_stuff,1,0.0,0.0,1.28
fe49ee029e61e789a1f3a5525f57ba8d,osasco,SP,luggage_accessories,2,0.0,0.0,0.9
fe49ee029e61e789a1f3a5525f57ba8d,osasco,SP,stationery,2,0.0,0.0,1.34
fe49ee029e61e789a1f3a5525f57ba8d,osasco,SP,toys,9,22.22,11.11,1.49
fe4cd9461203cee790d36792420b310f,caratinga,MG,telephony,3,0.0,0.0,1.85
fe701d88b67eaca109dffd464d1be9f9,marica,RJ,fashion_bags_accessories,10,10.0,10.0,1.11
fe8055980a4ff7f64ed889c2b5926929,curitiba,PR,auto,1,0.0,0.0,1.48
fe8055980a4ff7f64ed889c2b5926929,curitiba,PR,electronics,2,0.0,0.0,1.53
fe87f472055fbcf1d7e691c00b1560dc,campinas,SP,housewares,6,0.0,0.0,1.64
fe9d9cf8631285d5982c6e2cf27fb114,barbacena/ minas gerais,MG,sports_leisure,1,0.0,0.0,1.2
feb793c88d836c3a75efa4b5a3465d70,sao paulo,SP,garden_tools,1,0.0,0.0,1.15
febab0275244b9a49a623f0bd613ca2f,pedreira,SP,housewares,96,6.25,0.0,1.64
febab0275244b9a49a623f0bd613ca2f,pedreira,SP,kitchen_dining_laundry_garden_furniture,2,50.0,0.0,1.69
febab0275244b9a49a623f0bd613ca2f,pedreira,SP,musical_instruments,4,0.0,0.0,1.83
fec6275253471ace26d209bbaa64cd0f,nova friburgo,RJ,health_beauty,9,11.11,0.0,1.2
fec8cd45395b3cb0c2b173d7739706a1,jambeiro,SP,toys,4,0.0,0.0,1.49
fedaedd3ca31d56ab33e92035e4b361c,niteroi,RJ,baby,1,0.0,0.0,1.71
fedf2c1386e137f296b3bbf3b635e69d,sao paulo,SP,construction_tools_lights,1,0.0,0.0,0.88
fedf2c1386e137f296b3bbf3b635e69d,sao paulo,SP,home_construction,1,100.0,0.0,1.08
ff063b022a9a0aab91bad2c9088760b7,santo andre,SP,furniture_decor,48,12.5,0.0,1.33
ff063b022a9a0aab91bad2c9088760b7,santo andre,SP,garden_tools,43,4.65,0.0,1.15
ff063b022a9a0aab91bad2c9088760b7,santo andre,SP,industry_commerce_and_business,2,0.0,0.0,1.33
ff1e15b778c700abdd4d239b81ac466d,curitiba,PR,musical_instruments,1,0.0,0.0,1.83
ff1e15b778c700abdd4d239b81ac466d,curitiba,PR,sports_leisure,6,0.0,0.0,1.2
ff1fb4c404b2efe68b03350a8dc24122,mogi das cruzes,SP,baby,5,0.0,0.0,1.71
ff1fb4c404b2efe68b03350a8dc24122,mogi das cruzes,SP,cool_stuff,4,25.0,0.0,1.28
ff1fb4c404b2efe68b03350a8dc24122,mogi das cruzes,SP,electronics,1,0.0,0.0,1.53
ff1fb4c404b2efe68b03350a8dc24122,mogi das cruzes,SP,health_beauty,2,0.0,0.0,1.2
ff1fb4c404b2efe68b03350a8dc24122,mogi das cruzes,SP,sports_leisure,1,0.0,0.0,1.2
ff1fb4c404b2efe68b03350a8dc24122,mogi das cruzes,SP,toys,30,16.67,3.33,1.49
ff4e2d38692ce827b1a4f4b8196e680d,sao paulo,SP,books_general_interest,4,0.0,0.0,0.41
ff4e2d38692ce827b1a4f4b8196e680d,sao paulo,SP,books_technical,7,14.29,0.0,0.79
ff4ea69c2a729e83e63c7579e4ef8170,guarulhos,SP,small_appliances,7,0.0,0.0,1.5
ff69aa92bb6b1bf9b8b7a51c2ed9cf8b,sao paulo,SP,baby,19,31.58,5.26,1.71
ff69aa92bb6b1bf9b8b7a51c2ed9cf8b,sao paulo,SP,cool_stuff,1,0.0,0.0,1.28
ff82e8873fba613f2261a9acc896fd84,itabira,MG,baby,3,33.33,0.0,1.71
ff82e8873fba613f2261a9acc896fd84,itabira,MG,cool_stuff,1,0.0,0.0,1.28
ffa6adafb71b807dc13159e26431354c,londrina,PR,auto,3,0.0,0.0,1.48
ffa6adafb71b807dc13159e26431354c,londrina,PR,cine_photo,4,25.0,0.0,1.59
ffa6adafb71b807dc13159e26431354c,londrina,PR,cool_stuff,5,0.0,0.0,1.28
ffa6adafb71b807dc13159e26431354c,londrina,PR,garden_tools,2,0.0,0.0,1.15
ffa6adafb71b807dc13159e26431354c,londrina,PR,sports_leisure,3,33.33,0.0,1.2
ffad1e7127fb622cb64a900751590acd,americana,SP,baby,2,0.0,0.0,1.71
ffad1e7127fb622cb64a900751590acd,americana,SP,furniture_decor,8,0.0,0.0,1.33
ffc470761de7d0232558ba5e786e57b7,guarulhos,SP,auto,1,0.0,0.0,1.48
ffc470761de7d0232558ba5e786e57b7,guarulhos,SP,construction_tools_construction,5,0.0,0.0,1.8
ffc470761de7d0232558ba5e786e57b7,guarulhos,SP,furniture_decor,1,0.0,0.0,1.33
ffc470761de7d0232558ba5e786e57b7,guarulhos,SP,garden_tools,4,0.0,0.0,1.15
ffc470761de7d0232558ba5e786e57b7,guarulhos,SP,housewares,9,11.11,11.11,1.64
ffc470761de7d0232558ba5e786e57b7,guarulhos,SP,signaling_and_security,1,0.0,0.0,2.92
ffc470761de7d0232558ba5e786e57b7,guarulhos,SP,sports_leisure,1,0.0,0.0,1.2
ffc470761de7d0232558ba5e786e57b7,guarulhos,SP,watches_gifts,5,0.0,0.0,2.06
ffdd9f82b9a447f6f8d4b91554cc7dd3,curitiba,PR,furniture_decor,3,0.0,0.0,1.33
ffdd9f82b9a447f6f8d4b91554cc7dd3,curitiba,PR,housewares,15,13.33,0.0,1.64
ffeee66ac5d5a62fe688b9d26f83f534,mirassol,SP,home_appliances,14,14.29,0.0,1.08
fffd5413c0700ac820c7069d66d98c89,amparo,SP,furniture_decor,10,30.0,0.0,1.33
fffd5413c0700ac820c7069d66d98c89,amparo,SP,furniture_living_room,1,100.0,0.0,1.24
fffd5413c0700ac820c7069d66d98c89,amparo,SP,housewares,42,14.29,2.38,1.64
ffff564a4f9085cd26170f4732393726,campinas,SP,auto,5,60.0,60.0,1.48
ffff564a4f9085cd26170f4732393726,campinas,SP,electronics,2,0.0,0.0,1.53
ffff564a4f9085cd26170f4732393726,campinas,SP,market_place,1,0.0,0.0,1.5
